job_id,date,region,technician,revenue,cogs
J-000001,2024-10-01,East,T-02,547.45,281.88
J-000002,2024-10-01,West,T-04,238.05,164.35
J-000003,2024-10-01,West,T-11,1432.47,947.63
J-000004,2024-10-01,East,T-12,1577.01,1116.54
J-000005,2024-10-01,South,T-01,752.02,501.13
J-000006,2024-10-01,South,T-04,2118.77,1437.36
J-000007,2024-10-01,South,T-03,745.12,473.61
J-000008,2024-10-01,West,T-06,419.98,300.7
J-000009,2024-10-01,East,T-12,414.28,289.2
J-000010,2024-10-01,West,T-07,855.94,598.87
J-000011,2024-10-01,East,T-03,1376.33,906.4
J-000012,2024-10-01,West,T-11,2001.04,1337.07
J-000013,2024-10-01,West,T-03,304.3,179.73
J-000014,2024-10-01,North,T-05,261.18,183.42
J-000015,2024-10-01,South,T-07,1377.12,874.1
J-000016,2024-10-01,West,T-03,434.13,251.98
J-000017,2024-10-01,South,T-04,1028.32,576.01
J-000018,2024-10-01,South,T-08,503.01,310.09
J-000019,2024-10-01,South,T-10,484.25,309.7
J-000020,2024-10-01,West,T-10,1557.41,932.78
J-000021,2024-10-01,East,T-08,1466.7,957.3
J-000022,2024-10-01,East,T-04,1337.6,973.73
J-000023,2024-10-01,West,T-05,665.72,429.66
J-000024,2024-10-01,West,T-05,681.81,483.0
J-000025,2024-10-02,North,T-12,959.04,683.27
J-000026,2024-10-02,South,T-05,947.89,573.37
J-000027,2024-10-02,East,T-01,650.76,378.64
J-000028,2024-10-02,North,T-06,628.84,464.35
J-000029,2024-10-02,North,T-04,786.58,616.33
J-000030,2024-10-02,North,T-03,737.56,528.98
J-000031,2024-10-02,North,T-06,673.0,407.06
J-000032,2024-10-02,South,T-07,621.49,414.53
J-000033,2024-10-02,East,T-11,479.17,296.68
J-000034,2024-10-02,West,T-10,721.61,444.53
J-000035,2024-10-02,East,T-01,673.27,404.4
J-000036,2024-10-02,North,T-05,539.1,360.72
J-000037,2024-10-02,East,T-12,816.34,599.15
J-000038,2024-10-02,East,T-02,853.28,609.22
J-000039,2024-10-03,North,T-10,1118.69,669.64
J-000040,2024-10-03,North,T-03,282.55,176.77
J-000041,2024-10-03,North,T-07,261.7,147.4
J-000042,2024-10-03,East,T-11,566.36,410.02
J-000043,2024-10-03,East,T-10,871.08,565.1
J-000044,2024-10-03,North,T-12,1043.88,598.43
J-000045,2024-10-03,East,T-01,1230.49,803.08
J-000046,2024-10-03,East,T-11,162.61,107.02
J-000047,2024-10-03,East,T-08,663.0,452.43
J-000048,2024-10-03,North,T-05,633.58,408.06
J-000049,2024-10-03,North,T-02,737.34,517.88
J-000050,2024-10-03,East,T-08,1296.03,694.57
J-000051,2024-10-03,West,T-06,507.45,313.48
J-000052,2024-10-03,East,T-05,1707.39,963.2
J-000053,2024-10-03,East,T-07,354.65,263.73
J-000054,2024-10-03,East,T-08,555.96,324.31
J-000055,2024-10-03,North,T-06,2324.39,1681.76
J-000056,2024-10-03,South,T-08,448.69,239.34
J-000057,2024-10-04,North,T-01,1214.56,853.55
J-000058,2024-10-04,North,T-01,989.28,656.38
J-000059,2024-10-04,East,T-04,302.64,195.76
J-000060,2024-10-04,East,T-06,935.87,617.57
J-000061,2024-10-04,West,T-12,1051.61,629.21
J-000062,2024-10-04,West,T-09,1060.67,644.34
J-000063,2024-10-04,South,T-07,273.53,203.82
J-000064,2024-10-04,East,T-06,1103.18,744.21
J-000065,2024-10-04,South,T-08,626.54,384.91
J-000066,2024-10-04,South,T-01,539.26,360.19
J-000067,2024-10-04,East,T-11,1442.81,866.17
J-000068,2024-10-04,South,T-03,824.25,532.19
J-000069,2024-10-04,West,T-05,661.08,400.22
J-000070,2024-10-04,East,T-04,644.08,381.84
J-000071,2024-10-04,South,T-09,1178.83,802.24
J-000072,2024-10-04,South,T-07,905.76,544.71
J-000073,2024-10-04,East,T-04,1104.33,764.7
J-000074,2024-10-04,South,T-12,717.98,533.87
J-000075,2024-10-04,North,T-02,781.53,435.66
J-000076,2024-10-04,North,T-04,551.06,335.03
J-000077,2024-10-04,South,T-04,520.33,287.35
J-000078,2024-10-04,North,T-04,1036.58,567.58
J-000079,2024-10-05,North,T-03,953.45,551.21
J-000080,2024-10-05,East,T-02,1708.15,1290.46
J-000081,2024-10-05,West,T-05,2366.24,1384.45
J-000082,2024-10-05,South,T-03,413.33,276.76
J-000083,2024-10-05,West,T-06,897.18,586.61
J-000084,2024-10-05,North,T-05,625.25,441.28
J-000085,2024-10-05,East,T-11,980.44,588.39
J-000086,2024-10-05,South,T-02,498.54,342.58
J-000087,2024-10-05,West,T-11,629.25,456.74
J-000088,2024-10-05,North,T-01,450.86,331.16
J-000089,2024-10-05,North,T-03,724.28,448.78
J-000090,2024-10-06,South,T-08,933.11,553.33
J-000091,2024-10-06,North,T-11,395.07,223.04
J-000092,2024-10-07,South,T-07,702.32,473.6
J-000093,2024-10-07,North,T-08,484.61,278.93
J-000094,2024-10-07,West,T-01,221.56,124.22
J-000095,2024-10-07,South,T-02,448.74,297.87
J-000096,2024-10-07,West,T-04,990.57,701.77
J-000097,2024-10-07,North,T-06,791.42,530.8
J-000098,2024-10-07,North,T-11,575.86,340.3
J-000099,2024-10-07,West,T-11,648.77,389.4
J-000100,2024-10-07,South,T-02,1109.33,715.21
J-000101,2024-10-07,East,T-12,1018.79,617.76
J-000102,2024-10-07,North,T-03,519.85,319.95
J-000103,2024-10-07,West,T-03,1203.98,771.99
J-000104,2024-10-07,West,T-08,533.57,401.93
J-000105,2024-10-07,North,T-09,222.42,147.12
J-000106,2024-10-07,North,T-08,1698.62,983.18
J-000107,2024-10-07,East,T-08,473.95,309.7
J-000108,2024-10-07,South,T-10,484.91,336.49
J-000109,2024-10-07,East,T-02,780.94,436.53
J-000110,2024-10-07,West,T-03,1050.4,746.51
J-000111,2024-10-07,East,T-01,466.14,221.71
J-000112,2024-10-07,North,T-02,556.39,331.03
J-000113,2024-10-07,North,T-04,1280.07,821.12
J-000114,2024-10-07,North,T-11,761.79,560.68
J-000115,2024-10-08,North,T-07,977.61,694.25
J-000116,2024-10-08,South,T-04,586.87,287.0
J-000117,2024-10-08,North,T-05,408.72,274.61
J-000118,2024-10-08,South,T-04,1803.64,1016.99
J-000119,2024-10-08,North,T-05,791.8,471.77
J-000120,2024-10-08,East,T-03,1376.15,824.46
J-000121,2024-10-08,East,T-11,669.05,469.46
J-000122,2024-10-08,South,T-05,507.8,328.62
J-000123,2024-10-08,West,T-10,459.42,290.58
J-000124,2024-10-08,East,T-03,650.17,476.39
J-000125,2024-10-08,South,T-06,774.13,434.07
J-000126,2024-10-08,North,T-08,755.49,555.4
J-000127,2024-10-08,North,T-02,1358.25,921.5
J-000128,2024-10-08,South,T-11,2246.67,1372.44
J-000129,2024-10-08,South,T-04,371.32,289.58
J-000130,2024-10-08,East,T-01,1269.79,865.06
J-000131,2024-10-08,South,T-01,313.62,195.72
J-000132,2024-10-08,North,T-08,1155.46,720.75
J-000133,2024-10-08,East,T-10,2212.72,1369.24
J-000134,2024-10-08,South,T-10,1114.0,675.08
J-000135,2024-10-08,West,T-03,1153.65,764.55
J-000136,2024-10-08,South,T-11,244.63,138.57
J-000137,2024-10-08,South,T-08,831.36,494.05
J-000138,2024-10-08,North,T-04,517.88,354.3
J-000139,2024-10-08,East,T-01,446.58,293.12
J-000140,2024-10-08,North,T-09,367.73,243.22
J-000141,2024-10-08,North,T-05,867.4,562.38
J-000142,2024-10-08,East,T-09,655.96,469.39
J-000143,2024-10-08,North,T-12,435.8,266.04
J-000144,2024-10-08,South,T-04,866.74,581.91
J-000145,2024-10-08,North,T-04,1385.58,969.56
J-000146,2024-10-08,West,T-07,654.72,401.3
J-000147,2024-10-08,North,T-09,545.25,333.44
J-000148,2024-10-09,West,T-01,1225.76,799.14
J-000149,2024-10-09,South,T-01,740.52,461.04
J-000150,2024-10-09,North,T-04,845.32,646.34
J-000151,2024-10-09,East,T-01,1044.84,681.72
J-000152,2024-10-09,North,T-09,1281.65,754.34
J-000153,2024-10-09,North,T-05,286.98,161.99
J-000154,2024-10-09,North,T-03,390.6,255.36
J-000155,2024-10-09,West,T-02,537.37,367.75
J-000156,2024-10-09,East,T-12,734.46,512.77
J-000157,2024-10-09,North,T-07,487.63,339.51
J-000158,2024-10-09,East,T-01,385.76,277.63
J-000159,2024-10-09,East,T-05,1860.71,1256.87
J-000160,2024-10-09,North,T-01,1004.94,706.63
J-000161,2024-10-09,North,T-10,695.35,476.67
J-000162,2024-10-09,North,T-06,452.87,296.23
J-000163,2024-10-09,North,T-07,1525.51,1047.68
J-000164,2024-10-09,East,T-04,487.22,307.34
J-000165,2024-10-09,South,T-04,364.21,240.38
J-000166,2024-10-10,West,T-07,893.5,584.85
J-000167,2024-10-10,West,T-09,665.64,442.5
J-000168,2024-10-10,North,T-08,949.85,569.74
J-000169,2024-10-10,North,T-08,497.85,302.89
J-000170,2024-10-10,East,T-05,1158.56,778.84
J-000171,2024-10-10,North,T-10,618.61,508.44
J-000172,2024-10-10,West,T-04,557.36,369.16
J-000173,2024-10-10,North,T-10,642.35,479.58
J-000174,2024-10-10,East,T-10,431.64,287.09
J-000175,2024-10-10,North,T-02,501.69,297.71
J-000176,2024-10-10,North,T-07,328.19,196.29
J-000177,2024-10-10,South,T-09,893.75,601.75
J-000178,2024-10-10,West,T-04,806.18,473.58
J-000179,2024-10-10,East,T-04,429.76,244.41
J-000180,2024-10-10,South,T-05,1108.13,711.81
J-000181,2024-10-11,North,T-12,281.87,194.99
J-000182,2024-10-11,North,T-06,822.3,477.57
J-000183,2024-10-11,North,T-01,476.31,320.98
J-000184,2024-10-11,South,T-01,416.36,248.4
J-000185,2024-10-11,North,T-12,344.15,190.89
J-000186,2024-10-11,West,T-10,376.83,238.55
J-000187,2024-10-11,East,T-07,354.68,222.6
J-000188,2024-10-11,South,T-09,510.43,362.31
J-000189,2024-10-11,East,T-06,1181.26,786.41
J-000190,2024-10-11,North,T-01,798.17,559.72
J-000191,2024-10-11,South,T-01,694.16,441.7
J-000192,2024-10-11,East,T-02,1130.69,755.28
J-000193,2024-10-11,South,T-01,1244.17,963.04
J-000194,2024-10-11,South,T-12,709.65,383.43
J-000195,2024-10-11,South,T-06,772.5,466.96
J-000196,2024-10-11,North,T-04,925.08,511.42
J-000197,2024-10-11,West,T-10,1446.68,832.54
J-000198,2024-10-11,North,T-12,893.36,630.57
J-000199,2024-10-11,North,T-02,1071.35,611.64
J-000200,2024-10-11,South,T-02,774.23,507.5
J-000201,2024-10-12,East,T-03,804.78,474.32
J-000202,2024-10-12,South,T-11,746.21,529.04
J-000203,2024-10-12,North,T-09,336.81,235.08
J-000204,2024-10-12,South,T-01,491.94,363.38
J-000205,2024-10-12,North,T-11,574.43,371.34
J-000206,2024-10-12,North,T-07,1522.41,929.54
J-000207,2024-10-12,East,T-10,171.98,109.67
J-000208,2024-10-12,South,T-10,1167.73,724.49
J-000209,2024-10-12,North,T-01,563.12,295.63
J-000210,2024-10-12,East,T-04,236.78,140.65
J-000211,2024-10-12,East,T-11,1626.04,1115.65
J-000212,2024-10-13,East,T-04,469.58,328.96
J-000213,2024-10-14,East,T-04,1162.96,715.95
J-000214,2024-10-14,West,T-08,781.15,476.75
J-000215,2024-10-14,North,T-05,508.06,344.07
J-000216,2024-10-14,West,T-07,545.34,353.97
J-000217,2024-10-14,North,T-02,1906.44,1327.58
J-000218,2024-10-14,North,T-11,880.13,588.88
J-000219,2024-10-14,West,T-07,410.6,251.85
J-000220,2024-10-14,East,T-06,623.29,404.07
J-000221,2024-10-14,East,T-11,1046.98,659.91
J-000222,2024-10-14,East,T-12,1001.28,544.32
J-000223,2024-10-14,West,T-06,738.67,507.27
J-000224,2024-10-14,West,T-07,911.16,586.65
J-000225,2024-10-14,South,T-09,596.73,382.59
J-000226,2024-10-14,South,T-02,557.44,358.64
J-000227,2024-10-14,North,T-06,601.05,402.27
J-000228,2024-10-14,West,T-08,571.35,391.86
J-000229,2024-10-14,East,T-02,1005.42,554.89
J-000230,2024-10-14,North,T-05,743.14,499.66
J-000231,2024-10-14,West,T-09,702.44,467.28
J-000232,2024-10-14,North,T-07,572.21,273.39
J-000233,2024-10-14,South,T-06,1276.68,776.9
J-000234,2024-10-14,North,T-04,661.24,333.56
J-000235,2024-10-15,South,T-02,427.49,286.05
J-000236,2024-10-15,East,T-11,590.23,388.48
J-000237,2024-10-15,East,T-10,598.55,327.9
J-000238,2024-10-15,West,T-07,677.19,408.69
J-000239,2024-10-15,West,T-01,591.39,344.25
J-000240,2024-10-15,East,T-01,799.94,602.12
J-000241,2024-10-15,East,T-02,655.47,436.26
J-000242,2024-10-15,South,T-10,313.39,190.97
J-000243,2024-10-15,South,T-10,286.8,169.86
J-000244,2024-10-15,South,T-07,918.41,537.97
J-000245,2024-10-15,West,T-04,268.53,163.9
J-000246,2024-10-15,West,T-07,476.07,334.73
J-000247,2024-10-15,East,T-03,364.41,248.74
J-000248,2024-10-15,South,T-09,1568.15,1050.04
J-000249,2024-10-15,West,T-07,313.95,200.17
J-000250,2024-10-15,East,T-08,725.45,448.71
J-000251,2024-10-15,West,T-11,702.65,454.55
J-000252,2024-10-15,East,T-05,1256.76,804.93
J-000253,2024-10-15,South,T-06,1157.77,673.0
J-000254,2024-10-15,West,T-10,822.63,552.4
J-000255,2024-10-15,West,T-06,1010.65,549.49
J-000256,2024-10-15,North,T-12,717.43,404.09
J-000257,2024-10-15,South,T-08,490.98,317.18
J-000258,2024-10-15,South,T-11,1832.11,1177.66
J-000259,2024-10-16,North,T-05,564.18,398.51
J-000260,2024-10-16,North,T-11,1109.19,674.06
J-000261,2024-10-16,East,T-04,308.41,210.41
J-000262,2024-10-16,North,T-10,1412.32,832.19
J-000263,2024-10-16,South,T-07,424.33,265.77
J-000264,2024-10-16,South,T-11,335.55,188.28
J-000265,2024-10-16,North,T-03,869.41,664.09
J-000266,2024-10-16,South,T-11,1383.86,963.42
J-000267,2024-10-16,East,T-12,584.35,412.39
J-000268,2024-10-16,South,T-06,922.85,472.27
J-000269,2024-10-16,West,T-11,1201.19,770.09
J-000270,2024-10-16,West,T-03,1107.07,795.54
J-000271,2024-10-16,South,T-03,1167.69,798.67
J-000272,2024-10-16,South,T-10,603.93,342.59
J-000273,2024-10-16,West,T-06,590.57,386.52
J-000274,2024-10-16,East,T-04,1123.08,791.5
J-000275,2024-10-16,East,T-05,915.47,572.52
J-000276,2024-10-16,South,T-11,374.97,243.62
J-000277,2024-10-16,West,T-01,621.09,414.18
J-000278,2024-10-16,North,T-04,877.82,488.4
J-000279,2024-10-16,South,T-09,1164.39,770.14
J-000280,2024-10-17,North,T-04,659.87,422.82
J-000281,2024-10-17,North,T-03,472.68,303.66
J-000282,2024-10-17,East,T-03,429.18,315.05
J-000283,2024-10-17,West,T-11,350.83,192.11
J-000284,2024-10-17,North,T-08,619.38,444.97
J-000285,2024-10-17,East,T-03,860.68,481.86
J-000286,2024-10-17,East,T-04,1046.95,618.91
J-000287,2024-10-17,East,T-11,810.86,511.46
J-000288,2024-10-17,West,T-08,491.55,361.94
J-000289,2024-10-17,East,T-04,464.82,313.34
J-000290,2024-10-17,West,T-01,1140.24,613.17
J-000291,2024-10-17,North,T-02,599.28,375.93
J-000292,2024-10-17,East,T-10,449.85,307.28
J-000293,2024-10-17,North,T-06,362.88,228.54
J-000294,2024-10-18,South,T-11,973.37,553.44
J-000295,2024-10-18,North,T-07,1040.57,711.27
J-000296,2024-10-18,North,T-02,655.82,395.79
J-000297,2024-10-18,East,T-05,805.86,524.75
J-000298,2024-10-18,North,T-03,938.8,716.56
J-000299,2024-10-18,South,T-11,659.35,434.21
J-000300,2024-10-18,East,T-08,752.72,445.63
J-000301,2024-10-18,East,T-04,663.35,478.17
J-000302,2024-10-18,North,T-04,563.29,444.75
J-000303,2024-10-18,North,T-10,511.08,272.66
J-000304,2024-10-18,East,T-02,2277.87,1267.93
J-000305,2024-10-18,East,T-08,704.27,484.79
J-000306,2024-10-18,South,T-02,1007.62,642.53
J-000307,2024-10-18,North,T-01,463.75,280.68
J-000308,2024-10-18,East,T-06,726.68,384.3
J-000309,2024-10-18,North,T-08,1233.84,737.74
J-000310,2024-10-18,East,T-04,801.3,482.66
J-000311,2024-10-18,West,T-07,1150.71,732.04
J-000312,2024-10-18,East,T-10,427.97,305.41
J-000313,2024-10-18,South,T-02,978.02,695.8
J-000314,2024-10-19,South,T-08,624.14,351.11
J-000315,2024-10-19,West,T-08,1326.48,867.84
J-000316,2024-10-19,West,T-03,1563.19,991.97
J-000317,2024-10-19,East,T-11,592.94,326.93
J-000318,2024-10-19,East,T-03,1347.21,866.39
J-000319,2024-10-19,North,T-06,773.12,534.38
J-000320,2024-10-19,North,T-03,809.21,506.59
J-000321,2024-10-19,West,T-10,432.09,276.65
J-000322,2024-10-20,South,T-04,548.59,361.46
J-000323,2024-10-20,South,T-05,308.31,197.5
J-000324,2024-10-20,West,T-05,728.17,487.34
J-000325,2024-10-21,South,T-05,902.96,473.19
J-000326,2024-10-21,East,T-02,402.82,272.57
J-000327,2024-10-21,East,T-04,707.64,426.0
J-000328,2024-10-21,East,T-08,543.46,313.57
J-000329,2024-10-21,South,T-06,370.83,246.84
J-000330,2024-10-21,West,T-09,973.86,618.27
J-000331,2024-10-21,West,T-06,351.06,251.7
J-000332,2024-10-21,West,T-03,625.95,360.72
J-000333,2024-10-21,East,T-01,663.05,388.89
J-000334,2024-10-21,North,T-03,882.95,552.79
J-000335,2024-10-21,East,T-06,916.5,578.75
J-000336,2024-10-21,North,T-10,949.74,599.45
J-000337,2024-10-21,North,T-04,459.99,270.64
J-000338,2024-10-21,East,T-01,853.84,560.84
J-000339,2024-10-21,East,T-11,963.24,670.52
J-000340,2024-10-21,South,T-02,1360.47,889.35
J-000341,2024-10-21,North,T-02,783.0,512.73
J-000342,2024-10-22,East,T-09,2820.7,1741.82
J-000343,2024-10-22,East,T-05,544.02,332.24
J-000344,2024-10-22,West,T-07,536.49,292.25
J-000345,2024-10-22,East,T-10,289.42,196.2
J-000346,2024-10-22,South,T-05,295.51,205.09
J-000347,2024-10-22,East,T-06,1302.14,811.34
J-000348,2024-10-22,East,T-04,993.25,622.13
J-000349,2024-10-22,East,T-07,615.65,347.03
J-000350,2024-10-22,North,T-03,544.59,373.35
J-000351,2024-10-22,East,T-04,913.47,581.06
J-000352,2024-10-22,East,T-03,849.94,591.26
J-000353,2024-10-22,North,T-11,545.86,305.34
J-000354,2024-10-22,South,T-09,1173.01,684.83
J-000355,2024-10-22,East,T-09,855.81,544.06
J-000356,2024-10-22,North,T-06,269.31,157.09
J-000357,2024-10-22,South,T-03,1693.47,960.3
J-000358,2024-10-22,South,T-01,1656.9,1011.42
J-000359,2024-10-22,East,T-11,1475.06,910.87
J-000360,2024-10-22,West,T-06,624.2,337.33
J-000361,2024-10-22,North,T-11,1034.52,659.0
J-000362,2024-10-22,West,T-08,608.97,400.74
J-000363,2024-10-23,South,T-11,183.01,107.99
J-000364,2024-10-23,West,T-02,831.96,545.81
J-000365,2024-10-23,South,T-07,522.52,326.72
J-000366,2024-10-23,South,T-09,471.58,300.03
J-000367,2024-10-23,South,T-10,1483.66,922.81
J-000368,2024-10-23,South,T-11,658.67,413.22
J-000369,2024-10-23,East,T-10,598.35,413.61
J-000370,2024-10-23,South,T-06,387.41,225.45
J-000371,2024-10-23,East,T-03,622.15,369.25
J-000372,2024-10-23,West,T-07,907.93,573.56
J-000373,2024-10-23,South,T-09,624.72,347.99
J-000374,2024-10-23,South,T-01,1715.27,1106.62
J-000375,2024-10-23,North,T-05,648.78,521.86
J-000376,2024-10-23,East,T-01,913.83,544.17
J-000377,2024-10-23,North,T-09,571.3,368.77
J-000378,2024-10-23,South,T-02,683.52,420.72
J-000379,2024-10-23,East,T-02,370.46,252.97
J-000380,2024-10-23,West,T-01,288.36,165.65
J-000381,2024-10-23,South,T-07,1562.76,1029.71
J-000382,2024-10-23,South,T-02,407.03,248.53
J-000383,2024-10-23,South,T-01,358.79,238.27
J-000384,2024-10-23,South,T-02,354.67,233.29
J-000385,2024-10-24,North,T-11,1373.89,905.97
J-000386,2024-10-24,East,T-01,699.36,406.42
J-000387,2024-10-24,East,T-03,596.48,355.77
J-000388,2024-10-24,North,T-03,211.08,121.71
J-000389,2024-10-24,West,T-11,305.77,170.59
J-000390,2024-10-24,South,T-12,798.4,541.75
J-000391,2024-10-24,North,T-11,317.65,198.89
J-000392,2024-10-24,East,T-06,306.33,176.79
J-000393,2024-10-24,North,T-04,321.75,232.03
J-000394,2024-10-24,North,T-07,351.38,177.72
J-000395,2024-10-24,North,T-12,580.51,348.84
J-000396,2024-10-24,East,T-03,799.22,496.34
J-000397,2024-10-24,South,T-12,948.62,607.83
J-000398,2024-10-24,North,T-02,334.02,185.03
J-000399,2024-10-24,East,T-04,401.0,274.81
J-000400,2024-10-24,South,T-12,829.1,541.0
J-000401,2024-10-24,South,T-10,860.02,553.93
J-000402,2024-10-24,South,T-08,584.01,344.41
J-000403,2024-10-24,West,T-11,1262.21,803.98
J-000404,2024-10-24,West,T-06,661.4,421.71
J-000405,2024-10-24,North,T-05,2239.53,1424.41
J-000406,2024-10-24,West,T-04,1114.55,579.38
J-000407,2024-10-24,South,T-08,1111.77,669.58
J-000408,2024-10-24,West,T-10,1329.05,891.82
J-000409,2024-10-24,West,T-09,603.27,356.98
J-000410,2024-10-25,North,T-09,499.23,288.51
J-000411,2024-10-25,East,T-10,758.84,496.34
J-000412,2024-10-25,East,T-11,788.51,519.44
J-000413,2024-10-25,North,T-10,986.59,677.31
J-000414,2024-10-25,North,T-05,568.69,317.29
J-000415,2024-10-25,North,T-04,498.24,285.28
J-000416,2024-10-25,West,T-09,431.84,283.72
J-000417,2024-10-25,North,T-09,583.84,349.48
J-000418,2024-10-25,West,T-03,1127.69,705.09
J-000419,2024-10-25,South,T-03,363.38,238.08
J-000420,2024-10-25,West,T-08,2082.88,1511.73
J-000421,2024-10-25,East,T-06,580.03,387.57
J-000422,2024-10-25,East,T-04,814.76,533.98
J-000423,2024-10-25,South,T-04,1609.22,1046.41
J-000424,2024-10-25,South,T-04,1103.09,684.73
J-000425,2024-10-25,East,T-05,749.78,496.14
J-000426,2024-10-25,West,T-11,436.33,253.99
J-000427,2024-10-25,South,T-06,933.97,588.28
J-000428,2024-10-25,South,T-12,539.84,364.52
J-000429,2024-10-25,East,T-10,473.34,307.53
J-000430,2024-10-25,South,T-08,480.82,302.71
J-000431,2024-10-25,West,T-10,630.5,402.33
J-000432,2024-10-25,South,T-09,631.08,397.63
J-000433,2024-10-26,South,T-06,622.4,400.62
J-000434,2024-10-26,South,T-04,830.18,504.34
J-000435,2024-10-26,South,T-09,820.54,567.77
J-000436,2024-10-26,North,T-07,647.35,423.82
J-000437,2024-10-26,South,T-08,490.81,295.61
J-000438,2024-10-26,East,T-04,450.36,286.21
J-000439,2024-10-26,South,T-05,224.63,140.8
J-000440,2024-10-26,East,T-07,1380.29,782.7
J-000441,2024-10-27,East,T-02,184.19,112.57
J-000442,2024-10-27,East,T-07,1183.15,818.31
J-000443,2024-10-27,North,T-11,564.98,396.37
J-000444,2024-10-27,West,T-09,288.29,176.87
J-000445,2024-10-27,North,T-12,2122.53,1366.26
J-000446,2024-10-28,East,T-06,896.12,478.64
J-000447,2024-10-28,South,T-12,1023.46,681.81
J-000448,2024-10-28,North,T-02,740.68,439.45
J-000449,2024-10-28,North,T-02,570.35,391.57
J-000450,2024-10-28,North,T-08,1417.25,909.58
J-000451,2024-10-28,North,T-10,899.06,540.72
J-000452,2024-10-28,North,T-09,501.56,354.91
J-000453,2024-10-28,East,T-05,477.66,284.68
J-000454,2024-10-28,North,T-01,412.44,272.79
J-000455,2024-10-28,North,T-10,650.65,455.85
J-000456,2024-10-28,North,T-03,417.16,292.44
J-000457,2024-10-28,West,T-09,809.96,514.91
J-000458,2024-10-28,North,T-01,1357.67,885.34
J-000459,2024-10-28,West,T-06,792.15,500.03
J-000460,2024-10-28,West,T-07,784.19,483.97
J-000461,2024-10-28,East,T-06,270.85,174.88
J-000462,2024-10-28,North,T-04,285.84,176.15
J-000463,2024-10-28,North,T-02,820.68,483.93
J-000464,2024-10-28,North,T-03,814.6,586.75
J-000465,2024-10-28,West,T-12,854.14,478.41
J-000466,2024-10-28,North,T-04,347.01,217.39
J-000467,2024-10-28,South,T-04,385.02,222.75
J-000468,2024-10-28,East,T-06,1156.15,782.05
J-000469,2024-10-29,North,T-11,468.25,269.59
J-000470,2024-10-29,North,T-01,804.65,413.59
J-000471,2024-10-29,South,T-02,1241.84,800.68
J-000472,2024-10-29,North,T-08,670.23,444.4
J-000473,2024-10-29,West,T-11,565.83,337.43
J-000474,2024-10-29,North,T-08,1025.63,691.87
J-000475,2024-10-29,South,T-03,1288.02,759.17
J-000476,2024-10-29,East,T-06,245.1,161.54
J-000477,2024-10-29,West,T-04,251.52,169.13
J-000478,2024-10-29,East,T-05,597.91,382.98
J-000479,2024-10-29,East,T-01,1191.72,738.14
J-000480,2024-10-29,West,T-07,896.98,566.9
J-000481,2024-10-29,West,T-10,697.57,504.2
J-000482,2024-10-29,West,T-10,1606.23,990.75
J-000483,2024-10-29,North,T-10,891.9,745.86
J-000484,2024-10-29,East,T-03,838.4,556.56
J-000485,2024-10-29,North,T-08,486.83,338.0
J-000486,2024-10-30,West,T-12,420.56,304.68
J-000487,2024-10-30,North,T-10,917.71,598.59
J-000488,2024-10-30,North,T-07,936.81,601.31
J-000489,2024-10-30,East,T-05,388.19,228.68
J-000490,2024-10-30,South,T-12,759.88,485.09
J-000491,2024-10-30,North,T-09,873.49,526.16
J-000492,2024-10-30,East,T-08,547.51,366.25
J-000493,2024-10-30,South,T-08,457.98,320.07
J-000494,2024-10-30,East,T-09,1447.6,894.37
J-000495,2024-10-30,South,T-10,1189.91,728.22
J-000496,2024-10-30,North,T-08,535.55,317.07
J-000497,2024-10-30,North,T-12,1213.27,763.09
J-000498,2024-10-30,North,T-08,828.31,621.77
J-000499,2024-10-30,South,T-10,560.4,384.42
J-000500,2024-10-30,West,T-04,421.1,305.09
J-000501,2024-10-30,North,T-10,1013.36,620.35
J-000502,2024-10-30,East,T-09,475.81,285.11
J-000503,2024-10-30,South,T-07,836.32,513.08
J-000504,2024-10-30,North,T-06,1290.47,831.69
J-000505,2024-10-30,East,T-07,596.68,358.27
J-000506,2024-10-30,East,T-01,544.79,384.5
J-000507,2024-10-30,West,T-10,505.09,323.57
J-000508,2024-10-30,East,T-02,1935.13,1277.52
J-000509,2024-10-30,East,T-12,800.5,514.14
J-000510,2024-10-30,South,T-07,768.98,490.82
J-000511,2024-10-30,East,T-03,923.91,561.25
J-000512,2024-10-30,North,T-03,475.4,307.11
J-000513,2024-10-31,North,T-12,720.77,420.94
J-000514,2024-10-31,South,T-04,861.0,580.41
J-000515,2024-10-31,West,T-05,1703.67,968.51
J-000516,2024-10-31,North,T-03,907.56,534.28
J-000517,2024-10-31,West,T-07,537.34,344.83
J-000518,2024-10-31,South,T-02,1191.52,756.77
J-000519,2024-10-31,West,T-07,513.85,339.91
J-000520,2024-10-31,South,T-12,833.52,559.41
J-000521,2024-10-31,East,T-04,383.04,247.19
J-000522,2024-10-31,South,T-01,467.19,322.66
J-000523,2024-10-31,North,T-11,543.57,411.64
J-000524,2024-10-31,West,T-02,565.24,341.53
J-000525,2024-10-31,North,T-01,1103.74,736.09
J-000526,2024-10-31,East,T-08,982.56,537.18
J-000527,2024-10-31,West,T-06,385.27,287.52
J-000528,2024-10-31,East,T-12,319.01,201.63
J-000529,2024-11-01,North,T-04,350.69,265.36
J-000530,2024-11-01,South,T-10,481.1,328.76
J-000531,2024-11-01,West,T-09,590.18,399.35
J-000532,2024-11-01,South,T-02,744.93,534.01
J-000533,2024-11-01,East,T-06,428.59,244.42
J-000534,2024-11-01,South,T-01,539.09,312.22
J-000535,2024-11-01,South,T-11,663.71,406.24
J-000536,2024-11-01,East,T-03,652.58,467.38
J-000537,2024-11-01,North,T-08,768.53,489.3
J-000538,2024-11-01,North,T-02,635.57,435.23
J-000539,2024-11-01,North,T-07,626.2,368.2
J-000540,2024-11-01,East,T-05,816.98,589.45
J-000541,2024-11-01,East,T-11,997.01,553.04
J-000542,2024-11-01,South,T-03,978.34,636.16
J-000543,2024-11-01,South,T-02,618.76,340.54
J-000544,2024-11-01,South,T-02,885.81,587.01
J-000545,2024-11-01,West,T-09,1039.02,638.61
J-000546,2024-11-01,West,T-06,420.25,277.36
J-000547,2024-11-01,North,T-03,667.48,386.33
J-000548,2024-11-02,East,T-01,840.68,539.01
J-000549,2024-11-02,East,T-07,682.29,405.2
J-000550,2024-11-02,West,T-09,833.11,562.67
J-000551,2024-11-02,West,T-02,498.29,310.9
J-000552,2024-11-02,North,T-02,822.99,524.07
J-000553,2024-11-02,South,T-02,499.5,349.23
J-000554,2024-11-02,West,T-11,580.93,456.38
J-000555,2024-11-02,North,T-11,789.23,469.58
J-000556,2024-11-02,East,T-06,484.4,324.92
J-000557,2024-11-03,East,T-07,525.2,360.02
J-000558,2024-11-03,East,T-10,665.9,443.4
J-000559,2024-11-03,South,T-12,700.39,421.31
J-000560,2024-11-04,West,T-09,842.11,522.77
J-000561,2024-11-04,South,T-01,432.83,257.92
J-000562,2024-11-04,West,T-05,342.26,209.22
J-000563,2024-11-04,South,T-12,766.86,467.77
J-000564,2024-11-04,West,T-11,353.63,243.23
J-000565,2024-11-04,East,T-09,1514.56,1037.43
J-000566,2024-11-04,North,T-06,920.44,574.59
J-000567,2024-11-04,South,T-04,1284.61,764.45
J-000568,2024-11-04,West,T-03,1019.08,642.45
J-000569,2024-11-04,North,T-03,285.06,164.37
J-000570,2024-11-04,South,T-04,705.96,495.83
J-000571,2024-11-04,North,T-11,604.26,393.57
J-000572,2024-11-04,North,T-05,1071.04,704.11
J-000573,2024-11-04,South,T-06,321.39,205.54
J-000574,2024-11-04,West,T-01,790.33,453.34
J-000575,2024-11-04,South,T-03,1154.02,757.43
J-000576,2024-11-04,North,T-11,901.85,578.33
J-000577,2024-11-04,West,T-02,584.17,417.43
J-000578,2024-11-04,East,T-02,1118.31,670.25
J-000579,2024-11-05,North,T-06,813.44,607.53
J-000580,2024-11-05,South,T-07,856.87,589.09
J-000581,2024-11-05,North,T-11,938.39,559.24
J-000582,2024-11-05,North,T-04,873.66,565.34
J-000583,2024-11-05,West,T-09,743.63,504.57
J-000584,2024-11-05,East,T-12,849.85,538.67
J-000585,2024-11-05,West,T-10,794.55,529.38
J-000586,2024-11-05,East,T-09,434.02,214.27
J-000587,2024-11-05,East,T-06,994.82,615.61
J-000588,2024-11-05,East,T-05,1294.82,805.75
J-000589,2024-11-05,South,T-11,875.71,639.35
J-000590,2024-11-05,North,T-05,621.5,429.4
J-000591,2024-11-05,South,T-06,766.73,477.24
J-000592,2024-11-05,West,T-10,992.92,687.22
J-000593,2024-11-05,South,T-06,802.11,570.17
J-000594,2024-11-05,South,T-08,695.17,442.66
J-000595,2024-11-05,East,T-10,641.79,418.05
J-000596,2024-11-05,North,T-01,384.52,236.12
J-000597,2024-11-05,South,T-05,1840.12,1131.01
J-000598,2024-11-05,West,T-11,1558.6,734.5
J-000599,2024-11-05,North,T-05,2664.41,1799.68
J-000600,2024-11-05,North,T-02,703.33,485.83
J-000601,2024-11-05,North,T-03,825.81,501.77
J-000602,2024-11-05,West,T-01,405.62,216.77
J-000603,2024-11-05,South,T-01,434.36,247.29
J-000604,2024-11-05,South,T-05,141.21,81.53
J-000605,2024-11-06,North,T-11,502.39,367.33
J-000606,2024-11-06,West,T-12,673.58,429.38
J-000607,2024-11-06,North,T-07,660.3,392.28
J-000608,2024-11-06,East,T-08,424.02,296.61
J-000609,2024-11-06,North,T-01,543.52,352.6
J-000610,2024-11-06,South,T-06,704.4,424.57
J-000611,2024-11-06,East,T-07,302.09,186.83
J-000612,2024-11-06,East,T-04,2398.14,1662.25
J-000613,2024-11-06,South,T-09,1012.03,760.21
J-000614,2024-11-06,South,T-09,646.08,396.2
J-000615,2024-11-06,West,T-07,733.52,481.57
J-000616,2024-11-06,South,T-04,1013.89,591.73
J-000617,2024-11-06,South,T-02,1524.09,984.64
J-000618,2024-11-06,West,T-03,491.53,293.67
J-000619,2024-11-06,East,T-06,321.14,201.77
J-000620,2024-11-06,East,T-06,787.32,516.42
J-000621,2024-11-07,South,T-01,640.07,423.51
J-000622,2024-11-07,South,T-01,1166.37,747.04
J-000623,2024-11-07,North,T-06,532.28,282.77
J-000624,2024-11-07,South,T-08,906.66,603.23
J-000625,2024-11-07,East,T-10,454.28,305.78
J-000626,2024-11-07,East,T-11,1184.18,695.15
J-000627,2024-11-07,West,T-11,1541.18,1066.68
J-000628,2024-11-07,North,T-01,734.72,349.19
J-000629,2024-11-07,North,T-09,662.93,410.09
J-000630,2024-11-07,North,T-06,579.01,333.82
J-000631,2024-11-07,East,T-01,577.54,364.22
J-000632,2024-11-07,North,T-03,221.79,136.78
J-000633,2024-11-07,South,T-09,460.14,319.33
J-000634,2024-11-07,South,T-08,593.93,376.12
J-000635,2024-11-07,East,T-11,653.87,411.1
J-000636,2024-11-07,North,T-08,367.59,212.08
J-000637,2024-11-07,South,T-07,1048.68,686.91
J-000638,2024-11-07,South,T-03,1659.99,1001.75
J-000639,2024-11-08,East,T-04,1042.4,605.41
J-000640,2024-11-08,East,T-05,2837.93,1867.55
J-000641,2024-11-08,West,T-02,1242.56,822.68
J-000642,2024-11-08,South,T-11,321.51,236.65
J-000643,2024-11-08,South,T-07,180.73,111.97
J-000644,2024-11-08,North,T-04,972.23,572.64
J-000645,2024-11-08,East,T-09,656.14,421.17
J-000646,2024-11-08,West,T-06,444.52,292.84
J-000647,2024-11-08,West,T-07,312.23,175.12
J-000648,2024-11-08,North,T-02,908.44,487.34
J-000649,2024-11-08,West,T-11,981.05,622.21
J-000650,2024-11-09,West,T-04,810.13,559.62
J-000651,2024-11-09,North,T-07,549.52,352.53
J-000652,2024-11-09,North,T-11,1106.65,677.58
J-000653,2024-11-09,North,T-07,1827.27,1103.17
J-000654,2024-11-09,North,T-10,703.23,433.75
J-000655,2024-11-09,South,T-11,666.61,433.63
J-000656,2024-11-09,West,T-09,631.72,426.31
J-000657,2024-11-09,West,T-12,537.32,322.21
J-000658,2024-11-10,East,T-07,993.4,597.01
J-000659,2024-11-10,North,T-04,601.43,431.25
J-000660,2024-11-10,North,T-09,256.84,147.62
J-000661,2024-11-10,North,T-01,303.34,180.78
J-000662,2024-11-11,North,T-05,1239.3,823.16
J-000663,2024-11-11,North,T-05,411.87,225.64
J-000664,2024-11-11,North,T-01,1049.62,728.58
J-000665,2024-11-11,North,T-03,470.27,301.67
J-000666,2024-11-11,South,T-04,1883.07,1006.08
J-000667,2024-11-11,West,T-04,1246.34,688.04
J-000668,2024-11-11,South,T-11,608.17,330.99
J-000669,2024-11-11,South,T-08,948.84,636.2
J-000670,2024-11-11,North,T-08,433.71,268.92
J-000671,2024-11-11,East,T-06,713.33,405.7
J-000672,2024-11-11,North,T-05,373.38,215.64
J-000673,2024-11-11,East,T-05,1086.35,732.96
J-000674,2024-11-11,North,T-03,518.76,340.47
J-000675,2024-11-11,East,T-09,591.65,394.32
J-000676,2024-11-11,North,T-08,1507.88,949.49
J-000677,2024-11-11,East,T-10,899.44,496.46
J-000678,2024-11-11,South,T-03,443.49,281.43
J-000679,2024-11-11,West,T-05,1273.69,838.71
J-000680,2024-11-11,East,T-11,704.43,451.92
J-000681,2024-11-11,South,T-09,1949.28,1392.63
J-000682,2024-11-12,West,T-08,526.15,333.74
J-000683,2024-11-12,East,T-03,873.34,577.64
J-000684,2024-11-12,West,T-03,715.69,383.79
J-000685,2024-11-12,North,T-03,782.66,546.58
J-000686,2024-11-12,West,T-04,746.7,418.97
J-000687,2024-11-12,North,T-08,1191.98,848.4
J-000688,2024-11-12,East,T-12,1153.32,785.43
J-000689,2024-11-12,North,T-01,1616.16,1086.35
J-000690,2024-11-12,North,T-07,773.16,417.3
J-000691,2024-11-12,South,T-06,422.13,279.55
J-000692,2024-11-12,East,T-02,465.74,293.57
J-000693,2024-11-12,South,T-05,1359.16,898.77
J-000694,2024-11-12,South,T-04,1196.41,706.13
J-000695,2024-11-12,South,T-06,273.45,193.43
J-000696,2024-11-12,North,T-02,235.0,158.99
J-000697,2024-11-12,North,T-11,488.05,330.7
J-000698,2024-11-12,South,T-12,491.42,318.22
J-000699,2024-11-12,South,T-01,390.52,242.14
J-000700,2024-11-12,West,T-10,335.4,234.56
J-000701,2024-11-12,East,T-08,543.98,327.9
J-000702,2024-11-13,North,T-10,1194.49,713.42
J-000703,2024-11-13,West,T-03,749.95,402.95
J-000704,2024-11-13,South,T-06,838.69,556.39
J-000705,2024-11-13,East,T-10,531.02,366.21
J-000706,2024-11-13,West,T-10,512.94,307.44
J-000707,2024-11-13,North,T-05,1165.41,721.86
J-000708,2024-11-13,South,T-07,435.17,271.77
J-000709,2024-11-13,North,T-08,479.99,319.53
J-000710,2024-11-13,West,T-06,297.77,198.16
J-000711,2024-11-13,North,T-04,790.85,543.2
J-000712,2024-11-13,North,T-06,1570.75,1038.41
J-000713,2024-11-13,East,T-01,426.29,259.77
J-000714,2024-11-13,South,T-07,461.15,325.39
J-000715,2024-11-13,South,T-08,403.6,247.98
J-000716,2024-11-13,North,T-11,624.55,430.62
J-000717,2024-11-13,North,T-05,1215.64,837.86
J-000718,2024-11-13,South,T-01,1128.95,622.87
J-000719,2024-11-13,West,T-07,462.44,250.14
J-000720,2024-11-13,East,T-02,450.31,298.36
J-000721,2024-11-13,North,T-11,234.76,169.57
J-000722,2024-11-13,West,T-04,402.4,257.46
J-000723,2024-11-13,North,T-03,838.57,544.14
J-000724,2024-11-14,South,T-03,690.68,441.3
J-000725,2024-11-14,North,T-03,559.58,360.58
J-000726,2024-11-14,North,T-09,1015.35,590.34
J-000727,2024-11-14,East,T-09,586.66,388.07
J-000728,2024-11-14,East,T-08,484.73,345.71
J-000729,2024-11-14,South,T-04,663.59,500.9
J-000730,2024-11-14,North,T-05,693.41,461.06
J-000731,2024-11-14,South,T-05,1039.0,622.23
J-000732,2024-11-14,West,T-03,714.76,447.98
J-000733,2024-11-14,South,T-11,1305.65,759.17
J-000734,2024-11-14,South,T-03,1876.72,1235.41
J-000735,2024-11-14,North,T-05,347.93,222.65
J-000736,2024-11-14,East,T-04,1164.38,906.72
J-000737,2024-11-14,South,T-10,407.91,239.58
J-000738,2024-11-14,North,T-06,635.45,408.08
J-000739,2024-11-14,West,T-03,1061.15,654.95
J-000740,2024-11-14,East,T-05,618.99,387.43
J-000741,2024-11-14,South,T-08,1012.09,747.72
J-000742,2024-11-14,South,T-07,615.33,367.68
J-000743,2024-11-14,East,T-01,740.79,410.87
J-000744,2024-11-14,West,T-07,526.82,384.0
J-000745,2024-11-14,North,T-01,1351.11,886.06
J-000746,2024-11-14,East,T-10,684.07,438.34
J-000747,2024-11-14,North,T-12,519.22,322.23
J-000748,2024-11-14,West,T-08,508.48,339.73
J-000749,2024-11-15,South,T-11,161.95,98.94
J-000750,2024-11-15,West,T-11,719.42,528.85
J-000751,2024-11-15,West,T-05,680.73,382.41
J-000752,2024-11-15,East,T-05,696.04,502.02
J-000753,2024-11-15,West,T-04,438.9,263.85
J-000754,2024-11-15,North,T-04,235.91,150.23
J-000755,2024-11-15,East,T-11,1525.74,992.66
J-000756,2024-11-15,South,T-04,264.38,151.76
J-000757,2024-11-15,East,T-12,2075.56,1418.82
J-000758,2024-11-15,North,T-08,421.51,321.86
J-000759,2024-11-15,East,T-10,1958.45,1417.16
J-000760,2024-11-15,East,T-09,486.66,309.13
J-000761,2024-11-15,North,T-05,3041.82,1750.16
J-000762,2024-11-15,South,T-06,679.47,439.35
J-000763,2024-11-15,West,T-01,717.19,481.01
J-000764,2024-11-15,East,T-05,1378.01,959.4
J-000765,2024-11-15,North,T-07,378.5,228.61
J-000766,2024-11-16,South,T-02,535.35,312.57
J-000767,2024-11-16,East,T-04,297.82,186.41
J-000768,2024-11-16,East,T-03,558.44,312.64
J-000769,2024-11-16,West,T-03,984.57,597.67
J-000770,2024-11-16,West,T-04,475.85,282.19
J-000771,2024-11-16,North,T-09,1058.05,715.34
J-000772,2024-11-16,North,T-09,1338.11,887.87
J-000773,2024-11-16,East,T-08,825.24,530.58
J-000774,2024-11-17,East,T-08,581.85,402.68
J-000775,2024-11-17,West,T-05,518.69,395.6
J-000776,2024-11-17,West,T-08,437.38,288.74
J-000777,2024-11-17,South,T-05,619.73,428.19
J-000778,2024-11-17,North,T-10,1025.78,721.43
J-000779,2024-11-17,East,T-07,3438.27,2418.04
J-000780,2024-11-17,North,T-09,647.79,470.02
J-000781,2024-11-17,East,T-11,1424.05,978.48
J-000782,2024-11-17,East,T-10,365.55,201.32
J-000783,2024-11-17,South,T-04,883.32,613.21
J-000784,2024-11-18,West,T-12,415.62,263.38
J-000785,2024-11-18,South,T-04,249.74,170.93
J-000786,2024-11-18,North,T-04,1183.54,713.49
J-000787,2024-11-18,South,T-09,488.59,258.58
J-000788,2024-11-18,South,T-02,545.69,413.92
J-000789,2024-11-18,West,T-11,823.47,477.87
J-000790,2024-11-18,North,T-04,822.02,479.49
J-000791,2024-11-18,North,T-02,1081.08,806.76
J-000792,2024-11-18,South,T-12,805.58,632.9
J-000793,2024-11-18,North,T-12,1412.35,841.17
J-000794,2024-11-18,West,T-12,829.45,492.7
J-000795,2024-11-18,South,T-01,1114.58,793.02
J-000796,2024-11-18,East,T-06,727.35,451.92
J-000797,2024-11-18,North,T-01,971.29,564.37
J-000798,2024-11-18,West,T-12,622.32,397.3
J-000799,2024-11-19,West,T-06,993.87,715.38
J-000800,2024-11-19,South,T-04,962.41,527.79
J-000801,2024-11-19,East,T-07,446.68,286.46
J-000802,2024-11-19,South,T-09,452.57,303.95
J-000803,2024-11-19,North,T-02,825.43,548.04
J-000804,2024-11-19,North,T-01,1180.07,680.18
J-000805,2024-11-19,West,T-02,1062.39,700.01
J-000806,2024-11-19,North,T-10,751.69,486.55
J-000807,2024-11-19,West,T-10,653.21,391.86
J-000808,2024-11-19,North,T-03,874.98,558.42
J-000809,2024-11-19,West,T-10,788.54,551.57
J-000810,2024-11-19,South,T-01,678.36,469.48
J-000811,2024-11-19,West,T-10,660.71,405.83
J-000812,2024-11-19,South,T-02,728.44,550.28
J-000813,2024-11-19,South,T-06,786.78,597.7
J-000814,2024-11-19,South,T-11,681.81,509.25
J-000815,2024-11-19,North,T-08,792.86,504.31
J-000816,2024-11-19,West,T-07,1065.05,680.79
J-000817,2024-11-19,South,T-11,1361.26,845.35
J-000818,2024-11-19,South,T-10,1254.73,752.8
J-000819,2024-11-19,North,T-03,822.03,601.44
J-000820,2024-11-19,North,T-12,595.89,348.1
J-000821,2024-11-19,North,T-03,1516.71,841.23
J-000822,2024-11-20,West,T-06,449.36,295.33
J-000823,2024-11-20,South,T-06,846.25,601.3
J-000824,2024-11-20,West,T-11,581.75,397.85
J-000825,2024-11-20,East,T-06,681.69,445.94
J-000826,2024-11-20,South,T-05,690.54,396.98
J-000827,2024-11-20,East,T-07,1002.95,719.35
J-000828,2024-11-20,East,T-04,1342.84,727.02
J-000829,2024-11-20,North,T-04,1098.11,685.75
J-000830,2024-11-20,West,T-05,373.28,234.91
J-000831,2024-11-20,East,T-04,972.49,585.83
J-000832,2024-11-20,North,T-02,1124.72,874.18
J-000833,2024-11-20,North,T-08,796.13,457.62
J-000834,2024-11-20,West,T-08,485.3,293.43
J-000835,2024-11-20,South,T-05,799.26,534.73
J-000836,2024-11-21,West,T-11,978.47,623.11
J-000837,2024-11-21,East,T-06,477.34,259.61
J-000838,2024-11-21,East,T-09,736.98,462.84
J-000839,2024-11-21,East,T-01,1637.58,946.89
J-000840,2024-11-21,South,T-04,268.83,192.61
J-000841,2024-11-21,North,T-11,1066.04,717.97
J-000842,2024-11-21,South,T-07,634.0,368.66
J-000843,2024-11-21,South,T-05,1017.89,741.64
J-000844,2024-11-21,South,T-01,586.12,358.3
J-000845,2024-11-21,East,T-07,560.52,367.78
J-000846,2024-11-21,East,T-06,934.3,647.66
J-000847,2024-11-21,East,T-11,950.89,578.18
J-000848,2024-11-21,East,T-03,1018.25,700.3
J-000849,2024-11-21,South,T-07,478.26,277.8
J-000850,2024-11-21,East,T-08,209.52,131.48
J-000851,2024-11-21,North,T-08,1006.24,665.27
J-000852,2024-11-21,South,T-04,976.26,579.79
J-000853,2024-11-21,East,T-07,223.5,128.41
J-000854,2024-11-21,East,T-04,423.86,258.21
J-000855,2024-11-21,East,T-01,740.74,492.99
J-000856,2024-11-21,South,T-05,314.68,189.69
J-000857,2024-11-21,South,T-09,555.82,358.23
J-000858,2024-11-21,North,T-08,415.02,282.51
J-000859,2024-11-21,North,T-10,454.44,313.98
J-000860,2024-11-22,South,T-09,853.8,557.54
J-000861,2024-11-22,East,T-12,667.38,398.33
J-000862,2024-11-22,West,T-04,739.01,488.81
J-000863,2024-11-22,South,T-08,434.83,220.63
J-000864,2024-11-22,North,T-07,726.6,481.2
J-000865,2024-11-22,South,T-11,372.44,236.91
J-000866,2024-11-22,East,T-11,1114.05,735.55
J-000867,2024-11-22,North,T-08,973.99,614.12
J-000868,2024-11-22,South,T-03,623.67,405.29
J-000869,2024-11-22,West,T-02,870.4,526.81
J-000870,2024-11-22,West,T-09,835.49,659.5
J-000871,2024-11-22,West,T-01,350.76,208.21
J-000872,2024-11-22,South,T-02,370.79,234.54
J-000873,2024-11-22,West,T-10,1047.73,648.95
J-000874,2024-11-22,East,T-01,1193.32,757.81
J-000875,2024-11-22,North,T-05,536.38,316.07
J-000876,2024-11-23,North,T-03,868.94,634.44
J-000877,2024-11-23,North,T-04,515.99,335.12
J-000878,2024-11-23,West,T-01,619.18,359.4
J-000879,2024-11-23,West,T-04,740.45,515.42
J-000880,2024-11-24,East,T-04,798.1,501.77
J-000881,2024-11-24,West,T-11,785.65,487.11
J-000882,2024-11-24,South,T-08,933.1,618.37
J-000883,2024-11-25,East,T-04,361.96,226.96
J-000884,2024-11-25,North,T-11,859.94,597.9
J-000885,2024-11-25,West,T-03,483.26,351.35
J-000886,2024-11-25,East,T-01,644.51,408.51
J-000887,2024-11-25,North,T-09,861.29,682.23
J-000888,2024-11-25,North,T-06,292.61,178.76
J-000889,2024-11-25,South,T-12,831.52,374.18
J-000890,2024-11-25,East,T-05,250.67,183.28
J-000891,2024-11-25,North,T-12,1086.91,695.06
J-000892,2024-11-25,East,T-07,1208.96,800.13
J-000893,2024-11-25,North,T-05,553.5,292.42
J-000894,2024-11-25,West,T-12,1196.17,622.88
J-000895,2024-11-25,West,T-12,445.46,242.52
J-000896,2024-11-25,West,T-10,332.61,228.38
J-000897,2024-11-25,North,T-11,516.98,325.52
J-000898,2024-11-25,West,T-10,682.52,443.72
J-000899,2024-11-25,South,T-10,768.33,479.54
J-000900,2024-11-25,South,T-08,648.29,427.26
J-000901,2024-11-25,West,T-05,492.12,330.39
J-000902,2024-11-25,North,T-01,689.68,428.82
J-000903,2024-11-25,South,T-08,527.44,285.48
J-000904,2024-11-26,South,T-10,1039.95,632.41
J-000905,2024-11-26,West,T-06,562.41,330.41
J-000906,2024-11-26,North,T-09,1463.24,1056.84
J-000907,2024-11-26,South,T-07,434.44,325.25
J-000908,2024-11-26,South,T-10,1395.1,948.02
J-000909,2024-11-26,North,T-11,770.05,474.49
J-000910,2024-11-26,North,T-11,591.58,419.24
J-000911,2024-11-26,North,T-08,686.94,398.63
J-000912,2024-11-26,West,T-07,843.41,548.22
J-000913,2024-11-26,East,T-09,1049.1,474.28
J-000914,2024-11-26,North,T-12,319.87,200.08
J-000915,2024-11-26,East,T-08,539.59,378.89
J-000916,2024-11-26,East,T-07,1013.06,649.38
J-000917,2024-11-26,East,T-12,733.46,478.01
J-000918,2024-11-27,East,T-09,1206.87,675.69
J-000919,2024-11-27,East,T-07,691.08,499.13
J-000920,2024-11-27,North,T-04,268.5,179.13
J-000921,2024-11-27,North,T-01,279.0,197.55
J-000922,2024-11-27,North,T-09,910.37,618.35
J-000923,2024-11-27,South,T-05,1049.77,557.3
J-000924,2024-11-27,West,T-01,637.26,422.69
J-000925,2024-11-27,East,T-04,1188.74,842.71
J-000926,2024-11-27,East,T-07,445.05,279.8
J-000927,2024-11-27,South,T-12,123.68,97.05
J-000928,2024-11-27,North,T-01,1782.51,1103.65
J-000929,2024-11-27,West,T-07,533.01,393.96
J-000930,2024-11-27,North,T-08,1241.39,838.07
J-000931,2024-11-27,South,T-07,1184.75,938.69
J-000932,2024-11-27,East,T-04,740.56,532.19
J-000933,2024-11-27,North,T-07,591.66,324.08
J-000934,2024-11-27,South,T-06,661.24,493.38
J-000935,2024-11-27,West,T-09,430.98,257.0
J-000936,2024-11-27,West,T-10,689.64,423.06
J-000937,2024-11-27,North,T-02,413.82,274.58
J-000938,2024-11-27,South,T-04,753.53,447.19
J-000939,2024-11-28,East,T-08,537.59,299.09
J-000940,2024-11-28,North,T-08,582.1,359.37
J-000941,2024-11-28,East,T-07,630.89,382.48
J-000942,2024-11-28,South,T-05,858.63,579.01
J-000943,2024-11-28,South,T-03,999.86,615.12
J-000944,2024-11-28,East,T-08,846.68,559.23
J-000945,2024-11-28,North,T-12,349.83,226.96
J-000946,2024-11-28,North,T-06,876.49,611.72
J-000947,2024-11-28,East,T-08,559.19,339.81
J-000948,2024-11-28,South,T-10,752.39,444.9
J-000949,2024-11-28,North,T-09,252.84,175.87
J-000950,2024-11-28,East,T-10,333.2,201.61
J-000951,2024-11-28,West,T-08,676.17,452.21
J-000952,2024-11-29,North,T-05,1100.12,799.53
J-000953,2024-11-29,South,T-08,667.63,467.71
J-000954,2024-11-29,West,T-02,328.58,193.7
J-000955,2024-11-29,East,T-12,1004.16,641.37
J-000956,2024-11-29,South,T-10,1238.53,882.24
J-000957,2024-11-29,South,T-08,865.59,522.42
J-000958,2024-11-29,West,T-08,1318.78,880.48
J-000959,2024-11-29,North,T-03,743.01,584.65
J-000960,2024-11-29,North,T-08,358.67,253.45
J-000961,2024-11-29,West,T-06,492.04,352.73
J-000962,2024-11-29,West,T-12,567.36,361.38
J-000963,2024-11-29,North,T-09,1005.61,737.33
J-000964,2024-11-29,South,T-02,1064.96,666.57
J-000965,2024-11-29,West,T-05,1595.69,1212.56
J-000966,2024-11-29,North,T-11,610.18,411.6
J-000967,2024-11-29,North,T-10,844.7,563.64
J-000968,2024-11-29,North,T-10,627.05,406.41
J-000969,2024-11-29,South,T-02,603.19,387.95
J-000970,2024-11-29,North,T-07,1346.73,993.17
J-000971,2024-11-29,East,T-03,906.21,571.62
J-000972,2024-11-29,South,T-10,700.1,453.85
J-000973,2024-11-29,South,T-12,587.0,367.14
J-000974,2024-11-29,North,T-11,372.38,210.18
J-000975,2024-11-29,North,T-06,645.77,448.0
J-000976,2024-11-29,South,T-01,885.86,530.17
J-000977,2024-11-29,North,T-02,673.2,366.86
J-000978,2024-11-30,East,T-11,996.4,652.36
J-000979,2024-11-30,West,T-07,271.04,149.34
J-000980,2024-11-30,East,T-06,1254.39,665.58
J-000981,2024-11-30,East,T-02,436.07,306.53
J-000982,2024-11-30,South,T-08,962.74,511.71
J-000983,2024-11-30,East,T-09,613.21,397.23
J-000984,2024-11-30,South,T-03,329.61,235.51
J-000985,2024-11-30,North,T-01,337.22,248.09
J-000986,2024-12-01,South,T-05,1252.34,741.53
J-000987,2024-12-02,South,T-01,722.42,528.51
J-000988,2024-12-02,West,T-10,615.33,391.94
J-000989,2024-12-02,South,T-02,681.26,419.86
J-000990,2024-12-02,South,T-09,337.32,200.7
J-000991,2024-12-02,North,T-02,613.26,418.41
J-000992,2024-12-02,North,T-04,627.29,383.35
J-000993,2024-12-02,West,T-08,530.69,272.02
J-000994,2024-12-02,North,T-03,581.22,338.28
J-000995,2024-12-02,East,T-04,760.55,560.38
J-000996,2024-12-02,South,T-08,761.01,484.61
J-000997,2024-12-02,West,T-04,921.0,424.44
J-000998,2024-12-02,South,T-09,334.03,210.0
J-000999,2024-12-02,North,T-04,299.38,204.26
J-001000,2024-12-02,East,T-01,440.66,256.13
J-001001,2024-12-02,West,T-11,319.41,224.82
J-001002,2024-12-02,East,T-08,289.47,182.71
J-001003,2024-12-02,South,T-10,348.59,233.52
J-001004,2024-12-02,East,T-06,1042.55,529.48
J-001005,2024-12-02,South,T-01,1528.15,1110.04
J-001006,2024-12-02,East,T-01,494.82,307.69
J-001007,2024-12-02,East,T-02,454.17,311.31
J-001008,2024-12-03,West,T-04,347.2,194.19
J-001009,2024-12-03,South,T-10,659.99,457.11
J-001010,2024-12-03,North,T-01,628.25,374.47
J-001011,2024-12-03,South,T-06,373.74,283.81
J-001012,2024-12-03,North,T-06,927.67,629.58
J-001013,2024-12-03,North,T-12,401.87,251.56
J-001014,2024-12-03,East,T-01,440.02,285.72
J-001015,2024-12-03,North,T-04,711.32,476.54
J-001016,2024-12-03,North,T-02,938.32,641.02
J-001017,2024-12-03,North,T-04,420.07,241.53
J-001018,2024-12-03,North,T-07,786.13,506.87
J-001019,2024-12-03,South,T-06,1900.42,1114.3
J-001020,2024-12-03,West,T-06,453.0,230.05
J-001021,2024-12-03,North,T-08,392.08,225.69
J-001022,2024-12-03,East,T-06,970.51,726.64
J-001023,2024-12-03,North,T-03,758.62,426.83
J-001024,2024-12-03,West,T-10,857.75,601.3
J-001025,2024-12-03,South,T-03,446.16,312.27
J-001026,2024-12-03,South,T-10,477.15,289.35
J-001027,2024-12-03,East,T-10,792.98,515.82
J-001028,2024-12-03,West,T-02,1305.84,779.24
J-001029,2024-12-04,East,T-09,610.92,396.34
J-001030,2024-12-04,West,T-06,1405.48,788.73
J-001031,2024-12-04,South,T-01,534.06,327.8
J-001032,2024-12-04,North,T-03,1090.35,680.53
J-001033,2024-12-04,East,T-03,329.06,226.03
J-001034,2024-12-04,North,T-09,834.72,523.66
J-001035,2024-12-04,West,T-03,740.34,513.44
J-001036,2024-12-04,South,T-07,673.07,388.01
J-001037,2024-12-04,West,T-11,635.15,461.66
J-001038,2024-12-04,East,T-11,1813.65,1156.06
J-001039,2024-12-04,North,T-06,542.66,330.55
J-001040,2024-12-05,East,T-12,1294.19,778.46
J-001041,2024-12-05,West,T-01,376.95,236.62
J-001042,2024-12-05,West,T-05,296.39,183.38
J-001043,2024-12-05,East,T-01,1114.61,732.52
J-001044,2024-12-05,South,T-07,535.6,394.66
J-001045,2024-12-05,South,T-09,950.52,456.23
J-001046,2024-12-05,North,T-11,1319.7,698.35
J-001047,2024-12-05,South,T-01,372.91,276.95
J-001048,2024-12-05,South,T-03,806.12,478.78
J-001049,2024-12-05,South,T-04,184.64,106.15
J-001050,2024-12-05,East,T-06,257.61,158.98
J-001051,2024-12-05,West,T-05,329.1,215.15
J-001052,2024-12-05,West,T-06,606.09,381.66
J-001053,2024-12-05,West,T-02,350.35,219.58
J-001054,2024-12-05,South,T-10,1039.29,699.7
J-001055,2024-12-05,South,T-11,415.38,247.18
J-001056,2024-12-05,South,T-06,448.72,291.09
J-001057,2024-12-05,South,T-08,658.91,357.24
J-001058,2024-12-05,East,T-06,1135.84,684.59
J-001059,2024-12-05,West,T-04,639.72,385.41
J-001060,2024-12-05,North,T-09,754.78,517.53
J-001061,2024-12-06,South,T-07,677.16,406.5
J-001062,2024-12-06,East,T-09,1428.92,887.43
J-001063,2024-12-06,North,T-02,993.72,637.4
J-001064,2024-12-06,North,T-02,1063.16,638.14
J-001065,2024-12-06,North,T-05,683.51,472.9
J-001066,2024-12-06,North,T-08,628.81,393.47
J-001067,2024-12-06,North,T-04,352.05,203.41
J-001068,2024-12-06,North,T-03,668.83,408.6
J-001069,2024-12-06,North,T-06,1476.87,1056.44
J-001070,2024-12-06,East,T-08,1684.06,1102.16
J-001071,2024-12-06,South,T-12,973.86,682.13
J-001072,2024-12-06,West,T-02,1080.71,616.42
J-001073,2024-12-06,South,T-09,389.51,226.3
J-001074,2024-12-06,North,T-09,578.87,347.96
J-001075,2024-12-06,South,T-12,383.22,255.12
J-001076,2024-12-06,North,T-02,614.48,407.03
J-001077,2024-12-06,South,T-02,889.36,734.71
J-001078,2024-12-07,East,T-07,986.24,728.55
J-001079,2024-12-07,West,T-10,231.43,155.94
J-001080,2024-12-07,East,T-10,381.76,250.78
J-001081,2024-12-07,East,T-02,1259.53,733.86
J-001082,2024-12-07,North,T-04,517.43,377.29
J-001083,2024-12-07,South,T-02,514.14,293.72
J-001084,2024-12-07,North,T-09,719.15,502.55
J-001085,2024-12-07,North,T-01,1491.24,890.2
J-001086,2024-12-07,West,T-07,1115.96,854.66
J-001087,2024-12-07,West,T-09,571.93,409.44
J-001088,2024-12-08,South,T-07,1252.41,807.42
J-001089,2024-12-08,East,T-02,1640.15,1241.44
J-001090,2024-12-09,West,T-06,429.28,299.9
J-001091,2024-12-09,East,T-06,599.33,387.26
J-001092,2024-12-09,East,T-01,2451.24,1550.91
J-001093,2024-12-09,West,T-02,1129.76,739.29
J-001094,2024-12-09,South,T-01,600.57,320.09
J-001095,2024-12-09,South,T-04,271.58,179.99
J-001096,2024-12-09,North,T-07,690.36,431.72
J-001097,2024-12-09,East,T-11,928.18,549.23
J-001098,2024-12-09,North,T-07,811.92,508.18
J-001099,2024-12-09,South,T-08,683.04,452.84
J-001100,2024-12-09,South,T-09,508.92,373.22
J-001101,2024-12-09,North,T-11,1018.05,696.4
J-001102,2024-12-09,North,T-03,1164.34,874.17
J-001103,2024-12-09,North,T-06,691.9,421.09
J-001104,2024-12-09,South,T-12,411.57,240.14
J-001105,2024-12-09,East,T-01,929.24,712.93
J-001106,2024-12-09,North,T-07,488.7,316.97
J-001107,2024-12-09,North,T-01,957.73,631.54
J-001108,2024-12-10,East,T-11,434.73,297.21
J-001109,2024-12-10,North,T-02,878.35,671.47
J-001110,2024-12-10,South,T-11,519.95,345.91
J-001111,2024-12-10,West,T-08,337.78,223.99
J-001112,2024-12-10,North,T-03,599.13,425.43
J-001113,2024-12-10,East,T-09,406.71,277.9
J-001114,2024-12-10,West,T-07,688.24,383.42
J-001115,2024-12-10,East,T-04,1033.34,634.37
J-001116,2024-12-10,East,T-08,491.72,366.57
J-001117,2024-12-10,West,T-12,411.97,255.88
J-001118,2024-12-10,South,T-08,1342.46,847.7
J-001119,2024-12-10,West,T-11,648.34,413.54
J-001120,2024-12-10,East,T-11,753.37,479.95
J-001121,2024-12-10,West,T-10,1101.5,630.04
J-001122,2024-12-10,North,T-05,1265.42,789.95
J-001123,2024-12-10,North,T-12,750.43,471.14
J-001124,2024-12-10,North,T-04,753.65,523.06
J-001125,2024-12-10,North,T-04,1006.16,729.63
J-001126,2024-12-10,South,T-01,1263.55,801.78
J-001127,2024-12-10,North,T-04,1608.22,1185.76
J-001128,2024-12-10,North,T-05,1413.3,972.38
J-001129,2024-12-11,North,T-01,578.92,382.03
J-001130,2024-12-11,East,T-06,725.32,475.76
J-001131,2024-12-11,East,T-08,1068.49,766.46
J-001132,2024-12-11,East,T-09,992.28,639.7
J-001133,2024-12-11,North,T-12,951.9,617.56
J-001134,2024-12-11,North,T-09,970.36,635.54
J-001135,2024-12-11,South,T-09,411.68,220.52
J-001136,2024-12-11,North,T-08,237.3,144.12
J-001137,2024-12-11,East,T-07,610.56,366.52
J-001138,2024-12-11,South,T-12,946.87,574.17
J-001139,2024-12-11,West,T-07,670.44,398.19
J-001140,2024-12-11,West,T-10,551.26,316.6
J-001141,2024-12-12,North,T-09,721.33,376.27
J-001142,2024-12-12,North,T-09,852.1,659.35
J-001143,2024-12-12,South,T-08,1403.27,1133.85
J-001144,2024-12-12,North,T-07,1106.51,671.04
J-001145,2024-12-12,North,T-02,491.88,326.55
J-001146,2024-12-12,East,T-06,836.17,528.24
J-001147,2024-12-12,South,T-01,328.43,187.59
J-001148,2024-12-12,South,T-12,758.67,534.04
J-001149,2024-12-12,West,T-11,1162.17,786.21
J-001150,2024-12-12,South,T-10,1076.85,713.49
J-001151,2024-12-12,East,T-11,210.44,131.01
J-001152,2024-12-12,North,T-03,1491.88,824.99
J-001153,2024-12-13,North,T-06,378.56,216.36
J-001154,2024-12-13,North,T-07,311.96,211.82
J-001155,2024-12-13,East,T-01,1151.84,707.22
J-001156,2024-12-13,West,T-08,1581.44,743.19
J-001157,2024-12-13,South,T-01,681.89,391.99
J-001158,2024-12-13,South,T-05,489.43,315.13
J-001159,2024-12-13,North,T-02,604.23,370.28
J-001160,2024-12-13,South,T-10,284.84,190.19
J-001161,2024-12-13,North,T-08,1277.76,863.08
J-001162,2024-12-13,East,T-12,564.76,319.34
J-001163,2024-12-13,South,T-04,1271.75,927.42
J-001164,2024-12-13,North,T-01,654.58,441.93
J-001165,2024-12-14,South,T-02,305.09,204.22
J-001166,2024-12-14,East,T-09,737.41,490.33
J-001167,2024-12-14,North,T-05,566.35,391.16
J-001168,2024-12-14,North,T-10,692.95,459.42
J-001169,2024-12-14,West,T-12,1007.53,718.24
J-001170,2024-12-14,West,T-09,604.5,381.67
J-001171,2024-12-14,South,T-01,1280.57,887.44
J-001172,2024-12-14,West,T-05,760.17,519.34
J-001173,2024-12-15,South,T-01,632.24,402.43
J-001174,2024-12-15,South,T-07,194.83,112.05
J-001175,2024-12-15,North,T-07,702.07,520.25
J-001176,2024-12-16,East,T-08,669.08,472.54
J-001177,2024-12-16,South,T-10,633.94,364.29
J-001178,2024-12-16,East,T-04,827.44,494.44
J-001179,2024-12-16,North,T-02,877.36,548.31
J-001180,2024-12-16,East,T-07,805.59,498.27
J-001181,2024-12-16,West,T-04,348.65,224.76
J-001182,2024-12-16,South,T-10,751.05,514.38
J-001183,2024-12-16,North,T-01,896.46,560.79
J-001184,2024-12-17,North,T-05,505.48,324.11
J-001185,2024-12-17,North,T-01,713.46,415.28
J-001186,2024-12-17,South,T-12,536.4,316.36
J-001187,2024-12-17,East,T-09,840.18,607.02
J-001188,2024-12-17,East,T-01,1162.01,617.46
J-001189,2024-12-17,North,T-10,2308.01,1102.35
J-001190,2024-12-17,North,T-12,595.68,366.28
J-001191,2024-12-17,West,T-09,642.78,376.25
J-001192,2024-12-17,South,T-09,376.24,203.63
J-001193,2024-12-17,South,T-07,493.18,311.57
J-001194,2024-12-17,South,T-03,1649.93,1113.37
J-001195,2024-12-17,North,T-01,340.37,209.69
J-001196,2024-12-17,North,T-05,1024.3,588.79
J-001197,2024-12-17,West,T-05,1689.87,1056.35
J-001198,2024-12-17,South,T-02,928.83,566.69
J-001199,2024-12-17,East,T-09,588.41,360.14
J-001200,2024-12-17,South,T-07,459.18,341.68
J-001201,2024-12-18,South,T-12,1525.09,883.04
J-001202,2024-12-18,North,T-01,572.62,394.01
J-001203,2024-12-18,South,T-02,1233.18,759.28
J-001204,2024-12-18,South,T-10,414.19,236.59
J-001205,2024-12-18,East,T-04,770.39,404.68
J-001206,2024-12-18,North,T-08,1191.6,720.78
J-001207,2024-12-18,West,T-08,855.78,428.7
J-001208,2024-12-18,South,T-01,1698.91,911.27
J-001209,2024-12-18,South,T-01,646.67,401.02
J-001210,2024-12-18,West,T-06,953.52,712.38
J-001211,2024-12-18,East,T-03,505.3,292.95
J-001212,2024-12-18,East,T-08,460.82,335.85
J-001213,2024-12-18,East,T-02,638.61,428.83
J-001214,2024-12-18,East,T-04,946.18,604.67
J-001215,2024-12-18,South,T-03,963.04,608.03
J-001216,2024-12-18,South,T-03,658.59,440.82
J-001217,2024-12-18,East,T-12,371.49,276.43
J-001218,2024-12-18,East,T-07,560.14,348.4
J-001219,2024-12-18,North,T-11,569.74,343.01
J-001220,2024-12-18,South,T-04,1646.33,915.52
J-001221,2024-12-18,East,T-11,1915.31,1229.22
J-001222,2024-12-18,West,T-09,1168.25,693.7
J-001223,2024-12-19,North,T-11,366.81,269.02
J-001224,2024-12-19,North,T-08,381.85,279.57
J-001225,2024-12-19,West,T-04,391.31,209.06
J-001226,2024-12-19,South,T-05,498.04,340.99
J-001227,2024-12-19,South,T-11,812.36,484.65
J-001228,2024-12-19,East,T-03,1776.75,1099.97
J-001229,2024-12-19,West,T-04,310.86,227.3
J-001230,2024-12-19,North,T-07,639.38,432.67
J-001231,2024-12-19,West,T-01,542.33,382.62
J-001232,2024-12-19,South,T-12,559.47,369.79
J-001233,2024-12-19,North,T-01,697.21,401.25
J-001234,2024-12-19,North,T-01,519.06,330.48
J-001235,2024-12-19,East,T-02,499.65,315.92
J-001236,2024-12-19,West,T-11,1154.76,757.97
J-001237,2024-12-19,West,T-07,252.77,122.98
J-001238,2024-12-19,South,T-08,604.13,394.1
J-001239,2024-12-19,North,T-07,384.89,255.56
J-001240,2024-12-19,North,T-07,524.37,379.12
J-001241,2024-12-19,West,T-07,1651.08,978.39
J-001242,2024-12-19,East,T-05,577.22,391.32
J-001243,2024-12-19,South,T-12,179.67,81.97
J-001244,2024-12-19,East,T-06,1747.19,1116.36
J-001245,2024-12-19,North,T-04,551.31,353.22
J-001246,2024-12-19,East,T-03,2083.58,1393.29
J-001247,2024-12-20,West,T-03,355.89,260.79
J-001248,2024-12-20,North,T-12,864.96,523.18
J-001249,2024-12-20,West,T-02,941.67,521.17
J-001250,2024-12-20,North,T-05,1213.78,762.17
J-001251,2024-12-20,South,T-12,370.9,254.28
J-001252,2024-12-20,West,T-06,680.36,440.38
J-001253,2024-12-20,South,T-06,605.88,416.68
J-001254,2024-12-20,North,T-03,737.52,466.44
J-001255,2024-12-20,East,T-07,667.75,467.19
J-001256,2024-12-20,East,T-12,340.79,237.36
J-001257,2024-12-20,East,T-05,444.52,286.95
J-001258,2024-12-20,North,T-06,327.68,188.74
J-001259,2024-12-20,West,T-05,471.32,314.83
J-001260,2024-12-20,East,T-10,407.1,261.5
J-001261,2024-12-20,North,T-12,2177.64,1476.06
J-001262,2024-12-20,West,T-04,1980.65,1073.95
J-001263,2024-12-20,North,T-08,604.04,371.47
J-001264,2024-12-20,North,T-06,1372.06,761.01
J-001265,2024-12-20,East,T-11,1147.12,732.08
J-001266,2024-12-20,East,T-01,606.13,360.39
J-001267,2024-12-20,North,T-12,337.43,232.42
J-001268,2024-12-21,South,T-12,1397.77,857.85
J-001269,2024-12-21,South,T-06,517.09,324.96
J-001270,2024-12-21,South,T-09,247.29,149.94
J-001271,2024-12-21,West,T-03,727.94,518.28
J-001272,2024-12-21,South,T-04,1357.44,931.21
J-001273,2024-12-21,South,T-06,1715.6,1195.89
J-001274,2024-12-21,South,T-08,666.09,412.8
J-001275,2024-12-21,North,T-04,474.34,298.14
J-001276,2024-12-21,East,T-09,609.02,406.42
J-001277,2024-12-22,West,T-07,790.16,574.18
J-001278,2024-12-22,East,T-09,1171.04,764.16
J-001279,2024-12-22,East,T-01,379.09,236.05
J-001280,2024-12-22,East,T-12,899.93,604.69
J-001281,2024-12-23,North,T-02,308.16,226.98
J-001282,2024-12-23,East,T-02,369.11,212.14
J-001283,2024-12-23,South,T-05,389.91,266.86
J-001284,2024-12-23,North,T-09,522.27,344.81
J-001285,2024-12-23,East,T-03,691.73,471.6
J-001286,2024-12-23,North,T-08,403.42,260.03
J-001287,2024-12-23,South,T-06,327.58,192.15
J-001288,2024-12-23,South,T-04,464.79,317.18
J-001289,2024-12-23,North,T-08,308.66,191.36
J-001290,2024-12-23,South,T-04,502.06,309.24
J-001291,2024-12-23,South,T-05,733.65,440.41
J-001292,2024-12-23,West,T-10,454.2,293.26
J-001293,2024-12-23,South,T-05,1248.19,753.88
J-001294,2024-12-23,East,T-05,694.38,506.55
J-001295,2024-12-23,North,T-11,750.38,468.44
J-001296,2024-12-24,East,T-03,1575.37,1015.65
J-001297,2024-12-24,West,T-11,540.39,306.52
J-001298,2024-12-24,North,T-01,1177.52,662.27
J-001299,2024-12-24,North,T-02,1208.58,617.42
J-001300,2024-12-24,North,T-07,729.71,492.03
J-001301,2024-12-24,North,T-10,779.8,545.74
J-001302,2024-12-24,North,T-12,882.94,669.16
J-001303,2024-12-24,East,T-12,275.67,219.62
J-001304,2024-12-24,West,T-05,689.17,484.95
J-001305,2024-12-24,East,T-09,929.8,580.94
J-001306,2024-12-24,West,T-10,1085.79,553.92
J-001307,2024-12-24,East,T-08,834.95,545.57
J-001308,2024-12-24,East,T-07,696.79,495.33
J-001309,2024-12-24,South,T-05,913.03,566.05
J-001310,2024-12-24,West,T-11,1256.16,882.27
J-001311,2024-12-24,North,T-10,1053.59,729.18
J-001312,2024-12-24,East,T-07,494.96,341.66
J-001313,2024-12-24,West,T-08,403.03,217.19
J-001314,2024-12-24,East,T-12,802.14,573.04
J-001315,2024-12-25,East,T-07,664.83,418.68
J-001316,2024-12-25,North,T-08,349.8,235.83
J-001317,2024-12-25,West,T-03,619.49,391.37
J-001318,2024-12-25,East,T-11,909.84,612.94
J-001319,2024-12-25,North,T-02,1115.69,792.15
J-001320,2024-12-25,West,T-10,642.08,418.42
J-001321,2024-12-25,West,T-05,567.94,315.46
J-001322,2024-12-25,West,T-08,298.63,197.42
J-001323,2024-12-25,South,T-01,880.33,542.73
J-001324,2024-12-25,South,T-01,519.57,333.11
J-001325,2024-12-25,South,T-09,618.15,379.92
J-001326,2024-12-25,West,T-08,462.54,280.54
J-001327,2024-12-25,South,T-03,839.33,467.67
J-001328,2024-12-25,West,T-01,1071.3,672.07
J-001329,2024-12-25,West,T-05,1520.32,1024.67
J-001330,2024-12-25,North,T-06,544.5,368.45
J-001331,2024-12-25,East,T-07,727.39,544.16
J-001332,2024-12-26,South,T-05,771.11,499.86
J-001333,2024-12-26,South,T-06,650.05,424.66
J-001334,2024-12-26,South,T-04,687.28,471.77
J-001335,2024-12-26,South,T-07,739.27,412.49
J-001336,2024-12-26,North,T-04,653.05,404.53
J-001337,2024-12-26,South,T-11,1471.62,1064.22
J-001338,2024-12-26,North,T-05,926.72,597.2
J-001339,2024-12-26,East,T-09,805.24,494.04
J-001340,2024-12-26,North,T-11,919.25,554.17
J-001341,2024-12-26,West,T-11,432.22,261.77
J-001342,2024-12-26,South,T-12,1129.94,657.47
J-001343,2024-12-26,North,T-01,1273.85,771.65
J-001344,2024-12-26,South,T-01,1031.29,712.42
J-001345,2024-12-26,West,T-03,889.68,573.32
J-001346,2024-12-26,South,T-01,1296.01,888.92
J-001347,2024-12-26,North,T-11,693.68,431.46
J-001348,2024-12-26,East,T-04,552.44,321.99
J-001349,2024-12-27,South,T-08,311.12,192.19
J-001350,2024-12-27,South,T-04,941.49,598.85
J-001351,2024-12-27,North,T-01,620.57,367.86
J-001352,2024-12-27,North,T-12,890.53,519.86
J-001353,2024-12-27,North,T-02,574.14,404.05
J-001354,2024-12-27,North,T-08,822.67,584.29
J-001355,2024-12-27,North,T-02,694.21,520.84
J-001356,2024-12-27,South,T-02,424.54,282.41
J-001357,2024-12-27,West,T-07,388.11,259.26
J-001358,2024-12-27,West,T-02,1069.9,652.56
J-001359,2024-12-27,North,T-11,536.46,312.25
J-001360,2024-12-27,South,T-01,583.53,432.08
J-001361,2024-12-27,West,T-09,1363.5,787.46
J-001362,2024-12-27,North,T-10,1197.24,736.04
J-001363,2024-12-27,South,T-08,839.4,510.02
J-001364,2024-12-27,South,T-06,925.25,695.56
J-001365,2024-12-27,West,T-04,902.59,614.06
J-001366,2024-12-27,North,T-07,409.0,247.28
J-001367,2024-12-27,East,T-09,599.12,356.83
J-001368,2024-12-28,North,T-01,543.69,388.71
J-001369,2024-12-28,East,T-04,311.47,209.51
J-001370,2024-12-28,South,T-08,502.2,353.08
J-001371,2024-12-28,South,T-01,444.35,279.24
J-001372,2024-12-28,West,T-06,778.4,487.67
J-001373,2024-12-28,East,T-05,696.84,448.96
J-001374,2024-12-28,North,T-04,515.18,326.05
J-001375,2024-12-28,West,T-06,546.03,360.07
J-001376,2024-12-28,West,T-12,730.87,435.72
J-001377,2024-12-29,South,T-07,443.21,326.98
J-001378,2024-12-29,East,T-08,534.04,341.28
J-001379,2024-12-29,South,T-08,624.65,364.66
J-001380,2024-12-30,East,T-09,386.87,281.58
J-001381,2024-12-30,South,T-04,1315.03,951.11
J-001382,2024-12-30,South,T-01,404.83,286.95
J-001383,2024-12-30,South,T-08,2366.35,1462.63
J-001384,2024-12-30,South,T-01,1326.26,983.82
J-001385,2024-12-30,North,T-07,533.57,308.42
J-001386,2024-12-30,North,T-10,616.33,396.39
J-001387,2024-12-30,South,T-09,268.65,192.68
J-001388,2024-12-30,South,T-01,927.46,669.86
J-001389,2024-12-30,North,T-06,235.16,151.31
J-001390,2024-12-30,West,T-12,732.04,452.65
J-001391,2024-12-30,South,T-04,951.31,576.66
J-001392,2024-12-30,West,T-01,1261.22,804.08
J-001393,2024-12-30,North,T-08,545.54,364.3
J-001394,2024-12-30,South,T-09,958.65,648.41
J-001395,2024-12-30,West,T-01,438.8,275.43
J-001396,2024-12-30,North,T-04,266.67,149.12
J-001397,2024-12-30,East,T-02,656.8,389.1
J-001398,2024-12-31,West,T-11,1173.07,739.39
J-001399,2024-12-31,North,T-12,752.72,418.42
J-001400,2024-12-31,North,T-12,644.21,383.5
J-001401,2024-12-31,North,T-11,347.55,222.74
J-001402,2024-12-31,North,T-10,464.06,297.49
J-001403,2024-12-31,South,T-01,1473.88,812.29
J-001404,2024-12-31,West,T-05,593.21,312.35
J-001405,2024-12-31,North,T-07,170.32,111.46
J-001406,2024-12-31,West,T-09,537.39,373.71
J-001407,2024-12-31,East,T-06,351.18,219.95
J-001408,2024-12-31,North,T-11,361.48,236.0
J-001409,2024-12-31,East,T-01,894.88,583.48
J-001410,2024-12-31,South,T-09,869.91,539.47
J-001411,2024-12-31,East,T-03,1148.51,685.47
J-001412,2025-01-01,East,T-09,990.77,575.8
J-001413,2025-01-01,South,T-05,1166.21,754.17
J-001414,2025-01-01,North,T-01,442.0,271.63
J-001415,2025-01-01,East,T-12,389.67,246.83
J-001416,2025-01-01,North,T-11,1268.77,898.31
J-001417,2025-01-01,East,T-06,211.39,121.27
J-001418,2025-01-01,South,T-05,577.52,381.34
J-001419,2025-01-01,North,T-06,510.09,306.76
J-001420,2025-01-01,East,T-01,629.53,442.53
J-001421,2025-01-01,North,T-06,722.11,481.44
J-001422,2025-01-02,East,T-03,732.58,503.52
J-001423,2025-01-02,South,T-03,820.81,494.18
J-001424,2025-01-02,North,T-12,934.35,540.63
J-001425,2025-01-02,South,T-06,207.52,125.66
J-001426,2025-01-02,North,T-08,721.3,331.09
J-001427,2025-01-02,South,T-01,805.31,537.88
J-001428,2025-01-02,West,T-07,625.95,350.58
J-001429,2025-01-02,East,T-07,361.88,191.48
J-001430,2025-01-02,West,T-06,593.96,387.97
J-001431,2025-01-02,South,T-05,277.78,193.38
J-001432,2025-01-02,North,T-05,661.68,432.63
J-001433,2025-01-02,South,T-09,271.27,160.57
J-001434,2025-01-03,North,T-10,1104.47,626.44
J-001435,2025-01-03,East,T-01,736.01,513.46
J-001436,2025-01-03,South,T-06,623.9,415.55
J-001437,2025-01-03,South,T-05,181.81,120.48
J-001438,2025-01-03,North,T-10,523.02,381.48
J-001439,2025-01-03,West,T-10,839.27,567.08
J-001440,2025-01-03,West,T-10,490.53,269.85
J-001441,2025-01-03,West,T-12,839.49,560.1
J-001442,2025-01-03,East,T-05,354.58,222.76
J-001443,2025-01-03,South,T-02,557.89,343.57
J-001444,2025-01-03,South,T-05,1507.7,991.97
J-001445,2025-01-03,North,T-01,993.18,663.71
J-001446,2025-01-03,West,T-06,727.1,494.58
J-001447,2025-01-03,East,T-01,737.64,462.33
J-001448,2025-01-03,West,T-07,826.95,549.79
J-001449,2025-01-03,West,T-08,454.04,280.94
J-001450,2025-01-03,North,T-11,490.95,322.05
J-001451,2025-01-04,East,T-11,897.21,434.27
J-001452,2025-01-04,North,T-05,852.89,545.13
J-001453,2025-01-04,East,T-02,646.11,412.64
J-001454,2025-01-04,North,T-05,1170.12,814.86
J-001455,2025-01-04,West,T-04,278.32,196.77
J-001456,2025-01-04,West,T-09,418.14,237.88
J-001457,2025-01-04,East,T-03,421.41,298.68
J-001458,2025-01-04,South,T-04,664.93,373.65
J-001459,2025-01-05,West,T-09,395.73,243.88
J-001460,2025-01-05,South,T-07,324.09,223.97
J-001461,2025-01-05,East,T-02,518.53,355.09
J-001462,2025-01-05,South,T-09,1712.99,1094.54
J-001463,2025-01-05,West,T-11,555.32,394.72
J-001464,2025-01-05,East,T-05,484.32,348.52
J-001465,2025-01-05,West,T-12,598.59,432.42
J-001466,2025-01-06,East,T-01,625.87,412.92
J-001467,2025-01-06,South,T-01,681.53,448.8
J-001468,2025-01-06,South,T-07,584.39,410.06
J-001469,2025-01-06,South,T-06,561.91,343.38
J-001470,2025-01-06,East,T-04,1669.27,1134.66
J-001471,2025-01-06,North,T-02,766.57,474.32
J-001472,2025-01-06,East,T-12,450.45,300.6
J-001473,2025-01-06,North,T-04,226.13,163.37
J-001474,2025-01-06,West,T-09,151.6,83.11
J-001475,2025-01-06,East,T-09,657.96,446.09
J-001476,2025-01-06,North,T-02,553.11,355.1
J-001477,2025-01-06,South,T-09,458.29,318.1
J-001478,2025-01-06,North,T-11,518.48,365.26
J-001479,2025-01-06,North,T-09,480.5,334.22
J-001480,2025-01-06,North,T-11,1260.19,884.86
J-001481,2025-01-07,North,T-11,689.12,388.01
J-001482,2025-01-07,North,T-03,555.93,330.78
J-001483,2025-01-07,North,T-06,887.32,561.53
J-001484,2025-01-07,East,T-07,318.11,208.25
J-001485,2025-01-07,North,T-06,773.07,458.24
J-001486,2025-01-07,North,T-01,384.9,263.47
J-001487,2025-01-07,North,T-04,1092.85,659.53
J-001488,2025-01-07,West,T-09,942.79,574.48
J-001489,2025-01-07,South,T-10,202.65,126.03
J-001490,2025-01-07,West,T-08,1636.29,933.1
J-001491,2025-01-07,East,T-10,432.53,262.19
J-001492,2025-01-07,North,T-12,479.0,285.78
J-001493,2025-01-08,South,T-02,1306.67,924.15
J-001494,2025-01-08,South,T-05,353.81,230.06
J-001495,2025-01-08,West,T-09,242.02,150.23
J-001496,2025-01-08,South,T-11,1432.12,972.33
J-001497,2025-01-08,West,T-12,587.43,371.42
J-001498,2025-01-08,North,T-07,1444.44,839.74
J-001499,2025-01-08,East,T-10,546.67,349.03
J-001500,2025-01-08,North,T-04,903.29,467.2
J-001501,2025-01-08,North,T-10,197.91,123.97
J-001502,2025-01-08,North,T-03,355.27,202.44
J-001503,2025-01-08,North,T-09,746.35,386.67
J-001504,2025-01-08,West,T-12,590.27,396.38
J-001505,2025-01-08,West,T-01,518.67,271.69
J-001506,2025-01-08,South,T-01,509.24,340.55
J-001507,2025-01-08,West,T-09,667.18,449.18
J-001508,2025-01-08,East,T-02,659.93,471.03
J-001509,2025-01-08,South,T-07,602.61,423.96
J-001510,2025-01-08,East,T-11,2435.51,1401.11
J-001511,2025-01-08,North,T-03,808.71,530.56
J-001512,2025-01-08,West,T-10,604.64,346.48
J-001513,2025-01-08,South,T-02,609.17,411.69
J-001514,2025-01-08,East,T-11,541.52,296.21
J-001515,2025-01-08,West,T-11,554.79,394.06
J-001516,2025-01-08,West,T-08,433.93,315.27
J-001517,2025-01-09,North,T-06,900.76,628.92
J-001518,2025-01-09,East,T-06,343.78,237.76
J-001519,2025-01-09,North,T-10,827.25,535.12
J-001520,2025-01-09,West,T-10,426.35,247.91
J-001521,2025-01-09,West,T-07,496.42,235.79
J-001522,2025-01-09,North,T-09,858.91,621.48
J-001523,2025-01-09,East,T-04,1118.76,726.33
J-001524,2025-01-09,North,T-04,677.21,460.77
J-001525,2025-01-09,North,T-10,1209.79,742.91
J-001526,2025-01-09,West,T-06,783.0,527.08
J-001527,2025-01-09,South,T-02,375.59,210.81
J-001528,2025-01-09,West,T-07,607.19,389.01
J-001529,2025-01-09,North,T-03,618.2,367.72
J-001530,2025-01-09,West,T-11,907.26,602.18
J-001531,2025-01-09,North,T-09,913.62,619.22
J-001532,2025-01-10,East,T-09,291.73,179.9
J-001533,2025-01-10,West,T-10,741.26,475.0
J-001534,2025-01-10,East,T-09,392.05,226.42
J-001535,2025-01-10,West,T-02,567.89,321.59
J-001536,2025-01-10,East,T-08,458.9,317.76
J-001537,2025-01-10,North,T-06,1156.8,726.82
J-001538,2025-01-10,South,T-05,677.61,462.63
J-001539,2025-01-10,South,T-10,881.21,521.0
J-001540,2025-01-10,North,T-12,1041.0,670.05
J-001541,2025-01-10,North,T-09,381.86,210.57
J-001542,2025-01-10,North,T-08,340.61,230.69
J-001543,2025-01-10,North,T-07,534.99,329.97
J-001544,2025-01-10,North,T-06,470.76,263.94
J-001545,2025-01-10,North,T-01,610.46,465.37
J-001546,2025-01-10,South,T-11,1168.17,711.09
J-001547,2025-01-10,North,T-06,985.13,664.47
J-001548,2025-01-10,North,T-09,191.31,129.27
J-001549,2025-01-10,East,T-05,627.04,337.67
J-001550,2025-01-10,West,T-08,485.86,314.39
J-001551,2025-01-10,West,T-03,2115.19,1351.18
J-001552,2025-01-11,East,T-07,294.31,182.13
J-001553,2025-01-11,East,T-11,685.01,406.33
J-001554,2025-01-11,South,T-03,519.73,281.56
J-001555,2025-01-11,South,T-12,472.38,333.22
J-001556,2025-01-11,West,T-08,807.96,545.85
J-001557,2025-01-11,East,T-01,650.16,436.73
J-001558,2025-01-11,North,T-01,633.19,350.33
J-001559,2025-01-11,South,T-10,694.49,427.24
J-001560,2025-01-11,North,T-08,1547.06,988.05
J-001561,2025-01-11,South,T-03,558.12,301.37
J-001562,2025-01-12,East,T-07,953.56,598.95
J-001563,2025-01-12,North,T-10,314.59,240.07
J-001564,2025-01-12,East,T-03,426.26,268.14
J-001565,2025-01-12,South,T-05,451.24,331.9
J-001566,2025-01-12,North,T-09,594.84,404.21
J-001567,2025-01-13,East,T-03,636.8,473.64
J-001568,2025-01-13,West,T-08,868.4,500.1
J-001569,2025-01-13,South,T-04,682.51,401.87
J-001570,2025-01-13,South,T-05,655.76,416.99
J-001571,2025-01-13,West,T-12,565.8,366.86
J-001572,2025-01-13,West,T-05,796.62,442.48
J-001573,2025-01-13,North,T-08,528.07,402.61
J-001574,2025-01-13,East,T-12,769.92,508.16
J-001575,2025-01-13,North,T-04,604.36,430.88
J-001576,2025-01-13,East,T-01,267.75,172.95
J-001577,2025-01-13,South,T-09,619.49,333.83
J-001578,2025-01-13,South,T-05,732.33,414.8
J-001579,2025-01-13,East,T-03,1211.31,817.97
J-001580,2025-01-13,East,T-03,462.05,337.27
J-001581,2025-01-13,South,T-12,987.47,602.75
J-001582,2025-01-13,North,T-10,1090.69,757.94
J-001583,2025-01-13,North,T-01,726.38,487.84
J-001584,2025-01-13,North,T-12,753.02,520.01
J-001585,2025-01-13,West,T-01,636.8,354.68
J-001586,2025-01-13,East,T-02,536.49,347.45
J-001587,2025-01-13,West,T-03,241.83,147.19
J-001588,2025-01-13,North,T-12,417.25,294.6
J-001589,2025-01-13,South,T-01,819.96,568.17
J-001590,2025-01-14,East,T-01,580.72,375.7
J-001591,2025-01-14,North,T-07,1279.0,935.33
J-001592,2025-01-14,North,T-10,422.08,302.47
J-001593,2025-01-14,East,T-07,801.42,482.44
J-001594,2025-01-14,East,T-12,933.67,674.79
J-001595,2025-01-14,North,T-04,969.09,539.86
J-001596,2025-01-14,South,T-12,440.45,280.32
J-001597,2025-01-14,West,T-10,925.8,730.28
J-001598,2025-01-14,South,T-04,1254.08,712.63
J-001599,2025-01-14,North,T-02,658.04,462.05
J-001600,2025-01-14,North,T-05,556.06,396.42
J-001601,2025-01-14,South,T-09,1140.08,776.2
J-001602,2025-01-14,East,T-01,355.37,213.84
J-001603,2025-01-14,South,T-12,520.5,332.62
J-001604,2025-01-14,South,T-09,628.09,356.44
J-001605,2025-01-14,East,T-06,663.52,355.92
J-001606,2025-01-14,West,T-09,202.18,119.39
J-001607,2025-01-14,South,T-12,981.76,597.95
J-001608,2025-01-14,West,T-03,538.04,361.84
J-001609,2025-01-14,North,T-01,345.82,237.0
J-001610,2025-01-14,West,T-07,521.02,308.6
J-001611,2025-01-14,East,T-08,317.54,227.07
J-001612,2025-01-15,East,T-10,482.12,284.94
J-001613,2025-01-15,North,T-04,355.87,207.22
J-001614,2025-01-15,South,T-09,402.34,273.82
J-001615,2025-01-15,East,T-05,1446.69,975.29
J-001616,2025-01-15,South,T-09,1109.94,624.64
J-001617,2025-01-15,North,T-01,666.87,417.05
J-001618,2025-01-15,West,T-01,827.34,520.72
J-001619,2025-01-15,East,T-02,1176.95,777.95
J-001620,2025-01-15,North,T-09,284.42,182.63
J-001621,2025-01-15,South,T-05,510.23,375.06
J-001622,2025-01-15,East,T-07,2029.3,1429.92
J-001623,2025-01-15,South,T-05,385.7,215.33
J-001624,2025-01-15,East,T-07,474.53,294.41
J-001625,2025-01-15,West,T-06,866.71,490.32
J-001626,2025-01-15,East,T-05,616.68,462.62
J-001627,2025-01-15,North,T-05,303.47,201.84
J-001628,2025-01-15,South,T-05,370.7,276.35
J-001629,2025-01-15,South,T-05,946.22,616.94
J-001630,2025-01-15,South,T-06,900.47,546.11
J-001631,2025-01-15,West,T-11,495.98,322.3
J-001632,2025-01-15,East,T-10,697.7,461.94
J-001633,2025-01-16,West,T-04,871.95,515.18
J-001634,2025-01-16,East,T-03,387.72,249.9
J-001635,2025-01-16,East,T-08,1282.5,820.84
J-001636,2025-01-16,West,T-04,411.42,231.49
J-001637,2025-01-16,North,T-03,392.39,225.23
J-001638,2025-01-16,West,T-04,363.28,219.0
J-001639,2025-01-16,East,T-07,1652.84,1147.67
J-001640,2025-01-16,North,T-03,345.16,206.97
J-001641,2025-01-16,East,T-11,852.53,540.63
J-001642,2025-01-16,East,T-10,626.6,389.89
J-001643,2025-01-16,East,T-09,763.61,507.53
J-001644,2025-01-16,West,T-04,412.66,273.98
J-001645,2025-01-16,East,T-04,733.85,451.54
J-001646,2025-01-16,North,T-02,424.28,242.6
J-001647,2025-01-16,North,T-07,746.5,447.77
J-001648,2025-01-16,East,T-01,1310.19,822.62
J-001649,2025-01-16,East,T-07,905.92,539.53
J-001650,2025-01-16,South,T-08,312.64,204.83
J-001651,2025-01-17,South,T-10,725.66,465.97
J-001652,2025-01-17,South,T-05,377.04,233.56
J-001653,2025-01-17,North,T-07,864.85,577.34
J-001654,2025-01-17,West,T-10,1196.99,744.02
J-001655,2025-01-17,West,T-10,581.11,396.73
J-001656,2025-01-17,West,T-07,610.89,377.27
J-001657,2025-01-17,East,T-05,976.85,674.46
J-001658,2025-01-17,West,T-03,491.14,328.15
J-001659,2025-01-17,North,T-02,1487.7,914.81
J-001660,2025-01-17,North,T-11,439.27,279.21
J-001661,2025-01-17,East,T-05,525.94,322.73
J-001662,2025-01-17,North,T-09,902.62,594.71
J-001663,2025-01-17,North,T-04,881.55,489.42
J-001664,2025-01-17,South,T-07,682.85,384.0
J-001665,2025-01-17,North,T-12,1080.92,639.45
J-001666,2025-01-17,South,T-07,864.28,426.91
J-001667,2025-01-17,North,T-01,885.69,603.88
J-001668,2025-01-17,East,T-11,952.85,577.51
J-001669,2025-01-17,North,T-11,604.22,378.77
J-001670,2025-01-17,North,T-03,1047.63,595.79
J-001671,2025-01-17,North,T-02,2081.96,1536.41
J-001672,2025-01-17,South,T-04,1218.49,772.8
J-001673,2025-01-17,South,T-11,1441.87,1020.45
J-001674,2025-01-18,East,T-09,507.24,269.21
J-001675,2025-01-18,East,T-07,305.04,200.47
J-001676,2025-01-18,East,T-09,766.07,474.94
J-001677,2025-01-18,West,T-11,360.79,214.51
J-001678,2025-01-18,North,T-04,228.13,170.62
J-001679,2025-01-18,West,T-12,712.27,420.65
J-001680,2025-01-20,East,T-06,525.79,344.0
J-001681,2025-01-20,South,T-06,511.67,311.32
J-001682,2025-01-20,North,T-12,852.32,521.37
J-001683,2025-01-20,East,T-02,1358.42,855.68
J-001684,2025-01-20,West,T-05,537.49,344.89
J-001685,2025-01-20,South,T-08,255.22,161.87
J-001686,2025-01-20,North,T-06,611.35,403.43
J-001687,2025-01-20,North,T-04,1487.69,992.15
J-001688,2025-01-21,South,T-10,469.58,294.17
J-001689,2025-01-21,North,T-03,865.97,534.17
J-001690,2025-01-21,South,T-04,383.84,263.4
J-001691,2025-01-21,North,T-04,1213.96,748.33
J-001692,2025-01-21,North,T-02,986.38,637.79
J-001693,2025-01-21,East,T-05,1126.07,714.76
J-001694,2025-01-21,West,T-09,461.94,270.29
J-001695,2025-01-21,East,T-09,584.33,406.8
J-001696,2025-01-21,West,T-05,840.29,552.3
J-001697,2025-01-21,South,T-04,763.8,543.5
J-001698,2025-01-21,North,T-07,695.95,450.61
J-001699,2025-01-21,South,T-01,1240.11,799.58
J-001700,2025-01-21,West,T-07,623.66,410.72
J-001701,2025-01-21,South,T-12,989.01,567.14
J-001702,2025-01-21,South,T-05,415.13,298.97
J-001703,2025-01-21,West,T-11,775.86,529.54
J-001704,2025-01-21,North,T-12,978.6,548.35
J-001705,2025-01-21,East,T-11,1158.55,706.05
J-001706,2025-01-21,West,T-06,591.68,390.39
J-001707,2025-01-21,East,T-06,512.28,293.55
J-001708,2025-01-21,West,T-06,731.53,409.22
J-001709,2025-01-22,West,T-06,972.21,657.56
J-001710,2025-01-22,East,T-03,685.38,461.72
J-001711,2025-01-22,East,T-03,526.37,346.29
J-001712,2025-01-22,West,T-02,300.52,196.0
J-001713,2025-01-22,East,T-10,357.24,229.27
J-001714,2025-01-22,South,T-04,749.36,530.85
J-001715,2025-01-22,North,T-02,1287.84,815.13
J-001716,2025-01-22,South,T-10,274.12,179.97
J-001717,2025-01-22,North,T-03,855.09,582.49
J-001718,2025-01-22,South,T-07,1112.55,846.12
J-001719,2025-01-22,North,T-08,1017.1,653.09
J-001720,2025-01-22,North,T-01,329.64,188.68
J-001721,2025-01-22,North,T-09,587.63,324.27
J-001722,2025-01-22,South,T-01,378.29,233.71
J-001723,2025-01-22,South,T-11,499.58,347.51
J-001724,2025-01-22,West,T-09,681.12,439.84
J-001725,2025-01-22,North,T-12,519.36,303.79
J-001726,2025-01-22,South,T-05,1476.79,916.42
J-001727,2025-01-22,North,T-10,2344.44,1473.05
J-001728,2025-01-22,East,T-07,980.24,644.38
J-001729,2025-01-22,North,T-09,714.98,432.88
J-001730,2025-01-22,East,T-09,1245.68,819.95
J-001731,2025-01-23,South,T-07,440.32,274.92
J-001732,2025-01-23,West,T-09,462.51,282.58
J-001733,2025-01-23,North,T-06,713.53,534.72
J-001734,2025-01-23,East,T-02,583.68,406.56
J-001735,2025-01-23,East,T-11,405.29,250.81
J-001736,2025-01-23,West,T-05,531.34,372.24
J-001737,2025-01-23,North,T-04,543.09,354.5
J-001738,2025-01-23,East,T-12,723.55,464.44
J-001739,2025-01-23,East,T-04,475.38,273.86
J-001740,2025-01-23,North,T-11,410.06,216.6
J-001741,2025-01-23,East,T-02,276.09,177.22
J-001742,2025-01-23,South,T-03,275.65,181.35
J-001743,2025-01-23,West,T-03,374.47,237.11
J-001744,2025-01-23,East,T-04,475.57,324.49
J-001745,2025-01-23,North,T-04,466.67,275.6
J-001746,2025-01-23,North,T-05,633.56,398.84
J-001747,2025-01-23,South,T-10,890.83,578.12
J-001748,2025-01-23,West,T-01,1027.78,623.49
J-001749,2025-01-23,East,T-01,1215.66,697.59
J-001750,2025-01-23,West,T-12,572.16,333.56
J-001751,2025-01-24,West,T-01,528.7,322.48
J-001752,2025-01-24,East,T-05,577.02,364.69
J-001753,2025-01-24,East,T-07,699.71,448.56
J-001754,2025-01-24,North,T-12,619.08,426.53
J-001755,2025-01-24,East,T-11,998.01,604.45
J-001756,2025-01-24,East,T-05,1369.68,891.47
J-001757,2025-01-24,North,T-05,467.65,328.7
J-001758,2025-01-24,East,T-02,757.81,515.08
J-001759,2025-01-24,East,T-10,469.89,325.55
J-001760,2025-01-24,North,T-10,271.64,181.99
J-001761,2025-01-24,South,T-08,636.85,428.84
J-001762,2025-01-24,North,T-03,646.8,470.99
J-001763,2025-01-24,South,T-12,366.59,208.32
J-001764,2025-01-24,South,T-11,311.36,211.14
J-001765,2025-01-24,South,T-06,565.68,372.0
J-001766,2025-01-24,East,T-08,920.09,445.0
J-001767,2025-01-24,West,T-01,880.99,542.14
J-001768,2025-01-24,West,T-09,708.08,517.23
J-001769,2025-01-24,South,T-10,640.86,402.54
J-001770,2025-01-24,East,T-02,577.58,322.75
J-001771,2025-01-24,East,T-09,734.01,500.42
J-001772,2025-01-25,North,T-10,2126.65,1390.71
J-001773,2025-01-25,South,T-11,513.4,317.09
J-001774,2025-01-25,East,T-03,585.87,369.3
J-001775,2025-01-25,North,T-11,1020.25,692.22
J-001776,2025-01-25,North,T-05,1240.61,692.46
J-001777,2025-01-25,East,T-09,370.63,237.41
J-001778,2025-01-25,South,T-05,535.79,335.96
J-001779,2025-01-25,East,T-06,535.54,325.61
J-001780,2025-01-26,South,T-05,1225.16,790.78
J-001781,2025-01-26,East,T-09,1261.64,763.15
J-001782,2025-01-26,East,T-12,699.31,384.68
J-001783,2025-01-26,West,T-08,825.29,512.15
J-001784,2025-01-27,North,T-10,1309.71,786.17
J-001785,2025-01-27,North,T-02,375.84,255.56
J-001786,2025-01-27,East,T-02,782.58,493.98
J-001787,2025-01-27,East,T-05,440.53,302.83
J-001788,2025-01-27,South,T-06,896.83,597.22
J-001789,2025-01-27,South,T-09,316.97,178.1
J-001790,2025-01-27,North,T-05,1374.86,910.24
J-001791,2025-01-27,South,T-04,227.46,120.68
J-001792,2025-01-27,North,T-09,479.51,331.74
J-001793,2025-01-27,West,T-10,699.04,498.33
J-001794,2025-01-27,West,T-07,1381.78,888.12
J-001795,2025-01-27,North,T-01,482.74,349.69
J-001796,2025-01-27,East,T-01,726.26,442.78
J-001797,2025-01-27,East,T-12,545.01,380.18
J-001798,2025-01-27,North,T-10,293.65,157.51
J-001799,2025-01-27,South,T-02,382.35,251.59
J-001800,2025-01-27,South,T-11,846.66,549.9
J-001801,2025-01-27,West,T-04,578.41,384.93
J-001802,2025-01-28,West,T-06,343.96,212.92
J-001803,2025-01-28,North,T-08,1453.94,1018.88
J-001804,2025-01-28,South,T-01,1356.15,966.5
J-001805,2025-01-28,South,T-11,854.43,528.93
J-001806,2025-01-28,West,T-09,618.18,382.6
J-001807,2025-01-28,South,T-08,1562.67,929.85
J-001808,2025-01-28,West,T-09,867.31,527.89
J-001809,2025-01-28,East,T-03,839.78,564.23
J-001810,2025-01-28,North,T-07,650.59,367.45
J-001811,2025-01-28,West,T-06,322.99,221.21
J-001812,2025-01-28,North,T-05,646.7,443.43
J-001813,2025-01-28,South,T-04,753.08,513.58
J-001814,2025-01-28,South,T-01,294.44,186.36
J-001815,2025-01-28,North,T-06,1390.91,793.62
J-001816,2025-01-28,South,T-04,552.94,303.96
J-001817,2025-01-28,West,T-07,251.22,145.16
J-001818,2025-01-28,East,T-10,1299.62,917.75
J-001819,2025-01-28,West,T-12,202.03,134.04
J-001820,2025-01-28,East,T-11,857.11,487.38
J-001821,2025-01-28,South,T-04,1788.26,992.48
J-001822,2025-01-28,North,T-08,548.13,311.94
J-001823,2025-01-28,East,T-03,856.3,528.42
J-001824,2025-01-29,East,T-09,671.74,486.23
J-001825,2025-01-29,South,T-07,524.08,319.28
J-001826,2025-01-29,North,T-05,266.04,179.04
J-001827,2025-01-29,West,T-01,405.63,265.97
J-001828,2025-01-29,South,T-07,456.17,278.27
J-001829,2025-01-29,North,T-10,743.94,430.79
J-001830,2025-01-29,East,T-08,1667.99,1051.49
J-001831,2025-01-29,South,T-03,1638.11,991.58
J-001832,2025-01-29,East,T-06,366.22,250.01
J-001833,2025-01-29,West,T-11,1282.74,889.46
J-001834,2025-01-29,South,T-05,441.76,338.65
J-001835,2025-01-29,West,T-02,333.23,224.57
J-001836,2025-01-30,West,T-02,1120.74,583.07
J-001837,2025-01-30,West,T-12,266.43,182.99
J-001838,2025-01-30,North,T-05,879.28,618.76
J-001839,2025-01-30,East,T-01,904.32,607.94
J-001840,2025-01-30,East,T-02,901.93,610.41
J-001841,2025-01-30,South,T-10,794.83,452.96
J-001842,2025-01-30,South,T-08,534.18,332.43
J-001843,2025-01-30,East,T-07,1060.52,588.5
J-001844,2025-01-30,South,T-01,1523.81,1071.63
J-001845,2025-01-30,South,T-05,1336.44,963.53
J-001846,2025-01-30,South,T-05,655.88,463.94
J-001847,2025-01-30,North,T-04,439.96,327.82
J-001848,2025-01-30,West,T-03,551.97,391.42
J-001849,2025-01-30,South,T-03,1095.76,612.49
J-001850,2025-01-30,South,T-05,294.85,152.14
J-001851,2025-01-30,North,T-04,621.44,349.8
J-001852,2025-01-31,South,T-02,652.41,356.79
J-001853,2025-01-31,North,T-06,1123.5,696.43
J-001854,2025-01-31,West,T-06,386.56,254.88
J-001855,2025-01-31,East,T-10,656.44,374.09
J-001856,2025-01-31,South,T-08,700.44,457.0
J-001857,2025-01-31,North,T-09,504.51,336.85
J-001858,2025-01-31,North,T-06,754.2,499.28
J-001859,2025-01-31,North,T-07,490.04,247.7
J-001860,2025-01-31,North,T-12,982.84,468.81
J-001861,2025-01-31,South,T-04,1387.13,888.36
J-001862,2025-01-31,South,T-03,305.24,221.68
J-001863,2025-01-31,North,T-10,716.04,410.22
J-001864,2025-01-31,East,T-09,1230.93,989.26
J-001865,2025-01-31,South,T-01,495.03,241.57
J-001866,2025-01-31,West,T-05,406.46,251.09
J-001867,2025-01-31,East,T-04,1426.87,896.11
J-001868,2025-01-31,East,T-05,496.84,300.87
J-001869,2025-01-31,South,T-05,746.01,572.86
J-001870,2025-02-01,West,T-05,398.0,267.26
J-001871,2025-02-01,North,T-10,828.67,564.58
J-001872,2025-02-01,South,T-04,2265.96,1644.36
J-001873,2025-02-01,West,T-03,996.49,743.18
J-001874,2025-02-01,East,T-03,414.25,251.09
J-001875,2025-02-01,South,T-03,1259.79,719.07
J-001876,2025-02-01,West,T-11,619.5,428.22
J-001877,2025-02-01,West,T-05,838.62,499.72
J-001878,2025-02-01,West,T-02,424.95,283.89
J-001879,2025-02-02,North,T-09,539.43,409.48
J-001880,2025-02-02,East,T-10,936.05,649.18
J-001881,2025-02-03,North,T-05,842.47,592.3
J-001882,2025-02-03,West,T-04,1068.98,781.18
J-001883,2025-02-03,South,T-03,432.03,297.84
J-001884,2025-02-03,South,T-02,1155.16,699.35
J-001885,2025-02-03,West,T-10,397.43,241.92
J-001886,2025-02-03,South,T-09,470.24,293.31
J-001887,2025-02-03,East,T-07,1735.69,1069.79
J-001888,2025-02-03,North,T-02,506.38,272.3
J-001889,2025-02-03,South,T-07,371.89,242.11
J-001890,2025-02-03,East,T-11,516.75,288.34
J-001891,2025-02-03,North,T-11,1164.42,714.01
J-001892,2025-02-03,West,T-07,854.95,508.18
J-001893,2025-02-03,North,T-02,449.58,299.07
J-001894,2025-02-03,East,T-09,742.24,469.8
J-001895,2025-02-04,South,T-12,1030.47,689.02
J-001896,2025-02-04,East,T-01,439.47,246.44
J-001897,2025-02-04,East,T-05,836.25,531.68
J-001898,2025-02-04,South,T-08,253.78,152.57
J-001899,2025-02-04,North,T-11,406.33,270.03
J-001900,2025-02-04,East,T-01,915.68,638.39
J-001901,2025-02-04,West,T-12,452.64,277.25
J-001902,2025-02-04,South,T-09,622.07,383.72
J-001903,2025-02-04,East,T-03,410.53,217.12
J-001904,2025-02-04,East,T-04,277.55,183.78
J-001905,2025-02-04,South,T-01,916.03,563.36
J-001906,2025-02-04,North,T-08,769.69,497.02
J-001907,2025-02-04,East,T-01,395.74,263.31
J-001908,2025-02-04,East,T-10,718.8,532.46
J-001909,2025-02-04,North,T-07,1290.53,769.1
J-001910,2025-02-04,North,T-12,587.32,434.41
J-001911,2025-02-05,South,T-06,438.54,270.82
J-001912,2025-02-05,West,T-12,400.64,253.06
J-001913,2025-02-05,North,T-05,527.57,412.28
J-001914,2025-02-05,North,T-08,1233.39,762.34
J-001915,2025-02-05,East,T-11,295.37,181.0
J-001916,2025-02-05,East,T-11,461.94,270.98
J-001917,2025-02-05,South,T-10,497.99,310.69
J-001918,2025-02-05,North,T-09,254.52,143.02
J-001919,2025-02-05,South,T-09,267.84,166.64
J-001920,2025-02-05,South,T-05,2007.54,1157.36
J-001921,2025-02-05,West,T-01,420.69,261.43
J-001922,2025-02-05,North,T-01,589.38,343.87
J-001923,2025-02-05,North,T-03,133.01,81.6
J-001924,2025-02-05,South,T-06,1047.19,745.73
J-001925,2025-02-05,South,T-12,1936.88,1074.2
J-001926,2025-02-05,East,T-10,528.61,325.32
J-001927,2025-02-05,East,T-03,754.69,441.33
J-001928,2025-02-05,East,T-12,370.39,218.89
J-001929,2025-02-05,South,T-04,551.15,367.04
J-001930,2025-02-06,North,T-03,225.17,150.45
J-001931,2025-02-06,South,T-01,1022.42,698.3
J-001932,2025-02-06,East,T-02,468.74,317.26
J-001933,2025-02-06,North,T-02,1002.75,640.37
J-001934,2025-02-06,North,T-04,627.97,450.78
J-001935,2025-02-06,East,T-08,1251.41,758.46
J-001936,2025-02-06,North,T-03,428.17,241.64
J-001937,2025-02-06,West,T-09,1018.36,553.27
J-001938,2025-02-06,East,T-07,694.34,503.38
J-001939,2025-02-06,West,T-02,2204.32,1207.35
J-001940,2025-02-06,East,T-08,385.62,245.9
J-001941,2025-02-06,West,T-08,616.59,363.45
J-001942,2025-02-06,East,T-05,1180.77,742.92
J-001943,2025-02-06,North,T-08,292.43,184.14
J-001944,2025-02-06,East,T-02,885.21,472.12
J-001945,2025-02-06,North,T-12,736.53,469.44
J-001946,2025-02-07,North,T-07,679.01,406.62
J-001947,2025-02-07,East,T-03,293.15,158.85
J-001948,2025-02-07,North,T-06,678.89,477.22
J-001949,2025-02-07,South,T-04,906.35,573.87
J-001950,2025-02-07,East,T-04,657.92,396.24
J-001951,2025-02-07,North,T-12,637.36,402.03
J-001952,2025-02-07,West,T-07,705.9,417.78
J-001953,2025-02-07,East,T-06,602.89,412.41
J-001954,2025-02-07,South,T-12,511.03,346.55
J-001955,2025-02-07,East,T-03,1013.11,534.47
J-001956,2025-02-07,South,T-02,2012.54,1490.58
J-001957,2025-02-07,North,T-04,812.7,429.32
J-001958,2025-02-07,North,T-09,452.03,293.5
J-001959,2025-02-07,East,T-01,1050.21,550.14
J-001960,2025-02-07,South,T-02,554.06,364.73
J-001961,2025-02-07,East,T-08,738.2,463.04
J-001962,2025-02-07,East,T-09,629.43,373.84
J-001963,2025-02-07,North,T-09,591.7,356.99
J-001964,2025-02-07,North,T-10,561.57,364.32
J-001965,2025-02-08,East,T-09,546.59,339.32
J-001966,2025-02-08,East,T-01,528.1,326.72
J-001967,2025-02-08,East,T-03,2985.85,1792.23
J-001968,2025-02-08,West,T-01,994.01,715.87
J-001969,2025-02-08,South,T-11,1288.93,882.27
J-001970,2025-02-08,North,T-10,744.36,515.58
J-001971,2025-02-09,South,T-03,484.78,305.19
J-001972,2025-02-09,East,T-06,373.62,258.6
J-001973,2025-02-09,North,T-03,779.59,504.02
J-001974,2025-02-09,West,T-09,775.91,464.29
J-001975,2025-02-09,West,T-03,657.59,408.7
J-001976,2025-02-09,East,T-05,1098.11,645.95
J-001977,2025-02-09,South,T-02,2456.24,1430.16
J-001978,2025-02-10,East,T-01,1530.8,901.9
J-001979,2025-02-10,West,T-11,520.52,353.56
J-001980,2025-02-10,North,T-09,606.44,331.05
J-001981,2025-02-10,East,T-12,316.46,182.83
J-001982,2025-02-10,South,T-10,318.27,242.65
J-001983,2025-02-10,East,T-09,616.44,386.79
J-001984,2025-02-10,East,T-10,969.95,647.68
J-001985,2025-02-10,North,T-11,577.77,361.91
J-001986,2025-02-10,South,T-11,1865.25,1108.79
J-001987,2025-02-10,West,T-11,380.73,214.01
J-001988,2025-02-10,South,T-10,552.78,321.31
J-001989,2025-02-10,South,T-08,459.71,269.56
J-001990,2025-02-10,West,T-05,757.13,480.03
J-001991,2025-02-10,West,T-12,384.04,216.33
J-001992,2025-02-10,North,T-12,767.03,451.24
J-001993,2025-02-10,South,T-01,450.09,264.13
J-001994,2025-02-10,East,T-05,1924.99,1376.41
J-001995,2025-02-10,East,T-04,951.24,584.67
J-001996,2025-02-11,North,T-01,1536.45,1020.6
J-001997,2025-02-11,West,T-06,724.61,539.41
J-001998,2025-02-11,North,T-02,619.56,344.25
J-001999,2025-02-11,South,T-05,297.88,202.33
J-002000,2025-02-11,North,T-05,1198.95,718.99
J-002001,2025-02-11,North,T-03,354.39,218.55
J-002002,2025-02-11,North,T-12,595.69,359.38
J-002003,2025-02-11,East,T-06,725.69,446.19
J-002004,2025-02-11,West,T-08,421.11,278.87
J-002005,2025-02-11,South,T-03,979.07,625.76
J-002006,2025-02-11,North,T-04,292.81,199.58
J-002007,2025-02-11,South,T-01,1715.8,1208.4
J-002008,2025-02-11,North,T-05,466.17,264.19
J-002009,2025-02-11,West,T-09,676.5,470.85
J-002010,2025-02-11,North,T-04,669.0,472.57
J-002011,2025-02-11,North,T-06,400.79,295.52
J-002012,2025-02-11,South,T-03,165.23,112.04
J-002013,2025-02-12,East,T-09,714.84,440.22
J-002014,2025-02-12,West,T-10,857.2,581.48
J-002015,2025-02-12,West,T-11,1092.87,694.26
J-002016,2025-02-12,East,T-11,344.61,225.36
J-002017,2025-02-12,North,T-09,406.76,211.06
J-002018,2025-02-12,East,T-03,641.34,435.22
J-002019,2025-02-12,South,T-12,832.24,494.42
J-002020,2025-02-12,North,T-04,495.54,300.55
J-002021,2025-02-12,East,T-05,1135.89,614.73
J-002022,2025-02-12,North,T-07,917.49,650.12
J-002023,2025-02-12,West,T-05,538.75,331.36
J-002024,2025-02-12,North,T-03,633.72,389.8
J-002025,2025-02-12,North,T-08,723.22,454.95
J-002026,2025-02-12,North,T-05,363.11,226.77
J-002027,2025-02-12,North,T-07,371.16,251.7
J-002028,2025-02-12,North,T-03,254.33,159.07
J-002029,2025-02-12,North,T-07,1096.65,746.12
J-002030,2025-02-12,North,T-08,565.69,407.36
J-002031,2025-02-12,North,T-01,396.09,271.39
J-002032,2025-02-12,South,T-06,715.33,503.82
J-002033,2025-02-12,West,T-05,699.33,468.94
J-002034,2025-02-12,South,T-03,862.05,550.19
J-002035,2025-02-13,West,T-09,652.43,479.97
J-002036,2025-02-13,North,T-07,289.56,184.58
J-002037,2025-02-13,East,T-03,1032.97,667.81
J-002038,2025-02-13,West,T-03,1186.27,829.27
J-002039,2025-02-13,South,T-01,624.68,350.06
J-002040,2025-02-13,North,T-11,1490.83,1068.74
J-002041,2025-02-13,North,T-07,927.06,606.05
J-002042,2025-02-13,South,T-07,515.86,336.7
J-002043,2025-02-13,East,T-08,860.88,545.94
J-002044,2025-02-13,North,T-05,747.77,532.52
J-002045,2025-02-13,South,T-03,980.51,726.65
J-002046,2025-02-13,North,T-07,886.07,566.92
J-002047,2025-02-13,South,T-07,525.56,301.29
J-002048,2025-02-13,West,T-01,567.9,344.15
J-002049,2025-02-13,South,T-02,1004.57,574.79
J-002050,2025-02-13,South,T-10,341.9,230.05
J-002051,2025-02-13,North,T-08,1527.99,1045.56
J-002052,2025-02-13,North,T-11,211.64,129.55
J-002053,2025-02-13,South,T-01,574.47,410.39
J-002054,2025-02-13,West,T-01,592.74,360.77
J-002055,2025-02-13,East,T-04,778.74,462.2
J-002056,2025-02-13,East,T-12,1178.27,674.28
J-002057,2025-02-14,East,T-01,678.58,552.31
J-002058,2025-02-14,West,T-07,840.8,574.81
J-002059,2025-02-14,West,T-03,1348.71,849.63
J-002060,2025-02-14,East,T-04,1205.15,716.69
J-002061,2025-02-14,West,T-06,799.17,413.47
J-002062,2025-02-14,North,T-03,908.36,638.16
J-002063,2025-02-14,East,T-09,2269.38,1372.3
J-002064,2025-02-14,North,T-01,1097.17,698.14
J-002065,2025-02-14,North,T-03,521.49,377.78
J-002066,2025-02-14,North,T-11,891.86,584.77
J-002067,2025-02-14,West,T-10,613.18,366.62
J-002068,2025-02-14,South,T-03,1035.94,586.23
J-002069,2025-02-15,North,T-01,940.22,649.09
J-002070,2025-02-15,West,T-08,855.74,550.34
J-002071,2025-02-15,East,T-08,450.87,233.13
J-002072,2025-02-15,South,T-06,282.26,177.96
J-002073,2025-02-15,South,T-07,361.57,282.09
J-002074,2025-02-16,North,T-02,369.64,237.49
J-002075,2025-02-17,North,T-03,322.9,261.4
J-002076,2025-02-17,West,T-07,1103.91,826.67
J-002077,2025-02-17,North,T-07,372.97,243.49
J-002078,2025-02-17,North,T-09,300.21,177.67
J-002079,2025-02-17,West,T-05,849.46,530.35
J-002080,2025-02-17,West,T-08,938.66,531.5
J-002081,2025-02-17,South,T-05,455.12,338.72
J-002082,2025-02-17,North,T-04,1139.22,518.37
J-002083,2025-02-17,South,T-09,1179.89,820.58
J-002084,2025-02-17,East,T-02,191.31,127.18
J-002085,2025-02-17,North,T-09,1196.71,850.82
J-002086,2025-02-17,West,T-04,610.05,399.29
J-002087,2025-02-17,East,T-01,928.29,502.69
J-002088,2025-02-17,West,T-07,611.84,401.57
J-002089,2025-02-17,East,T-06,1745.75,1134.1
J-002090,2025-02-17,North,T-04,1122.76,757.37
J-002091,2025-02-18,North,T-01,982.48,521.23
J-002092,2025-02-18,West,T-02,616.01,415.67
J-002093,2025-02-18,East,T-11,909.62,514.17
J-002094,2025-02-18,West,T-09,825.11,435.09
J-002095,2025-02-18,South,T-12,326.23,201.28
J-002096,2025-02-18,South,T-01,298.65,179.09
J-002097,2025-02-18,South,T-12,291.4,188.56
J-002098,2025-02-18,North,T-12,919.11,587.57
J-002099,2025-02-18,West,T-06,397.64,243.99
J-002100,2025-02-18,East,T-03,710.92,449.96
J-002101,2025-02-18,South,T-12,346.95,219.45
J-002102,2025-02-18,West,T-10,571.66,394.84
J-002103,2025-02-18,North,T-04,617.97,379.54
J-002104,2025-02-18,South,T-02,561.79,362.03
J-002105,2025-02-18,East,T-03,604.74,377.88
J-002106,2025-02-18,East,T-07,480.17,328.83
J-002107,2025-02-18,North,T-01,619.02,358.16
J-002108,2025-02-18,East,T-12,580.76,352.03
J-002109,2025-02-18,South,T-08,872.08,540.01
J-002110,2025-02-19,East,T-09,463.33,302.49
J-002111,2025-02-19,North,T-11,264.44,170.53
J-002112,2025-02-19,West,T-12,721.1,375.96
J-002113,2025-02-19,West,T-10,835.14,474.2
J-002114,2025-02-19,West,T-08,955.26,583.4
J-002115,2025-02-19,South,T-06,277.47,160.23
J-002116,2025-02-19,North,T-04,1445.39,1103.51
J-002117,2025-02-19,South,T-04,494.17,309.7
J-002118,2025-02-19,North,T-06,510.73,370.84
J-002119,2025-02-19,North,T-03,467.58,299.62
J-002120,2025-02-19,North,T-04,706.68,478.05
J-002121,2025-02-19,North,T-06,638.4,407.0
J-002122,2025-02-19,North,T-06,350.69,229.71
J-002123,2025-02-19,North,T-11,814.53,516.56
J-002124,2025-02-19,North,T-01,1259.75,712.96
J-002125,2025-02-19,North,T-02,560.23,335.1
J-002126,2025-02-20,South,T-01,844.3,490.87
J-002127,2025-02-20,South,T-06,775.33,472.68
J-002128,2025-02-20,East,T-05,1839.85,1073.72
J-002129,2025-02-20,North,T-01,1051.08,720.51
J-002130,2025-02-20,North,T-07,680.16,440.53
J-002131,2025-02-20,West,T-11,938.68,586.09
J-002132,2025-02-20,South,T-11,744.39,474.37
J-002133,2025-02-20,North,T-09,615.63,340.25
J-002134,2025-02-20,North,T-09,350.71,202.94
J-002135,2025-02-20,East,T-11,647.96,331.78
J-002136,2025-02-20,North,T-03,542.64,341.9
J-002137,2025-02-20,North,T-07,1012.16,709.83
J-002138,2025-02-20,South,T-03,934.76,736.3
J-002139,2025-02-20,West,T-05,281.57,180.32
J-002140,2025-02-20,West,T-02,1163.93,738.82
J-002141,2025-02-21,South,T-07,883.11,551.61
J-002142,2025-02-21,South,T-06,1276.63,900.08
J-002143,2025-02-21,South,T-10,233.27,147.22
J-002144,2025-02-21,East,T-01,486.16,310.54
J-002145,2025-02-21,East,T-07,358.43,255.69
J-002146,2025-02-21,West,T-01,1095.92,761.51
J-002147,2025-02-21,East,T-09,791.18,540.72
J-002148,2025-02-21,North,T-09,271.37,165.07
J-002149,2025-02-21,South,T-11,496.98,366.38
J-002150,2025-02-21,East,T-10,1193.28,750.61
J-002151,2025-02-21,South,T-12,1065.99,588.07
J-002152,2025-02-21,South,T-04,702.67,511.57
J-002153,2025-02-21,North,T-11,292.1,200.43
J-002154,2025-02-21,East,T-05,830.72,568.8
J-002155,2025-02-21,South,T-05,477.55,311.07
J-002156,2025-02-21,South,T-09,615.92,385.16
J-002157,2025-02-21,West,T-02,677.05,411.14
J-002158,2025-02-21,South,T-12,587.6,319.95
J-002159,2025-02-21,North,T-07,880.18,580.25
J-002160,2025-02-21,West,T-10,1931.3,1149.37
J-002161,2025-02-22,North,T-04,402.15,240.4
J-002162,2025-02-22,North,T-02,1272.09,931.66
J-002163,2025-02-22,West,T-10,1983.72,1227.16
J-002164,2025-02-22,North,T-06,271.18,161.27
J-002165,2025-02-23,South,T-07,646.07,406.08
J-002166,2025-02-23,West,T-02,1123.19,720.18
J-002167,2025-02-23,East,T-06,364.43,215.53
J-002168,2025-02-23,West,T-09,878.63,520.12
J-002169,2025-02-23,South,T-05,838.91,491.71
J-002170,2025-02-23,North,T-11,414.94,269.38
J-002171,2025-02-24,North,T-06,988.91,640.99
J-002172,2025-02-24,East,T-06,387.97,189.85
J-002173,2025-02-24,South,T-05,1459.41,968.42
J-002174,2025-02-24,South,T-12,609.38,455.54
J-002175,2025-02-24,North,T-07,512.74,274.07
J-002176,2025-02-24,South,T-01,282.51,165.14
J-002177,2025-02-24,West,T-09,636.65,415.38
J-002178,2025-02-24,West,T-07,707.33,497.77
J-002179,2025-02-24,South,T-04,3117.4,1889.55
J-002180,2025-02-24,North,T-09,611.93,328.5
J-002181,2025-02-24,West,T-06,262.29,170.41
J-002182,2025-02-24,West,T-07,919.99,715.98
J-002183,2025-02-24,East,T-11,630.77,376.3
J-002184,2025-02-24,South,T-09,1026.72,627.04
J-002185,2025-02-24,East,T-06,837.22,485.08
J-002186,2025-02-24,East,T-10,566.08,335.06
J-002187,2025-02-24,East,T-05,299.68,167.68
J-002188,2025-02-25,North,T-06,1259.69,910.55
J-002189,2025-02-25,North,T-04,652.39,448.64
J-002190,2025-02-25,North,T-09,845.91,490.34
J-002191,2025-02-25,East,T-06,721.91,472.77
J-002192,2025-02-25,East,T-08,749.64,459.89
J-002193,2025-02-25,East,T-09,504.71,317.07
J-002194,2025-02-25,West,T-02,851.68,509.03
J-002195,2025-02-25,East,T-08,994.49,682.26
J-002196,2025-02-25,West,T-06,1284.26,843.74
J-002197,2025-02-25,North,T-08,1063.56,622.98
J-002198,2025-02-25,North,T-07,284.69,196.34
J-002199,2025-02-25,East,T-06,530.58,308.91
J-002200,2025-02-25,North,T-04,693.49,429.53
J-002201,2025-02-25,West,T-12,660.03,404.71
J-002202,2025-02-25,East,T-06,237.43,149.03
J-002203,2025-02-25,South,T-07,838.39,463.42
J-002204,2025-02-25,North,T-04,1161.11,766.25
J-002205,2025-02-26,East,T-04,532.91,369.39
J-002206,2025-02-26,South,T-01,676.91,417.55
J-002207,2025-02-26,West,T-07,553.2,368.98
J-002208,2025-02-26,South,T-12,1050.99,635.56
J-002209,2025-02-26,South,T-09,434.61,248.31
J-002210,2025-02-26,North,T-01,203.42,151.74
J-002211,2025-02-26,West,T-04,601.19,443.95
J-002212,2025-02-26,East,T-10,367.97,199.41
J-002213,2025-02-26,South,T-10,815.25,536.71
J-002214,2025-02-26,North,T-08,271.37,181.17
J-002215,2025-02-26,West,T-02,1824.25,1168.34
J-002216,2025-02-26,North,T-05,577.2,384.46
J-002217,2025-02-27,East,T-09,362.17,196.24
J-002218,2025-02-27,South,T-11,707.52,487.34
J-002219,2025-02-27,West,T-03,777.04,459.33
J-002220,2025-02-27,East,T-12,886.28,607.01
J-002221,2025-02-27,North,T-04,614.57,388.94
J-002222,2025-02-27,North,T-01,210.29,134.97
J-002223,2025-02-27,South,T-10,342.52,233.02
J-002224,2025-02-27,East,T-11,1713.83,1200.7
J-002225,2025-02-27,South,T-09,822.61,518.34
J-002226,2025-02-27,East,T-01,467.46,259.91
J-002227,2025-02-27,North,T-05,661.27,366.52
J-002228,2025-02-27,East,T-01,886.63,590.94
J-002229,2025-02-27,West,T-06,933.1,569.31
J-002230,2025-02-27,East,T-03,1197.01,745.93
J-002231,2025-02-27,East,T-03,1658.78,988.09
J-002232,2025-02-27,South,T-01,1146.36,710.15
J-002233,2025-02-27,North,T-09,506.61,311.62
J-002234,2025-02-27,South,T-07,1291.93,865.14
J-002235,2025-02-27,South,T-03,559.43,376.88
J-002236,2025-02-27,West,T-09,596.65,388.13
J-002237,2025-02-27,North,T-12,561.22,320.96
J-002238,2025-02-27,East,T-10,946.9,677.55
J-002239,2025-02-27,South,T-09,504.43,312.0
J-002240,2025-02-27,North,T-12,548.52,304.58
J-002241,2025-02-28,South,T-07,627.28,376.84
J-002242,2025-02-28,South,T-01,411.43,242.54
J-002243,2025-02-28,North,T-09,706.26,480.39
J-002244,2025-02-28,West,T-08,571.32,394.15
J-002245,2025-02-28,East,T-07,1169.33,665.2
J-002246,2025-02-28,West,T-07,466.18,293.62
J-002247,2025-02-28,South,T-01,890.98,556.58
J-002248,2025-02-28,South,T-04,510.61,305.1
J-002249,2025-02-28,South,T-04,652.51,363.76
J-002250,2025-02-28,North,T-09,1507.42,837.85
J-002251,2025-02-28,West,T-06,479.19,278.64
J-002252,2025-02-28,South,T-08,730.54,432.84
J-002253,2025-02-28,North,T-04,287.55,174.78
J-002254,2025-02-28,West,T-11,218.33,138.53
J-002255,2025-03-01,North,T-06,552.13,387.41
J-002256,2025-03-01,East,T-05,455.5,268.17
J-002257,2025-03-01,West,T-02,369.52,273.79
J-002258,2025-03-01,South,T-02,1507.86,963.58
J-002259,2025-03-01,East,T-11,467.17,260.57
J-002260,2025-03-01,East,T-06,933.18,612.61
J-002261,2025-03-01,North,T-09,1072.47,599.01
J-002262,2025-03-01,North,T-01,1806.85,1362.13
J-002263,2025-03-01,East,T-01,485.41,262.89
J-002264,2025-03-01,West,T-08,1009.16,701.0
J-002265,2025-03-02,East,T-07,897.94,536.94
J-002266,2025-03-02,East,T-11,855.62,567.03
J-002267,2025-03-02,West,T-04,1011.68,552.15
J-002268,2025-03-02,South,T-04,330.45,203.42
J-002269,2025-03-02,South,T-11,1308.89,848.88
J-002270,2025-03-02,South,T-04,520.22,337.12
J-002271,2025-03-02,East,T-07,1234.96,780.57
J-002272,2025-03-02,East,T-12,577.6,288.64
J-002273,2025-03-02,North,T-08,916.5,551.6
J-002274,2025-03-03,North,T-02,389.66,225.58
J-002275,2025-03-03,East,T-02,719.92,487.56
J-002276,2025-03-03,South,T-06,680.26,477.02
J-002277,2025-03-03,West,T-11,273.6,164.09
J-002278,2025-03-03,West,T-11,420.9,257.73
J-002279,2025-03-03,West,T-09,1603.14,860.05
J-002280,2025-03-03,North,T-11,752.25,445.72
J-002281,2025-03-03,South,T-01,613.77,366.15
J-002282,2025-03-03,East,T-08,673.65,398.15
J-002283,2025-03-03,East,T-09,605.14,378.54
J-002284,2025-03-03,East,T-03,770.49,541.0
J-002285,2025-03-03,West,T-11,855.41,521.47
J-002286,2025-03-03,East,T-06,2499.33,1646.07
J-002287,2025-03-03,East,T-01,786.27,498.54
J-002288,2025-03-03,North,T-01,882.43,625.88
J-002289,2025-03-03,West,T-08,539.5,334.7
J-002290,2025-03-03,East,T-12,518.79,362.14
J-002291,2025-03-03,North,T-04,791.52,501.0
J-002292,2025-03-03,South,T-09,1613.77,1043.84
J-002293,2025-03-03,East,T-08,1359.06,836.29
J-002294,2025-03-03,North,T-05,381.26,239.76
J-002295,2025-03-03,South,T-02,529.84,328.77
J-002296,2025-03-03,North,T-06,271.8,182.13
J-002297,2025-03-03,East,T-07,493.62,307.69
J-002298,2025-03-03,West,T-03,746.28,526.55
J-002299,2025-03-04,West,T-08,1022.78,621.06
J-002300,2025-03-04,West,T-03,452.27,246.86
J-002301,2025-03-04,North,T-07,704.17,463.26
J-002302,2025-03-04,North,T-06,733.77,529.03
J-002303,2025-03-04,East,T-09,398.99,266.32
J-002304,2025-03-04,South,T-02,330.65,213.6
J-002305,2025-03-04,South,T-10,1190.99,733.13
J-002306,2025-03-04,East,T-08,727.41,527.93
J-002307,2025-03-04,North,T-01,627.97,386.72
J-002308,2025-03-04,West,T-12,355.8,225.35
J-002309,2025-03-04,North,T-03,610.66,354.18
J-002310,2025-03-04,North,T-04,404.03,227.21
J-002311,2025-03-04,East,T-01,893.13,586.37
J-002312,2025-03-04,West,T-04,428.26,297.7
J-002313,2025-03-04,South,T-01,746.48,408.33
J-002314,2025-03-04,East,T-09,475.3,327.42
J-002315,2025-03-04,South,T-12,514.09,323.73
J-002316,2025-03-04,South,T-12,951.07,669.0
J-002317,2025-03-04,East,T-04,564.16,365.85
J-002318,2025-03-05,East,T-07,1287.1,864.11
J-002319,2025-03-05,East,T-08,719.55,485.59
J-002320,2025-03-05,East,T-04,1464.77,1053.14
J-002321,2025-03-05,East,T-06,446.13,258.21
J-002322,2025-03-05,North,T-08,280.86,188.08
J-002323,2025-03-05,North,T-10,907.17,543.79
J-002324,2025-03-05,South,T-10,629.82,419.83
J-002325,2025-03-05,West,T-03,1173.84,671.52
J-002326,2025-03-05,East,T-04,647.28,447.83
J-002327,2025-03-05,East,T-11,1368.29,910.64
J-002328,2025-03-05,North,T-04,285.64,205.77
J-002329,2025-03-05,East,T-10,875.72,596.13
J-002330,2025-03-05,West,T-12,1473.8,968.92
J-002331,2025-03-06,East,T-01,638.37,450.16
J-002332,2025-03-06,East,T-03,1539.53,1074.55
J-002333,2025-03-06,West,T-11,374.74,263.53
J-002334,2025-03-06,South,T-03,605.5,501.09
J-002335,2025-03-06,North,T-09,469.24,271.92
J-002336,2025-03-06,West,T-11,1374.45,900.12
J-002337,2025-03-06,North,T-12,444.94,289.1
J-002338,2025-03-06,South,T-02,797.53,480.48
J-002339,2025-03-06,North,T-09,294.09,147.26
J-002340,2025-03-06,West,T-09,596.68,411.63
J-002341,2025-03-06,East,T-12,888.32,671.29
J-002342,2025-03-06,South,T-08,766.85,431.64
J-002343,2025-03-06,North,T-03,200.21,121.09
J-002344,2025-03-06,South,T-07,542.51,407.08
J-002345,2025-03-06,East,T-08,482.6,295.26
J-002346,2025-03-06,North,T-12,600.18,313.3
J-002347,2025-03-06,South,T-11,846.9,590.96
J-002348,2025-03-06,West,T-05,1835.78,1175.63
J-002349,2025-03-06,South,T-07,519.22,353.79
J-002350,2025-03-06,West,T-06,371.65,224.37
J-002351,2025-03-06,North,T-01,500.66,342.0
J-002352,2025-03-06,East,T-05,1117.64,750.9
J-002353,2025-03-06,West,T-08,989.55,742.55
J-002354,2025-03-06,North,T-07,408.76,286.0
J-002355,2025-03-06,East,T-10,519.87,266.09
J-002356,2025-03-06,West,T-07,657.69,428.04
J-002357,2025-03-06,East,T-04,1129.06,745.84
J-002358,2025-03-07,East,T-11,883.84,589.98
J-002359,2025-03-07,North,T-06,819.44,563.36
J-002360,2025-03-07,North,T-07,419.67,248.16
J-002361,2025-03-07,East,T-11,747.57,472.96
J-002362,2025-03-07,West,T-03,238.13,107.83
J-002363,2025-03-07,East,T-07,2169.4,1622.3
J-002364,2025-03-07,South,T-03,326.95,183.51
J-002365,2025-03-07,West,T-03,607.49,382.15
J-002366,2025-03-07,West,T-10,574.59,368.98
J-002367,2025-03-07,West,T-08,347.18,190.97
J-002368,2025-03-07,East,T-08,266.81,169.75
J-002369,2025-03-07,North,T-09,1559.75,944.07
J-002370,2025-03-07,South,T-12,421.84,271.9
J-002371,2025-03-07,South,T-05,720.44,476.69
J-002372,2025-03-07,North,T-12,533.26,352.47
J-002373,2025-03-08,West,T-05,950.03,627.9
J-002374,2025-03-08,North,T-06,1436.33,916.31
J-002375,2025-03-08,West,T-04,1083.69,661.68
J-002376,2025-03-08,East,T-11,613.44,348.16
J-002377,2025-03-08,South,T-01,1390.83,754.13
J-002378,2025-03-08,West,T-09,556.66,417.73
J-002379,2025-03-09,South,T-09,711.28,487.77
J-002380,2025-03-09,West,T-04,702.19,527.86
J-002381,2025-03-09,East,T-02,561.9,328.32
J-002382,2025-03-09,North,T-03,689.12,418.07
J-002383,2025-03-09,North,T-07,513.1,313.8
J-002384,2025-03-09,West,T-04,568.21,337.82
J-002385,2025-03-09,South,T-10,766.66,465.05
J-002386,2025-03-09,South,T-12,1963.16,1132.26
J-002387,2025-03-09,North,T-11,400.37,281.63
J-002388,2025-03-09,East,T-07,1845.63,1180.04
J-002389,2025-03-09,East,T-02,882.1,533.41
J-002390,2025-03-09,East,T-04,1328.8,803.6
J-002391,2025-03-10,East,T-11,394.59,230.66
J-002392,2025-03-10,West,T-03,605.12,368.83
J-002393,2025-03-10,North,T-12,840.15,502.03
J-002394,2025-03-10,East,T-06,1429.49,844.34
J-002395,2025-03-10,North,T-02,386.76,213.13
J-002396,2025-03-10,South,T-10,1291.39,907.18
J-002397,2025-03-10,North,T-10,655.34,409.17
J-002398,2025-03-10,South,T-06,721.52,489.97
J-002399,2025-03-10,West,T-02,810.7,528.83
J-002400,2025-03-10,West,T-07,1232.44,940.38
J-002401,2025-03-10,North,T-03,974.88,455.59
J-002402,2025-03-10,North,T-02,523.01,293.53
J-002403,2025-03-10,East,T-03,1034.31,546.7
J-002404,2025-03-10,South,T-12,1499.1,998.26
J-002405,2025-03-10,North,T-05,537.24,393.99
J-002406,2025-03-10,East,T-09,595.0,372.41
J-002407,2025-03-10,North,T-07,289.16,173.31
J-002408,2025-03-10,North,T-09,645.78,418.75
J-002409,2025-03-10,North,T-11,683.02,481.97
J-002410,2025-03-10,North,T-11,684.28,406.16
J-002411,2025-03-10,North,T-10,1060.1,627.56
J-002412,2025-03-10,North,T-12,450.28,317.77
J-002413,2025-03-10,East,T-08,626.11,325.27
J-002414,2025-03-11,West,T-01,1627.44,1097.02
J-002415,2025-03-11,South,T-10,371.5,234.93
J-002416,2025-03-11,North,T-09,1101.8,753.63
J-002417,2025-03-11,West,T-07,576.94,335.1
J-002418,2025-03-11,South,T-01,806.26,496.03
J-002419,2025-03-11,North,T-10,738.37,490.28
J-002420,2025-03-11,East,T-08,326.62,210.69
J-002421,2025-03-11,North,T-03,578.4,352.5
J-002422,2025-03-11,East,T-02,257.19,199.69
J-002423,2025-03-11,North,T-01,809.16,449.17
J-002424,2025-03-11,North,T-07,659.42,345.38
J-002425,2025-03-11,South,T-05,1037.95,649.58
J-002426,2025-03-11,West,T-01,493.51,363.08
J-002427,2025-03-11,East,T-07,697.13,450.3
J-002428,2025-03-11,South,T-05,619.76,345.93
J-002429,2025-03-11,North,T-11,1502.87,1038.66
J-002430,2025-03-11,North,T-09,489.46,370.3
J-002431,2025-03-11,West,T-07,209.41,146.97
J-002432,2025-03-11,East,T-09,1142.83,813.8
J-002433,2025-03-11,East,T-11,240.79,154.51
J-002434,2025-03-12,West,T-01,675.52,425.0
J-002435,2025-03-12,South,T-07,412.08,309.18
J-002436,2025-03-12,East,T-04,782.78,454.91
J-002437,2025-03-12,South,T-10,1639.12,898.64
J-002438,2025-03-12,South,T-01,885.27,653.84
J-002439,2025-03-12,West,T-06,605.07,411.69
J-002440,2025-03-12,North,T-07,778.6,529.68
J-002441,2025-03-12,North,T-05,437.69,267.95
J-002442,2025-03-12,West,T-03,795.41,529.02
J-002443,2025-03-12,South,T-10,442.87,268.09
J-002444,2025-03-12,South,T-02,690.32,434.55
J-002445,2025-03-12,South,T-09,1221.7,863.49
J-002446,2025-03-12,West,T-01,1780.59,1231.06
J-002447,2025-03-12,North,T-04,1385.76,842.35
J-002448,2025-03-12,East,T-11,428.95,289.5
J-002449,2025-03-12,East,T-09,2513.79,1496.87
J-002450,2025-03-12,South,T-11,365.55,231.32
J-002451,2025-03-13,West,T-03,400.47,263.8
J-002452,2025-03-13,West,T-10,518.62,327.3
J-002453,2025-03-13,South,T-01,758.05,535.63
J-002454,2025-03-13,North,T-08,513.34,333.65
J-002455,2025-03-13,North,T-03,1301.17,971.3
J-002456,2025-03-13,South,T-09,328.61,218.78
J-002457,2025-03-13,North,T-03,659.07,541.61
J-002458,2025-03-13,West,T-05,833.79,507.76
J-002459,2025-03-13,West,T-08,1946.26,1370.18
J-002460,2025-03-13,North,T-05,582.13,426.44
J-002461,2025-03-13,South,T-12,145.57,114.31
J-002462,2025-03-13,South,T-03,1170.8,782.0
J-002463,2025-03-13,South,T-01,550.17,311.51
J-002464,2025-03-13,West,T-09,491.86,293.3
J-002465,2025-03-13,North,T-06,541.03,332.93
J-002466,2025-03-13,South,T-02,309.6,188.12
J-002467,2025-03-13,North,T-11,760.3,539.42
J-002468,2025-03-13,South,T-10,1074.29,677.96
J-002469,2025-03-13,North,T-03,686.11,463.21
J-002470,2025-03-13,North,T-10,640.02,439.83
J-002471,2025-03-13,West,T-11,1055.93,673.76
J-002472,2025-03-13,South,T-01,483.71,317.03
J-002473,2025-03-13,East,T-06,335.23,204.41
J-002474,2025-03-14,South,T-03,844.75,525.06
J-002475,2025-03-14,East,T-09,698.33,463.37
J-002476,2025-03-14,South,T-03,859.14,510.57
J-002477,2025-03-14,West,T-07,315.39,193.94
J-002478,2025-03-14,North,T-09,1563.32,871.21
J-002479,2025-03-14,East,T-10,1974.84,1312.26
J-002480,2025-03-14,South,T-02,842.84,625.17
J-002481,2025-03-14,South,T-01,465.58,259.46
J-002482,2025-03-14,West,T-03,539.26,315.73
J-002483,2025-03-14,East,T-08,527.37,350.07
J-002484,2025-03-14,West,T-10,726.22,412.35
J-002485,2025-03-14,East,T-12,2054.31,1429.66
J-002486,2025-03-14,West,T-02,430.31,305.48
J-002487,2025-03-15,West,T-08,601.92,336.56
J-002488,2025-03-15,West,T-02,583.04,411.35
J-002489,2025-03-15,South,T-06,800.73,551.89
J-002490,2025-03-15,South,T-03,698.56,473.49
J-002491,2025-03-15,North,T-05,610.42,379.08
J-002492,2025-03-15,North,T-04,586.13,365.48
J-002493,2025-03-15,West,T-08,895.97,543.12
J-002494,2025-03-15,East,T-12,149.79,90.44
J-002495,2025-03-15,North,T-01,602.1,428.82
J-002496,2025-03-15,South,T-11,663.67,401.04
J-002497,2025-03-15,West,T-01,713.83,438.78
J-002498,2025-03-15,West,T-09,548.66,317.89
J-002499,2025-03-16,South,T-10,700.93,461.49
J-002500,2025-03-16,North,T-01,996.37,695.94
J-002501,2025-03-17,East,T-10,935.08,721.04
J-002502,2025-03-17,North,T-11,315.79,235.37
J-002503,2025-03-17,South,T-01,428.29,255.41
J-002504,2025-03-17,East,T-12,357.25,186.49
J-002505,2025-03-17,North,T-12,794.95,530.44
J-002506,2025-03-17,North,T-03,318.94,188.03
J-002507,2025-03-17,South,T-10,218.47,135.86
J-002508,2025-03-17,East,T-07,516.23,299.54
J-002509,2025-03-17,South,T-06,731.04,454.7
J-002510,2025-03-17,West,T-01,586.76,359.3
J-002511,2025-03-17,North,T-09,956.69,541.5
J-002512,2025-03-17,North,T-05,559.88,397.03
J-002513,2025-03-17,North,T-12,1196.45,789.44
J-002514,2025-03-17,East,T-11,580.18,363.48
J-002515,2025-03-17,East,T-07,527.94,346.27
J-002516,2025-03-17,East,T-08,636.01,438.64
J-002517,2025-03-17,South,T-05,303.41,152.61
J-002518,2025-03-17,West,T-02,952.34,660.75
J-002519,2025-03-17,West,T-08,513.02,324.61
J-002520,2025-03-17,South,T-05,1011.31,667.32
J-002521,2025-03-17,North,T-01,598.35,368.91
J-002522,2025-03-17,East,T-11,623.03,356.97
J-002523,2025-03-18,West,T-04,892.42,647.69
J-002524,2025-03-18,South,T-09,309.78,175.99
J-002525,2025-03-18,North,T-09,1307.61,854.57
J-002526,2025-03-18,South,T-06,341.77,241.96
J-002527,2025-03-18,West,T-09,1337.18,887.63
J-002528,2025-03-18,North,T-04,857.94,530.05
J-002529,2025-03-18,East,T-07,391.69,272.95
J-002530,2025-03-18,South,T-07,495.36,322.27
J-002531,2025-03-18,West,T-08,637.26,311.19
J-002532,2025-03-18,North,T-10,2229.77,1186.14
J-002533,2025-03-19,West,T-10,757.85,565.48
J-002534,2025-03-19,South,T-09,574.38,350.01
J-002535,2025-03-19,North,T-02,489.29,334.41
J-002536,2025-03-19,West,T-11,693.5,434.9
J-002537,2025-03-19,East,T-01,416.63,296.61
J-002538,2025-03-19,North,T-05,438.05,279.59
J-002539,2025-03-19,East,T-01,714.82,473.38
J-002540,2025-03-19,North,T-11,573.1,385.26
J-002541,2025-03-19,East,T-07,589.01,444.23
J-002542,2025-03-19,West,T-05,381.74,259.31
J-002543,2025-03-19,West,T-02,526.85,298.7
J-002544,2025-03-19,South,T-04,884.66,508.98
J-002545,2025-03-19,South,T-09,325.02,203.45
J-002546,2025-03-19,West,T-07,529.3,300.95
J-002547,2025-03-19,North,T-02,426.25,239.19
J-002548,2025-03-19,North,T-05,226.1,136.25
J-002549,2025-03-19,South,T-05,464.71,339.18
J-002550,2025-03-19,East,T-11,1141.86,761.63
J-002551,2025-03-19,East,T-11,424.48,301.47
J-002552,2025-03-19,West,T-05,548.37,355.61
J-002553,2025-03-19,South,T-11,501.68,294.73
J-002554,2025-03-20,East,T-05,856.98,523.25
J-002555,2025-03-20,East,T-06,745.05,430.81
J-002556,2025-03-20,East,T-06,742.05,460.39
J-002557,2025-03-20,North,T-02,654.53,353.78
J-002558,2025-03-20,South,T-12,709.13,382.29
J-002559,2025-03-20,West,T-02,514.12,302.06
J-002560,2025-03-20,North,T-11,254.51,150.1
J-002561,2025-03-20,North,T-01,1497.08,1007.88
J-002562,2025-03-20,South,T-09,345.34,226.52
J-002563,2025-03-20,South,T-05,437.7,298.45
J-002564,2025-03-20,East,T-10,271.05,178.92
J-002565,2025-03-20,North,T-09,1208.27,770.1
J-002566,2025-03-20,South,T-06,638.0,438.47
J-002567,2025-03-20,North,T-12,860.96,432.6
J-002568,2025-03-20,West,T-02,362.9,251.47
J-002569,2025-03-20,East,T-07,473.06,246.13
J-002570,2025-03-20,East,T-12,441.62,261.59
J-002571,2025-03-20,North,T-09,1248.23,780.68
J-002572,2025-03-20,North,T-06,908.54,531.35
J-002573,2025-03-20,West,T-07,1213.4,777.8
J-002574,2025-03-20,South,T-02,389.19,220.14
J-002575,2025-03-20,South,T-10,392.42,229.51
J-002576,2025-03-21,West,T-12,595.07,374.86
J-002577,2025-03-21,South,T-08,603.92,401.01
J-002578,2025-03-21,East,T-10,2711.69,1883.72
J-002579,2025-03-21,East,T-05,818.28,484.83
J-002580,2025-03-21,East,T-12,390.8,258.18
J-002581,2025-03-21,North,T-11,874.29,604.35
J-002582,2025-03-21,East,T-02,528.61,364.09
J-002583,2025-03-21,North,T-09,658.88,417.06
J-002584,2025-03-21,East,T-05,706.23,472.5
J-002585,2025-03-21,North,T-09,451.21,299.0
J-002586,2025-03-21,North,T-05,1008.6,609.47
J-002587,2025-03-21,East,T-06,793.16,569.94
J-002588,2025-03-21,South,T-08,647.13,416.43
J-002589,2025-03-21,East,T-12,906.91,603.17
J-002590,2025-03-21,East,T-08,553.45,380.42
J-002591,2025-03-21,South,T-09,1169.8,824.67
J-002592,2025-03-21,South,T-02,533.17,344.72
J-002593,2025-03-21,East,T-04,513.9,370.0
J-002594,2025-03-22,North,T-09,1743.29,1125.89
J-002595,2025-03-22,South,T-11,448.97,327.42
J-002596,2025-03-22,East,T-12,1315.2,937.74
J-002597,2025-03-22,North,T-12,801.6,538.99
J-002598,2025-03-22,East,T-06,980.51,713.34
J-002599,2025-03-22,North,T-11,581.42,388.73
J-002600,2025-03-22,North,T-06,1207.07,739.87
J-002601,2025-03-22,South,T-06,501.21,359.17
J-002602,2025-03-22,West,T-04,376.96,233.41
J-002603,2025-03-22,West,T-04,747.26,483.14
J-002604,2025-03-23,South,T-11,665.92,444.17
J-002605,2025-03-23,South,T-03,2438.21,1518.93
J-002606,2025-03-23,North,T-03,553.74,354.65
J-002607,2025-03-23,North,T-06,430.55,286.89
J-002608,2025-03-23,East,T-04,1010.88,685.73
J-002609,2025-03-24,West,T-01,457.52,330.95
J-002610,2025-03-24,East,T-11,1144.03,814.18
J-002611,2025-03-24,North,T-11,884.11,520.87
J-002612,2025-03-24,East,T-03,371.22,209.22
J-002613,2025-03-24,South,T-11,660.76,426.88
J-002614,2025-03-24,East,T-10,486.25,293.1
J-002615,2025-03-24,East,T-07,528.47,303.94
J-002616,2025-03-24,West,T-12,356.12,221.58
J-002617,2025-03-24,North,T-04,416.43,277.17
J-002618,2025-03-24,North,T-06,788.26,484.09
J-002619,2025-03-24,South,T-10,311.96,201.18
J-002620,2025-03-24,South,T-12,1266.02,891.26
J-002621,2025-03-24,East,T-03,585.07,366.54
J-002622,2025-03-24,East,T-08,486.29,300.82
J-002623,2025-03-24,West,T-03,742.92,527.3
J-002624,2025-03-24,East,T-04,270.94,185.03
J-002625,2025-03-24,South,T-08,840.73,635.73
J-002626,2025-03-24,East,T-09,401.56,268.71
J-002627,2025-03-25,South,T-06,370.29,205.44
J-002628,2025-03-25,East,T-09,882.19,542.83
J-002629,2025-03-25,East,T-11,465.43,305.22
J-002630,2025-03-25,West,T-11,744.09,472.99
J-002631,2025-03-25,South,T-08,352.9,203.98
J-002632,2025-03-25,North,T-06,1909.68,1067.64
J-002633,2025-03-25,South,T-08,714.25,444.12
J-002634,2025-03-25,South,T-07,604.75,416.6
J-002635,2025-03-25,East,T-02,1374.5,868.41
J-002636,2025-03-25,South,T-02,731.86,431.18
J-002637,2025-03-25,North,T-06,754.0,480.53
J-002638,2025-03-25,North,T-04,263.88,159.67
J-002639,2025-03-25,East,T-09,784.93,590.89
J-002640,2025-03-25,North,T-03,938.89,664.27
J-002641,2025-03-25,South,T-10,471.62,279.28
J-002642,2025-03-25,North,T-04,759.2,474.56
J-002643,2025-03-25,North,T-07,1529.16,877.75
J-002644,2025-03-25,West,T-04,308.77,182.22
J-002645,2025-03-25,North,T-07,901.79,557.29
J-002646,2025-03-25,West,T-11,2175.58,1401.66
J-002647,2025-03-25,West,T-05,518.94,311.8
J-002648,2025-03-25,North,T-08,781.66,443.44
J-002649,2025-03-26,North,T-07,494.25,287.08
J-002650,2025-03-26,South,T-03,580.77,368.54
J-002651,2025-03-26,West,T-07,1449.11,875.74
J-002652,2025-03-26,West,T-01,652.83,469.05
J-002653,2025-03-26,North,T-12,987.24,696.28
J-002654,2025-03-26,North,T-04,1491.02,1025.14
J-002655,2025-03-26,West,T-03,810.19,429.98
J-002656,2025-03-26,North,T-06,301.71,196.58
J-002657,2025-03-26,North,T-05,677.59,439.28
J-002658,2025-03-26,South,T-04,1065.75,676.37
J-002659,2025-03-26,North,T-09,373.86,235.27
J-002660,2025-03-26,North,T-10,456.44,277.18
J-002661,2025-03-26,South,T-08,489.75,272.33
J-002662,2025-03-26,North,T-07,459.24,291.42
J-002663,2025-03-26,West,T-10,1152.46,695.28
J-002664,2025-03-26,South,T-07,385.04,258.65
J-002665,2025-03-26,East,T-03,698.89,500.74
J-002666,2025-03-26,South,T-09,940.12,614.41
J-002667,2025-03-27,North,T-12,801.06,429.7
J-002668,2025-03-27,South,T-08,441.2,266.87
J-002669,2025-03-27,West,T-08,581.21,355.14
J-002670,2025-03-27,South,T-06,1287.54,821.91
J-002671,2025-03-27,South,T-01,845.21,539.94
J-002672,2025-03-27,East,T-09,586.33,383.98
J-002673,2025-03-27,East,T-02,755.42,414.36
J-002674,2025-03-27,South,T-07,2436.82,1502.89
J-002675,2025-03-27,South,T-08,2798.12,1823.38
J-002676,2025-03-27,North,T-02,1460.05,832.89
J-002677,2025-03-27,East,T-03,536.63,337.35
J-002678,2025-03-27,North,T-08,591.82,335.62
J-002679,2025-03-27,South,T-03,528.49,348.84
J-002680,2025-03-27,East,T-06,226.73,154.57
J-002681,2025-03-27,East,T-09,576.85,365.41
J-002682,2025-03-27,East,T-01,343.74,214.1
J-002683,2025-03-27,West,T-03,1012.5,713.25
J-002684,2025-03-27,North,T-10,1091.73,670.58
J-002685,2025-03-27,North,T-06,330.36,216.82
J-002686,2025-03-27,South,T-04,484.12,283.67
J-002687,2025-03-28,West,T-09,482.54,309.07
J-002688,2025-03-28,West,T-10,722.4,471.23
J-002689,2025-03-28,North,T-02,827.17,537.33
J-002690,2025-03-28,South,T-05,614.69,431.48
J-002691,2025-03-28,West,T-06,769.45,478.08
J-002692,2025-03-28,West,T-07,1549.78,1179.45
J-002693,2025-03-28,West,T-01,1469.59,804.82
J-002694,2025-03-28,East,T-01,694.16,436.01
J-002695,2025-03-28,South,T-10,1209.41,930.34
J-002696,2025-03-28,South,T-12,761.4,448.78
J-002697,2025-03-28,East,T-03,1948.64,1205.98
J-002698,2025-03-28,West,T-12,1222.85,720.41
J-002699,2025-03-28,South,T-02,529.08,340.82
J-002700,2025-03-28,East,T-10,1172.54,757.58
J-002701,2025-03-28,North,T-02,797.52,505.78
J-002702,2025-03-28,North,T-02,277.12,173.36
J-002703,2025-03-28,North,T-04,306.72,194.96
J-002704,2025-03-28,South,T-02,768.08,496.04
J-002705,2025-03-29,East,T-05,651.53,386.33
J-002706,2025-03-29,East,T-08,433.53,284.42
J-002707,2025-03-29,South,T-05,625.77,491.4
J-002708,2025-03-29,East,T-02,591.39,363.5
J-002709,2025-03-29,North,T-10,958.19,573.79
J-002710,2025-03-29,East,T-06,415.56,222.3
J-002711,2025-03-29,East,T-01,1052.33,685.93
J-002712,2025-03-30,North,T-09,883.66,665.36
J-002713,2025-03-30,East,T-02,701.79,448.66
J-002714,2025-03-30,North,T-07,491.74,332.05
J-002715,2025-03-30,East,T-09,887.87,590.28
J-002716,2025-03-30,East,T-03,323.18,209.99
J-002717,2025-03-30,West,T-04,2844.73,1847.23
J-002718,2025-03-31,East,T-11,1306.09,808.47
J-002719,2025-03-31,North,T-11,804.52,546.25
J-002720,2025-03-31,North,T-02,736.34,481.51
J-002721,2025-03-31,North,T-10,840.95,593.43
J-002722,2025-03-31,South,T-04,632.67,433.52
J-002723,2025-03-31,East,T-11,279.14,194.03
J-002724,2025-03-31,North,T-02,715.03,440.48
J-002725,2025-03-31,North,T-12,792.24,445.58
J-002726,2025-03-31,South,T-04,632.33,361.97
J-002727,2025-03-31,South,T-11,551.87,339.23
J-002728,2025-03-31,West,T-08,1033.63,603.63
J-002729,2025-03-31,North,T-04,582.42,374.86
J-002730,2025-03-31,South,T-07,744.89,442.86
J-002731,2025-03-31,North,T-11,1101.87,663.43
J-002732,2025-03-31,West,T-08,787.98,494.31
J-002733,2025-03-31,North,T-07,815.04,466.03
J-002734,2025-03-31,South,T-02,277.9,176.96
J-002735,2025-03-31,South,T-01,764.64,488.48
J-002736,2025-03-31,West,T-11,855.42,591.63
J-002737,2025-03-31,East,T-10,2789.59,1581.34
J-002738,2025-03-31,South,T-05,990.74,663.05
J-002739,2025-03-31,South,T-01,239.92,176.43
J-002740,2025-03-31,North,T-02,246.0,161.23
J-002741,2025-04-01,North,T-09,905.2,596.55
J-002742,2025-04-01,East,T-07,660.9,415.83
J-002743,2025-04-01,North,T-11,1115.15,723.76
J-002744,2025-04-01,South,T-07,2508.98,1853.53
J-002745,2025-04-01,West,T-07,780.75,360.34
J-002746,2025-04-01,North,T-10,620.75,380.14
J-002747,2025-04-01,West,T-11,896.22,511.82
J-002748,2025-04-01,North,T-07,426.06,301.42
J-002749,2025-04-01,North,T-12,515.17,312.04
J-002750,2025-04-01,South,T-12,231.51,140.08
J-002751,2025-04-01,West,T-03,1006.4,781.56
J-002752,2025-04-01,South,T-11,435.45,321.12
J-002753,2025-04-01,North,T-09,489.32,300.92
J-002754,2025-04-01,North,T-02,605.19,413.85
J-002755,2025-04-01,East,T-07,360.81,196.2
J-002756,2025-04-01,East,T-04,515.4,315.4
J-002757,2025-04-01,South,T-05,1362.89,808.46
J-002758,2025-04-01,East,T-03,461.29,294.8
J-002759,2025-04-01,East,T-03,352.99,229.48
J-002760,2025-04-01,North,T-01,375.65,240.64
J-002761,2025-04-01,East,T-01,1921.46,1377.32
J-002762,2025-04-01,West,T-10,534.07,350.9
J-002763,2025-04-01,North,T-12,288.69,178.79
J-002764,2025-04-01,East,T-08,831.78,543.14
J-002765,2025-04-02,East,T-12,886.12,552.51
J-002766,2025-04-02,East,T-12,730.05,469.09
J-002767,2025-04-02,North,T-12,609.8,374.35
J-002768,2025-04-02,North,T-06,632.28,374.67
J-002769,2025-04-02,West,T-08,910.68,571.26
J-002770,2025-04-02,North,T-06,722.12,419.12
J-002771,2025-04-02,South,T-12,337.94,237.48
J-002772,2025-04-02,South,T-02,743.42,457.67
J-002773,2025-04-02,South,T-10,470.23,297.36
J-002774,2025-04-02,East,T-03,1284.5,803.25
J-002775,2025-04-02,South,T-06,386.79,265.43
J-002776,2025-04-02,East,T-04,507.89,309.04
J-002777,2025-04-02,North,T-12,498.66,319.41
J-002778,2025-04-02,West,T-05,459.11,291.33
J-002779,2025-04-02,North,T-08,296.12,189.41
J-002780,2025-04-02,North,T-11,774.8,470.52
J-002781,2025-04-02,East,T-07,1318.48,916.61
J-002782,2025-04-02,East,T-03,914.91,569.9
J-002783,2025-04-03,East,T-10,925.43,608.9
J-002784,2025-04-03,East,T-12,359.32,258.1
J-002785,2025-04-03,East,T-11,450.19,309.86
J-002786,2025-04-03,West,T-08,895.43,549.87
J-002787,2025-04-03,North,T-08,320.05,204.82
J-002788,2025-04-03,West,T-06,277.16,172.71
J-002789,2025-04-03,North,T-07,602.57,379.45
J-002790,2025-04-03,North,T-03,272.92,164.36
J-002791,2025-04-03,North,T-08,721.34,427.57
J-002792,2025-04-03,East,T-09,663.82,403.79
J-002793,2025-04-03,North,T-02,709.79,499.73
J-002794,2025-04-03,South,T-09,639.39,330.54
J-002795,2025-04-03,North,T-12,556.64,325.07
J-002796,2025-04-03,North,T-05,1116.91,788.01
J-002797,2025-04-03,East,T-06,524.82,320.37
J-002798,2025-04-03,North,T-01,712.29,478.79
J-002799,2025-04-03,South,T-09,1344.85,860.56
J-002800,2025-04-04,South,T-04,1258.98,773.63
J-002801,2025-04-04,South,T-03,497.41,295.49
J-002802,2025-04-04,South,T-07,1025.94,678.25
J-002803,2025-04-04,North,T-05,656.14,398.32
J-002804,2025-04-04,South,T-01,564.95,379.66
J-002805,2025-04-04,West,T-12,688.23,433.64
J-002806,2025-04-04,East,T-05,588.59,344.74
J-002807,2025-04-04,South,T-11,714.51,447.51
J-002808,2025-04-04,North,T-09,1284.99,754.53
J-002809,2025-04-04,West,T-12,506.77,296.27
J-002810,2025-04-04,East,T-06,608.79,401.88
J-002811,2025-04-04,South,T-09,1615.41,829.05
J-002812,2025-04-04,South,T-06,209.37,129.47
J-002813,2025-04-04,East,T-04,489.83,336.73
J-002814,2025-04-04,North,T-10,722.21,387.84
J-002815,2025-04-04,East,T-01,1070.2,688.82
J-002816,2025-04-04,South,T-08,2034.68,1249.64
J-002817,2025-04-04,West,T-11,726.94,539.14
J-002818,2025-04-04,East,T-06,558.5,362.11
J-002819,2025-04-05,North,T-01,821.8,586.13
J-002820,2025-04-05,West,T-03,685.5,437.13
J-002821,2025-04-05,East,T-12,421.06,299.76
J-002822,2025-04-05,North,T-03,684.35,464.61
J-002823,2025-04-05,South,T-05,450.32,298.13
J-002824,2025-04-05,East,T-04,1067.13,727.35
J-002825,2025-04-05,West,T-09,746.45,502.24
J-002826,2025-04-05,North,T-08,769.5,483.98
J-002827,2025-04-05,East,T-10,1299.94,774.78
J-002828,2025-04-06,East,T-12,334.25,175.26
J-002829,2025-04-06,South,T-01,736.16,492.03
J-002830,2025-04-06,South,T-06,375.85,234.41
J-002831,2025-04-06,West,T-08,792.84,485.42
J-002832,2025-04-06,South,T-02,825.09,552.78
J-002833,2025-04-06,North,T-05,745.52,487.69
J-002834,2025-04-06,North,T-08,732.94,493.89
J-002835,2025-04-06,North,T-03,580.68,333.61
J-002836,2025-04-07,East,T-12,427.42,287.25
J-002837,2025-04-07,North,T-08,427.48,296.84
J-002838,2025-04-07,North,T-09,1039.45,650.81
J-002839,2025-04-07,East,T-12,491.79,319.69
J-002840,2025-04-07,East,T-04,917.86,652.66
J-002841,2025-04-07,West,T-11,1667.78,996.78
J-002842,2025-04-07,North,T-04,462.28,288.27
J-002843,2025-04-07,North,T-02,433.76,238.51
J-002844,2025-04-07,East,T-02,711.28,508.13
J-002845,2025-04-07,South,T-01,302.18,204.42
J-002846,2025-04-07,East,T-10,1015.18,648.33
J-002847,2025-04-07,East,T-03,481.14,302.66
J-002848,2025-04-07,West,T-09,406.32,258.54
J-002849,2025-04-07,South,T-03,287.35,177.97
J-002850,2025-04-07,East,T-04,743.51,380.82
J-002851,2025-04-07,North,T-01,712.5,427.57
J-002852,2025-04-07,North,T-07,400.35,264.2
J-002853,2025-04-07,North,T-10,606.75,356.74
J-002854,2025-04-07,South,T-12,368.31,248.51
J-002855,2025-04-07,North,T-05,767.49,465.21
J-002856,2025-04-07,West,T-03,336.15,224.92
J-002857,2025-04-07,South,T-09,958.01,536.61
J-002858,2025-04-07,North,T-09,735.87,480.93
J-002859,2025-04-07,North,T-09,439.53,259.9
J-002860,2025-04-07,South,T-11,426.45,247.93
J-002861,2025-04-07,East,T-07,934.36,595.67
J-002862,2025-04-07,North,T-02,457.76,301.09
J-002863,2025-04-07,South,T-06,895.63,568.2
J-002864,2025-04-07,East,T-10,981.36,668.07
J-002865,2025-04-07,North,T-08,1247.33,799.87
J-002866,2025-04-07,North,T-04,622.36,362.66
J-002867,2025-04-07,South,T-10,1036.0,631.45
J-002868,2025-04-07,South,T-01,1004.38,661.66
J-002869,2025-04-08,East,T-08,607.95,423.06
J-002870,2025-04-08,South,T-08,656.78,504.4
J-002871,2025-04-08,East,T-01,871.08,571.08
J-002872,2025-04-08,South,T-04,543.58,336.22
J-002873,2025-04-08,East,T-09,671.74,466.15
J-002874,2025-04-08,East,T-11,1069.87,721.97
J-002875,2025-04-08,North,T-08,496.77,303.44
J-002876,2025-04-08,West,T-02,731.5,543.45
J-002877,2025-04-08,North,T-07,441.27,244.31
J-002878,2025-04-08,North,T-09,608.98,409.55
J-002879,2025-04-08,West,T-10,973.2,529.58
J-002880,2025-04-08,North,T-11,1011.27,630.7
J-002881,2025-04-08,East,T-07,521.03,325.92
J-002882,2025-04-08,North,T-08,1154.33,836.28
J-002883,2025-04-08,South,T-09,1601.87,1034.14
J-002884,2025-04-08,North,T-07,516.71,336.32
J-002885,2025-04-08,North,T-09,669.14,444.83
J-002886,2025-04-08,South,T-07,156.05,115.58
J-002887,2025-04-08,North,T-06,450.54,257.96
J-002888,2025-04-08,North,T-07,470.4,281.8
J-002889,2025-04-08,West,T-12,1876.71,1293.49
J-002890,2025-04-09,North,T-02,716.53,476.92
J-002891,2025-04-09,East,T-11,549.62,379.94
J-002892,2025-04-09,East,T-11,374.1,232.79
J-002893,2025-04-09,East,T-06,706.06,462.7
J-002894,2025-04-09,North,T-02,837.6,548.97
J-002895,2025-04-09,South,T-05,599.12,398.17
J-002896,2025-04-09,East,T-05,895.62,620.38
J-002897,2025-04-09,East,T-04,1207.49,859.89
J-002898,2025-04-09,West,T-04,2213.13,1334.7
J-002899,2025-04-09,West,T-07,998.49,719.33
J-002900,2025-04-09,North,T-06,1387.95,797.73
J-002901,2025-04-09,East,T-02,233.1,146.69
J-002902,2025-04-09,East,T-10,2933.39,2179.71
J-002903,2025-04-09,North,T-02,897.81,617.64
J-002904,2025-04-09,South,T-11,780.62,436.52
J-002905,2025-04-09,North,T-12,741.18,478.77
J-002906,2025-04-09,South,T-04,650.15,450.66
J-002907,2025-04-09,East,T-12,1530.67,915.72
J-002908,2025-04-09,North,T-07,912.4,541.15
J-002909,2025-04-09,East,T-07,292.01,216.94
J-002910,2025-04-09,East,T-01,1325.25,916.36
J-002911,2025-04-09,East,T-02,917.95,690.34
J-002912,2025-04-09,South,T-12,824.64,506.33
J-002913,2025-04-09,East,T-01,608.17,317.88
J-002914,2025-04-09,South,T-06,397.38,272.15
J-002915,2025-04-09,South,T-03,494.82,307.03
J-002916,2025-04-09,North,T-04,478.95,310.14
J-002917,2025-04-09,West,T-10,384.66,239.52
J-002918,2025-04-09,West,T-04,606.14,412.54
J-002919,2025-04-09,East,T-03,423.1,264.4
J-002920,2025-04-09,East,T-10,592.53,434.12
J-002921,2025-04-09,North,T-09,1334.46,1032.98
J-002922,2025-04-09,West,T-05,625.73,391.11
J-002923,2025-04-09,North,T-11,2497.59,1646.2
J-002924,2025-04-10,North,T-09,509.41,357.37
J-002925,2025-04-10,East,T-02,384.01,240.07
J-002926,2025-04-10,North,T-11,837.29,537.26
J-002927,2025-04-10,South,T-02,307.89,210.64
J-002928,2025-04-10,West,T-03,451.44,289.59
J-002929,2025-04-10,South,T-03,411.94,231.99
J-002930,2025-04-10,South,T-05,465.74,288.85
J-002931,2025-04-10,East,T-03,564.97,396.28
J-002932,2025-04-10,South,T-06,699.99,458.22
J-002933,2025-04-10,North,T-11,1531.97,1170.53
J-002934,2025-04-10,South,T-03,483.96,273.41
J-002935,2025-04-11,West,T-09,609.32,474.49
J-002936,2025-04-11,North,T-06,433.92,307.39
J-002937,2025-04-11,South,T-03,533.44,281.37
J-002938,2025-04-11,South,T-03,959.58,617.9
J-002939,2025-04-11,North,T-10,1810.31,1154.7
J-002940,2025-04-11,North,T-09,589.8,324.88
J-002941,2025-04-11,South,T-04,287.37,202.61
J-002942,2025-04-11,East,T-02,471.96,351.26
J-002943,2025-04-11,West,T-05,310.75,222.82
J-002944,2025-04-11,North,T-01,576.09,337.39
J-002945,2025-04-11,North,T-10,717.67,444.18
J-002946,2025-04-11,East,T-01,966.67,606.55
J-002947,2025-04-11,East,T-07,426.97,257.63
J-002948,2025-04-12,East,T-12,975.07,626.79
J-002949,2025-04-12,East,T-01,471.5,291.81
J-002950,2025-04-12,North,T-08,802.56,535.67
J-002951,2025-04-12,South,T-09,781.48,410.48
J-002952,2025-04-12,South,T-10,1859.49,1354.18
J-002953,2025-04-12,East,T-01,975.59,589.61
J-002954,2025-04-12,North,T-06,1186.3,822.95
J-002955,2025-04-12,South,T-06,2353.84,1454.91
J-002956,2025-04-12,South,T-09,1420.97,902.89
J-002957,2025-04-12,North,T-07,518.44,317.72
J-002958,2025-04-13,North,T-10,647.68,431.42
J-002959,2025-04-13,South,T-07,549.58,303.63
J-002960,2025-04-14,West,T-09,1423.94,1025.82
J-002961,2025-04-14,North,T-12,683.24,403.85
J-002962,2025-04-14,West,T-01,1319.73,911.2
J-002963,2025-04-14,South,T-11,580.96,397.93
J-002964,2025-04-14,South,T-08,831.32,551.55
J-002965,2025-04-14,North,T-11,490.41,297.65
J-002966,2025-04-14,North,T-08,642.08,442.38
J-002967,2025-04-14,South,T-12,779.44,535.54
J-002968,2025-04-14,North,T-07,1548.74,1042.48
J-002969,2025-04-14,West,T-04,945.07,562.45
J-002970,2025-04-14,East,T-09,662.21,402.45
J-002971,2025-04-14,West,T-02,512.07,320.85
J-002972,2025-04-14,East,T-02,742.29,403.07
J-002973,2025-04-15,East,T-04,622.63,404.52
J-002974,2025-04-15,South,T-11,1217.67,757.88
J-002975,2025-04-15,North,T-09,723.11,484.81
J-002976,2025-04-15,North,T-03,975.35,598.3
J-002977,2025-04-15,South,T-01,663.29,394.26
J-002978,2025-04-15,North,T-06,313.39,237.91
J-002979,2025-04-15,North,T-01,1761.33,1169.85
J-002980,2025-04-15,North,T-02,681.59,513.6
J-002981,2025-04-15,West,T-01,779.94,445.41
J-002982,2025-04-15,North,T-02,1288.42,950.73
J-002983,2025-04-15,North,T-09,584.38,428.31
J-002984,2025-04-15,North,T-10,857.12,504.18
J-002985,2025-04-15,West,T-06,475.91,345.03
J-002986,2025-04-15,North,T-01,594.66,359.18
J-002987,2025-04-15,South,T-05,516.45,327.52
J-002988,2025-04-15,South,T-06,618.5,388.96
J-002989,2025-04-15,South,T-09,545.32,373.94
J-002990,2025-04-15,North,T-06,727.68,492.35
J-002991,2025-04-16,East,T-08,477.26,279.26
J-002992,2025-04-16,East,T-07,964.58,583.55
J-002993,2025-04-16,South,T-12,208.12,128.38
J-002994,2025-04-16,East,T-08,449.22,269.8
J-002995,2025-04-16,East,T-06,410.01,288.42
J-002996,2025-04-16,North,T-08,211.92,114.89
J-002997,2025-04-16,North,T-08,925.88,520.48
J-002998,2025-04-16,North,T-02,373.92,194.34
J-002999,2025-04-16,West,T-01,905.42,611.62
J-003000,2025-04-16,East,T-03,699.97,436.71
J-003001,2025-04-16,North,T-12,611.68,367.23
J-003002,2025-04-16,East,T-09,801.98,441.85
J-003003,2025-04-16,South,T-08,543.72,334.31
J-003004,2025-04-16,North,T-02,455.86,261.75
J-003005,2025-04-16,South,T-02,621.82,392.46
J-003006,2025-04-16,East,T-06,538.08,354.24
J-003007,2025-04-16,East,T-11,759.49,451.63
J-003008,2025-04-16,South,T-12,836.62,454.77
J-003009,2025-04-16,North,T-06,1099.96,626.28
J-003010,2025-04-16,East,T-12,314.72,223.87
J-003011,2025-04-16,East,T-11,569.74,333.57
J-003012,2025-04-17,East,T-12,627.39,409.06
J-003013,2025-04-17,North,T-10,1473.53,926.72
J-003014,2025-04-17,East,T-06,567.79,369.41
J-003015,2025-04-17,West,T-02,533.4,351.84
J-003016,2025-04-17,West,T-11,1204.94,816.1
J-003017,2025-04-17,South,T-10,501.31,314.62
J-003018,2025-04-17,East,T-07,1010.6,654.37
J-003019,2025-04-17,South,T-12,513.08,355.63
J-003020,2025-04-17,North,T-04,727.18,496.52
J-003021,2025-04-17,West,T-03,750.9,494.12
J-003022,2025-04-17,North,T-08,364.19,223.73
J-003023,2025-04-17,North,T-11,471.88,304.34
J-003024,2025-04-17,South,T-06,903.32,536.71
J-003025,2025-04-17,North,T-11,643.78,366.77
J-003026,2025-04-17,North,T-02,554.2,309.34
J-003027,2025-04-17,West,T-04,552.42,375.21
J-003028,2025-04-17,East,T-10,2253.06,1208.8
J-003029,2025-04-17,East,T-02,598.32,464.1
J-003030,2025-04-17,North,T-10,457.16,274.0
J-003031,2025-04-17,North,T-11,459.61,335.31
J-003032,2025-04-17,South,T-01,1001.53,541.02
J-003033,2025-04-17,South,T-01,392.94,244.54
J-003034,2025-04-17,South,T-09,761.19,497.27
J-003035,2025-04-17,West,T-08,818.47,481.16
J-003036,2025-04-17,East,T-11,533.93,316.25
J-003037,2025-04-17,South,T-08,1732.66,1102.32
J-003038,2025-04-17,South,T-03,537.07,352.87
J-003039,2025-04-17,South,T-05,1290.11,779.94
J-003040,2025-04-18,East,T-12,587.36,425.25
J-003041,2025-04-18,South,T-02,2117.15,1320.79
J-003042,2025-04-18,East,T-08,318.98,172.8
J-003043,2025-04-18,North,T-04,1021.25,554.95
J-003044,2025-04-18,West,T-08,1861.78,1308.33
J-003045,2025-04-18,North,T-08,1341.66,902.04
J-003046,2025-04-18,South,T-03,511.53,326.15
J-003047,2025-04-18,South,T-10,233.81,146.56
J-003048,2025-04-18,South,T-10,1533.78,998.71
J-003049,2025-04-18,South,T-03,273.98,186.64
J-003050,2025-04-18,South,T-03,1367.59,748.56
J-003051,2025-04-18,West,T-02,1297.77,909.92
J-003052,2025-04-18,South,T-06,358.53,240.72
J-003053,2025-04-18,North,T-04,176.47,109.76
J-003054,2025-04-18,West,T-05,731.59,452.2
J-003055,2025-04-18,North,T-02,674.23,433.61
J-003056,2025-04-18,South,T-05,709.83,500.92
J-003057,2025-04-18,North,T-01,330.33,220.86
J-003058,2025-04-18,North,T-10,361.36,270.1
J-003059,2025-04-18,North,T-11,588.8,343.79
J-003060,2025-04-18,North,T-03,2106.48,1270.65
J-003061,2025-04-18,North,T-12,620.08,455.67
J-003062,2025-04-19,South,T-02,1016.85,691.18
J-003063,2025-04-19,West,T-05,532.91,343.78
J-003064,2025-04-19,North,T-05,905.39,567.54
J-003065,2025-04-19,South,T-12,709.36,420.44
J-003066,2025-04-19,North,T-02,645.96,474.37
J-003067,2025-04-19,South,T-04,786.1,467.11
J-003068,2025-04-19,South,T-08,410.41,265.46
J-003069,2025-04-19,West,T-08,581.98,337.47
J-003070,2025-04-20,North,T-04,476.92,343.22
J-003071,2025-04-20,East,T-06,523.32,338.28
J-003072,2025-04-20,South,T-04,1067.51,601.79
J-003073,2025-04-20,North,T-02,676.96,431.31
J-003074,2025-04-20,South,T-11,295.53,175.61
J-003075,2025-04-20,West,T-01,420.5,230.05
J-003076,2025-04-20,North,T-07,572.12,361.73
J-003077,2025-04-21,East,T-11,1269.93,965.57
J-003078,2025-04-21,North,T-08,964.24,590.84
J-003079,2025-04-21,South,T-02,754.19,554.15
J-003080,2025-04-21,West,T-09,553.44,350.97
J-003081,2025-04-21,North,T-02,320.26,233.25
J-003082,2025-04-21,West,T-04,1305.56,786.18
J-003083,2025-04-21,North,T-12,1125.27,633.85
J-003084,2025-04-21,West,T-02,824.54,569.68
J-003085,2025-04-21,South,T-02,895.19,530.45
J-003086,2025-04-21,North,T-12,1484.99,825.42
J-003087,2025-04-21,South,T-04,351.66,209.65
J-003088,2025-04-21,North,T-09,1204.98,787.59
J-003089,2025-04-21,South,T-01,636.07,453.63
J-003090,2025-04-21,South,T-01,483.85,323.45
J-003091,2025-04-21,West,T-12,402.18,275.47
J-003092,2025-04-21,North,T-11,886.09,506.92
J-003093,2025-04-21,South,T-12,517.42,336.11
J-003094,2025-04-21,East,T-12,338.65,227.89
J-003095,2025-04-21,East,T-07,716.85,470.43
J-003096,2025-04-21,West,T-08,2419.57,1719.04
J-003097,2025-04-22,East,T-03,523.43,245.16
J-003098,2025-04-22,North,T-01,518.11,287.08
J-003099,2025-04-22,West,T-12,849.2,538.93
J-003100,2025-04-22,South,T-05,1102.65,730.15
J-003101,2025-04-22,West,T-03,239.19,135.37
J-003102,2025-04-22,North,T-02,1166.63,878.28
J-003103,2025-04-22,East,T-12,500.85,261.79
J-003104,2025-04-22,East,T-10,2984.72,1777.8
J-003105,2025-04-22,West,T-07,988.59,571.7
J-003106,2025-04-22,West,T-06,607.57,419.39
J-003107,2025-04-22,North,T-01,916.23,585.48
J-003108,2025-04-22,North,T-01,742.58,391.66
J-003109,2025-04-23,South,T-06,647.87,364.23
J-003110,2025-04-23,East,T-02,1784.94,1165.94
J-003111,2025-04-23,South,T-07,641.1,338.22
J-003112,2025-04-23,South,T-10,574.96,331.65
J-003113,2025-04-23,West,T-04,1158.27,806.11
J-003114,2025-04-23,East,T-06,244.49,138.96
J-003115,2025-04-23,South,T-12,932.68,558.13
J-003116,2025-04-23,West,T-10,823.35,453.57
J-003117,2025-04-23,West,T-04,680.44,484.42
J-003118,2025-04-23,East,T-12,232.29,161.94
J-003119,2025-04-23,South,T-03,383.13,205.77
J-003120,2025-04-23,North,T-07,603.45,342.44
J-003121,2025-04-23,South,T-12,601.16,464.89
J-003122,2025-04-23,South,T-03,741.81,428.89
J-003123,2025-04-23,East,T-02,999.14,645.23
J-003124,2025-04-23,South,T-02,446.29,325.13
J-003125,2025-04-23,North,T-02,891.0,636.17
J-003126,2025-04-23,North,T-01,1157.8,695.23
J-003127,2025-04-23,East,T-05,750.15,381.4
J-003128,2025-04-23,North,T-01,1217.54,819.26
J-003129,2025-04-23,West,T-07,1441.33,1003.69
J-003130,2025-04-23,East,T-05,880.55,544.31
J-003131,2025-04-23,North,T-08,692.6,398.97
J-003132,2025-04-23,East,T-07,251.55,146.0
J-003133,2025-04-23,South,T-10,303.6,162.03
J-003134,2025-04-23,East,T-09,608.46,379.98
J-003135,2025-04-24,East,T-05,489.88,324.59
J-003136,2025-04-24,South,T-11,1101.73,688.44
J-003137,2025-04-24,South,T-08,465.81,295.39
J-003138,2025-04-24,East,T-08,704.13,553.32
J-003139,2025-04-24,South,T-10,679.05,381.13
J-003140,2025-04-24,South,T-03,1017.35,734.11
J-003141,2025-04-24,North,T-02,584.57,434.1
J-003142,2025-04-24,North,T-11,853.63,516.53
J-003143,2025-04-24,South,T-12,833.96,446.64
J-003144,2025-04-24,East,T-04,815.52,550.09
J-003145,2025-04-24,South,T-09,836.34,536.41
J-003146,2025-04-24,East,T-05,1074.52,700.99
J-003147,2025-04-25,South,T-03,772.87,495.5
J-003148,2025-04-25,East,T-06,1211.42,766.16
J-003149,2025-04-25,East,T-07,618.89,375.79
J-003150,2025-04-25,East,T-01,407.92,297.07
J-003151,2025-04-25,East,T-12,1502.85,983.19
J-003152,2025-04-25,East,T-06,509.46,330.03
J-003153,2025-04-25,North,T-10,327.53,212.12
J-003154,2025-04-25,South,T-05,815.65,584.29
J-003155,2025-04-25,East,T-09,574.68,341.41
J-003156,2025-04-25,South,T-08,616.38,416.15
J-003157,2025-04-25,North,T-09,400.88,287.69
J-003158,2025-04-25,South,T-09,1254.07,827.2
J-003159,2025-04-25,West,T-11,813.33,519.27
J-003160,2025-04-25,West,T-04,574.43,297.81
J-003161,2025-04-25,North,T-10,564.12,387.37
J-003162,2025-04-25,South,T-09,1134.09,739.76
J-003163,2025-04-25,North,T-12,634.63,470.27
J-003164,2025-04-25,East,T-06,366.29,250.4
J-003165,2025-04-25,South,T-11,537.58,327.38
J-003166,2025-04-25,East,T-02,221.51,147.85
J-003167,2025-04-25,East,T-12,1042.28,764.52
J-003168,2025-04-25,South,T-03,671.8,494.42
J-003169,2025-04-25,South,T-07,208.44,132.4
J-003170,2025-04-25,South,T-03,525.54,346.72
J-003171,2025-04-25,South,T-03,651.5,519.63
J-003172,2025-04-25,North,T-10,995.32,595.21
J-003173,2025-04-25,West,T-03,1131.32,733.87
J-003174,2025-04-25,West,T-05,943.97,620.41
J-003175,2025-04-25,North,T-12,814.47,501.26
J-003176,2025-04-25,East,T-04,539.15,415.59
J-003177,2025-04-25,South,T-07,418.99,319.35
J-003178,2025-04-26,West,T-07,1065.08,555.76
J-003179,2025-04-26,West,T-07,510.52,333.01
J-003180,2025-04-26,North,T-11,639.23,449.96
J-003181,2025-04-26,South,T-10,694.23,450.47
J-003182,2025-04-26,East,T-05,525.77,276.27
J-003183,2025-04-26,North,T-02,538.39,341.07
J-003184,2025-04-26,South,T-12,511.75,299.44
J-003185,2025-04-27,North,T-03,1348.56,773.49
J-003186,2025-04-27,East,T-11,325.32,196.72
J-003187,2025-04-27,East,T-06,460.7,272.29
J-003188,2025-04-27,East,T-07,459.22,348.63
J-003189,2025-04-27,South,T-03,719.74,443.28
J-003190,2025-04-27,East,T-09,1562.32,928.43
J-003191,2025-04-28,East,T-06,895.1,625.2
J-003192,2025-04-28,East,T-05,1085.67,757.02
J-003193,2025-04-28,South,T-07,750.97,475.8
J-003194,2025-04-28,East,T-09,558.34,320.45
J-003195,2025-04-28,West,T-11,353.22,215.43
J-003196,2025-04-28,West,T-06,501.69,334.7
J-003197,2025-04-28,East,T-10,1068.21,738.14
J-003198,2025-04-28,North,T-03,605.6,386.86
J-003199,2025-04-28,West,T-05,470.27,333.17
J-003200,2025-04-28,South,T-06,540.76,408.66
J-003201,2025-04-28,West,T-10,1148.63,663.34
J-003202,2025-04-28,South,T-10,745.67,469.45
J-003203,2025-04-28,North,T-06,566.83,335.77
J-003204,2025-04-28,East,T-12,319.11,210.86
J-003205,2025-04-28,East,T-04,620.48,377.42
J-003206,2025-04-28,West,T-12,672.33,388.34
J-003207,2025-04-28,North,T-01,630.24,355.58
J-003208,2025-04-28,North,T-07,1718.52,1109.5
J-003209,2025-04-28,North,T-05,830.12,512.2
J-003210,2025-04-28,East,T-06,402.44,290.95
J-003211,2025-04-28,West,T-05,417.42,274.96
J-003212,2025-04-28,East,T-11,526.23,314.31
J-003213,2025-04-28,East,T-09,625.99,445.7
J-003214,2025-04-28,South,T-12,855.28,538.19
J-003215,2025-04-28,West,T-10,770.13,548.28
J-003216,2025-04-28,South,T-09,660.36,404.86
J-003217,2025-04-28,East,T-01,643.81,483.3
J-003218,2025-04-28,North,T-10,661.18,434.57
J-003219,2025-04-29,East,T-09,333.46,185.83
J-003220,2025-04-29,South,T-11,529.7,405.9
J-003221,2025-04-29,East,T-07,806.97,567.97
J-003222,2025-04-29,West,T-11,476.0,313.28
J-003223,2025-04-29,North,T-10,464.67,283.63
J-003224,2025-04-29,West,T-04,955.49,562.99
J-003225,2025-04-29,South,T-05,757.36,542.07
J-003226,2025-04-29,North,T-05,407.13,306.08
J-003227,2025-04-29,South,T-07,1165.58,748.06
J-003228,2025-04-29,East,T-06,231.99,165.9
J-003229,2025-04-29,East,T-01,753.94,426.02
J-003230,2025-04-29,South,T-09,1623.22,978.35
J-003231,2025-04-29,South,T-09,747.78,473.17
J-003232,2025-04-29,South,T-06,1264.52,838.23
J-003233,2025-04-29,North,T-01,1350.33,887.72
J-003234,2025-04-29,South,T-02,1269.94,904.35
J-003235,2025-04-29,East,T-07,890.87,546.33
J-003236,2025-04-30,North,T-01,668.25,452.13
J-003237,2025-04-30,North,T-06,954.32,595.42
J-003238,2025-04-30,West,T-03,891.9,597.24
J-003239,2025-04-30,North,T-03,1133.35,717.68
J-003240,2025-04-30,South,T-05,1773.23,1251.66
J-003241,2025-04-30,South,T-02,2180.8,1120.67
J-003242,2025-04-30,East,T-01,1742.69,1141.75
J-003243,2025-04-30,North,T-04,595.17,355.41
J-003244,2025-04-30,West,T-05,467.09,306.5
J-003245,2025-04-30,West,T-05,413.2,223.34
J-003246,2025-04-30,West,T-04,979.66,659.38
J-003247,2025-04-30,South,T-06,1119.49,896.47
J-003248,2025-04-30,East,T-08,226.68,144.97
J-003249,2025-04-30,East,T-01,654.68,446.63
J-003250,2025-04-30,South,T-10,518.35,325.52
J-003251,2025-04-30,West,T-07,533.11,331.95
J-003252,2025-04-30,North,T-04,1188.5,695.07
J-003253,2025-04-30,East,T-09,791.88,526.01
J-003254,2025-04-30,South,T-11,1780.34,1072.35
J-003255,2025-04-30,North,T-08,206.65,145.6
J-003256,2025-04-30,South,T-05,420.5,267.39
J-003257,2025-04-30,North,T-11,611.03,458.15
J-003258,2025-04-30,South,T-08,560.7,409.03
J-003259,2025-04-30,South,T-06,589.24,358.16
J-003260,2025-04-30,East,T-01,239.38,134.39
J-003261,2025-04-30,North,T-04,1084.76,746.64
J-003262,2025-04-30,East,T-04,972.91,556.72
J-003263,2025-04-30,West,T-04,819.22,510.8
J-003264,2025-05-01,West,T-10,872.01,488.29
J-003265,2025-05-01,West,T-12,1136.14,749.01
J-003266,2025-05-01,North,T-11,392.44,248.57
J-003267,2025-05-01,North,T-12,702.55,401.24
J-003268,2025-05-01,North,T-03,783.27,483.24
J-003269,2025-05-01,South,T-07,741.06,442.74
J-003270,2025-05-01,North,T-11,499.42,359.73
J-003271,2025-05-01,West,T-03,932.15,675.8
J-003272,2025-05-01,North,T-12,584.5,323.94
J-003273,2025-05-01,South,T-10,1175.42,777.26
J-003274,2025-05-01,North,T-12,1083.38,673.78
J-003275,2025-05-01,West,T-08,930.83,557.45
J-003276,2025-05-01,North,T-08,660.81,416.7
J-003277,2025-05-01,North,T-09,791.55,568.82
J-003278,2025-05-01,South,T-04,291.24,163.05
J-003279,2025-05-01,East,T-01,668.46,407.84
J-003280,2025-05-01,West,T-03,1762.97,1139.5
J-003281,2025-05-01,South,T-09,1114.36,716.87
J-003282,2025-05-01,East,T-05,502.23,293.02
J-003283,2025-05-01,East,T-12,1015.5,616.76
J-003284,2025-05-01,East,T-08,814.8,590.42
J-003285,2025-05-01,West,T-07,878.19,577.86
J-003286,2025-05-01,East,T-11,376.13,251.88
J-003287,2025-05-01,East,T-09,1115.63,758.62
J-003288,2025-05-01,East,T-06,1062.36,768.42
J-003289,2025-05-01,East,T-05,638.61,423.57
J-003290,2025-05-01,West,T-02,387.07,217.55
J-003291,2025-05-01,West,T-06,575.61,318.81
J-003292,2025-05-01,South,T-06,732.73,464.74
J-003293,2025-05-01,West,T-10,1860.47,1241.65
J-003294,2025-05-01,West,T-08,683.17,427.39
J-003295,2025-05-01,West,T-10,539.14,339.3
J-003296,2025-05-01,North,T-06,1694.06,1152.74
J-003297,2025-05-01,West,T-06,583.46,337.1
J-003298,2025-05-02,East,T-02,188.98,109.51
J-003299,2025-05-02,East,T-10,817.62,504.8
J-003300,2025-05-02,East,T-11,783.01,561.14
J-003301,2025-05-02,West,T-12,280.37,172.47
J-003302,2025-05-02,North,T-03,334.6,261.68
J-003303,2025-05-02,North,T-05,602.22,347.94
J-003304,2025-05-02,South,T-06,934.65,670.54
J-003305,2025-05-02,South,T-02,410.35,274.41
J-003306,2025-05-02,North,T-05,780.52,494.26
J-003307,2025-05-02,West,T-04,620.96,437.29
J-003308,2025-05-02,North,T-01,677.77,444.18
J-003309,2025-05-02,North,T-07,996.83,664.36
J-003310,2025-05-02,North,T-12,686.49,399.4
J-003311,2025-05-02,East,T-06,765.55,534.06
J-003312,2025-05-02,West,T-04,537.03,343.75
J-003313,2025-05-02,East,T-11,866.07,569.95
J-003314,2025-05-02,North,T-05,485.38,382.85
J-003315,2025-05-02,East,T-02,386.97,251.96
J-003316,2025-05-02,South,T-11,321.99,186.0
J-003317,2025-05-02,North,T-05,282.81,156.41
J-003318,2025-05-02,South,T-08,480.2,293.07
J-003319,2025-05-02,South,T-09,866.38,512.55
J-003320,2025-05-02,North,T-06,598.11,357.5
J-003321,2025-05-03,North,T-05,817.14,526.84
J-003322,2025-05-03,West,T-09,684.35,457.71
J-003323,2025-05-03,West,T-10,1542.45,1052.39
J-003324,2025-05-03,East,T-04,696.75,447.81
J-003325,2025-05-03,North,T-12,434.01,278.37
J-003326,2025-05-03,West,T-10,565.42,303.99
J-003327,2025-05-03,North,T-03,1920.2,1264.47
J-003328,2025-05-03,West,T-12,423.37,262.55
J-003329,2025-05-03,North,T-06,335.44,172.32
J-003330,2025-05-04,South,T-02,596.9,418.59
J-003331,2025-05-04,West,T-05,888.5,619.64
J-003332,2025-05-04,East,T-01,726.77,446.96
J-003333,2025-05-04,North,T-11,1737.77,1263.34
J-003334,2025-05-05,East,T-08,681.42,455.04
J-003335,2025-05-05,East,T-03,284.4,204.31
J-003336,2025-05-05,West,T-08,391.61,259.81
J-003337,2025-05-05,East,T-07,767.32,446.03
J-003338,2025-05-05,East,T-03,829.8,514.46
J-003339,2025-05-05,East,T-12,1414.52,955.49
J-003340,2025-05-05,East,T-08,697.45,463.2
J-003341,2025-05-05,South,T-11,648.28,392.2
J-003342,2025-05-05,North,T-12,905.13,596.16
J-003343,2025-05-05,East,T-07,851.37,526.24
J-003344,2025-05-05,South,T-06,911.96,555.9
J-003345,2025-05-05,West,T-09,620.55,376.6
J-003346,2025-05-05,North,T-04,684.98,400.05
J-003347,2025-05-05,North,T-12,500.84,300.92
J-003348,2025-05-05,West,T-10,194.49,122.63
J-003349,2025-05-05,West,T-03,573.81,372.76
J-003350,2025-05-05,North,T-03,417.53,274.29
J-003351,2025-05-05,West,T-03,446.0,233.99
J-003352,2025-05-05,North,T-08,610.03,386.48
J-003353,2025-05-05,West,T-01,687.28,431.0
J-003354,2025-05-05,East,T-12,785.57,496.22
J-003355,2025-05-05,North,T-04,1075.65,666.7
J-003356,2025-05-05,North,T-08,1392.68,930.76
J-003357,2025-05-05,East,T-08,877.07,527.1
J-003358,2025-05-05,North,T-12,636.28,443.16
J-003359,2025-05-05,East,T-03,387.38,223.1
J-003360,2025-05-05,South,T-04,485.35,356.96
J-003361,2025-05-05,East,T-10,497.36,296.75
J-003362,2025-05-05,West,T-10,1274.32,890.84
J-003363,2025-05-06,South,T-07,954.36,657.92
J-003364,2025-05-06,North,T-01,915.24,612.53
J-003365,2025-05-06,West,T-07,484.56,301.73
J-003366,2025-05-06,West,T-08,953.43,630.01
J-003367,2025-05-06,South,T-09,602.83,379.15
J-003368,2025-05-06,East,T-12,345.54,231.92
J-003369,2025-05-06,North,T-01,605.32,375.56
J-003370,2025-05-06,South,T-04,1512.29,822.73
J-003371,2025-05-06,South,T-02,193.64,140.12
J-003372,2025-05-06,North,T-03,559.59,401.46
J-003373,2025-05-06,South,T-04,546.67,338.07
J-003374,2025-05-06,South,T-06,550.24,325.12
J-003375,2025-05-06,East,T-02,434.2,269.32
J-003376,2025-05-06,East,T-06,531.83,389.35
J-003377,2025-05-06,East,T-08,568.09,357.61
J-003378,2025-05-06,East,T-03,841.93,551.76
J-003379,2025-05-06,East,T-03,1667.73,1213.52
J-003380,2025-05-06,North,T-12,762.13,422.56
J-003381,2025-05-06,West,T-10,538.0,396.67
J-003382,2025-05-06,North,T-01,1281.39,795.24
J-003383,2025-05-06,South,T-08,1174.29,712.37
J-003384,2025-05-06,East,T-09,910.33,603.85
J-003385,2025-05-06,East,T-11,592.93,328.57
J-003386,2025-05-06,East,T-12,884.97,573.64
J-003387,2025-05-06,North,T-10,332.43,196.9
J-003388,2025-05-06,North,T-01,464.19,262.91
J-003389,2025-05-06,East,T-02,580.78,443.11
J-003390,2025-05-06,East,T-04,660.36,433.11
J-003391,2025-05-06,North,T-03,831.45,592.44
J-003392,2025-05-07,West,T-12,521.99,282.12
J-003393,2025-05-07,North,T-10,794.32,465.63
J-003394,2025-05-07,North,T-06,277.47,148.07
J-003395,2025-05-07,South,T-10,1493.21,1035.48
J-003396,2025-05-07,East,T-04,612.38,346.08
J-003397,2025-05-07,South,T-04,616.47,385.86
J-003398,2025-05-07,North,T-01,1322.9,720.61
J-003399,2025-05-07,South,T-04,564.23,385.05
J-003400,2025-05-07,East,T-06,1024.14,708.97
J-003401,2025-05-07,East,T-08,478.88,307.78
J-003402,2025-05-07,East,T-11,480.56,347.72
J-003403,2025-05-07,North,T-11,656.47,444.01
J-003404,2025-05-07,West,T-08,785.25,555.11
J-003405,2025-05-07,North,T-11,1409.81,975.7
J-003406,2025-05-07,West,T-10,834.06,511.35
J-003407,2025-05-07,West,T-02,390.62,257.4
J-003408,2025-05-07,North,T-08,519.41,330.05
J-003409,2025-05-07,South,T-06,529.62,304.99
J-003410,2025-05-07,East,T-07,1125.54,771.63
J-003411,2025-05-07,East,T-09,1187.47,708.39
J-003412,2025-05-07,North,T-01,541.87,300.87
J-003413,2025-05-07,North,T-03,893.02,568.0
J-003414,2025-05-07,East,T-09,1954.75,1289.17
J-003415,2025-05-07,West,T-01,856.61,660.75
J-003416,2025-05-07,North,T-06,2561.22,1355.0
J-003417,2025-05-07,North,T-02,385.83,229.8
J-003418,2025-05-07,East,T-09,650.0,460.75
J-003419,2025-05-07,East,T-04,339.32,214.33
J-003420,2025-05-07,South,T-07,375.37,251.93
J-003421,2025-05-07,West,T-08,399.12,233.23
J-003422,2025-05-07,West,T-03,743.54,541.36
J-003423,2025-05-07,North,T-12,370.66,245.94
J-003424,2025-05-08,South,T-11,862.43,587.71
J-003425,2025-05-08,North,T-11,659.68,503.87
J-003426,2025-05-08,South,T-10,726.11,420.89
J-003427,2025-05-08,South,T-01,730.87,442.45
J-003428,2025-05-08,East,T-04,1153.73,785.67
J-003429,2025-05-08,East,T-09,665.61,398.81
J-003430,2025-05-08,South,T-07,469.08,275.08
J-003431,2025-05-08,South,T-06,1020.29,645.12
J-003432,2025-05-08,West,T-07,635.44,404.74
J-003433,2025-05-08,South,T-06,716.97,464.61
J-003434,2025-05-08,North,T-02,1176.23,606.32
J-003435,2025-05-08,North,T-09,872.99,519.56
J-003436,2025-05-08,North,T-08,1377.18,871.53
J-003437,2025-05-08,West,T-06,492.26,319.03
J-003438,2025-05-08,North,T-04,1681.19,1066.32
J-003439,2025-05-08,West,T-04,343.4,222.4
J-003440,2025-05-08,East,T-07,302.58,206.18
J-003441,2025-05-08,South,T-05,695.92,431.27
J-003442,2025-05-09,South,T-10,1798.72,1211.7
J-003443,2025-05-09,East,T-08,612.59,404.76
J-003444,2025-05-09,South,T-11,886.77,550.09
J-003445,2025-05-09,South,T-02,1201.02,865.64
J-003446,2025-05-09,South,T-01,432.69,298.46
J-003447,2025-05-09,North,T-10,1023.41,688.49
J-003448,2025-05-09,North,T-03,327.33,242.08
J-003449,2025-05-09,East,T-10,241.14,177.36
J-003450,2025-05-09,East,T-04,419.78,229.14
J-003451,2025-05-09,South,T-08,428.55,241.78
J-003452,2025-05-09,North,T-03,416.26,291.26
J-003453,2025-05-09,South,T-09,560.54,359.36
J-003454,2025-05-09,East,T-01,464.6,281.17
J-003455,2025-05-09,East,T-03,473.03,332.37
J-003456,2025-05-09,South,T-06,374.24,235.98
J-003457,2025-05-09,North,T-04,406.77,256.4
J-003458,2025-05-09,East,T-10,540.77,383.57
J-003459,2025-05-09,West,T-06,1037.94,700.99
J-003460,2025-05-09,South,T-11,1322.94,1031.22
J-003461,2025-05-09,South,T-05,486.56,336.14
J-003462,2025-05-09,North,T-11,536.28,312.1
J-003463,2025-05-09,South,T-03,483.74,324.47
J-003464,2025-05-09,East,T-02,335.94,230.99
J-003465,2025-05-09,South,T-11,733.77,555.47
J-003466,2025-05-09,East,T-08,714.96,466.07
J-003467,2025-05-09,North,T-09,702.04,425.41
J-003468,2025-05-09,South,T-10,304.75,181.5
J-003469,2025-05-09,South,T-01,276.47,170.92
J-003470,2025-05-10,South,T-03,931.5,628.79
J-003471,2025-05-10,South,T-06,1058.45,765.76
J-003472,2025-05-10,North,T-04,361.31,254.1
J-003473,2025-05-10,South,T-11,799.17,482.97
J-003474,2025-05-10,East,T-01,567.86,385.51
J-003475,2025-05-10,North,T-04,1123.34,743.94
J-003476,2025-05-10,South,T-10,513.2,322.71
J-003477,2025-05-10,East,T-07,1807.22,1247.33
J-003478,2025-05-10,East,T-09,759.07,449.83
J-003479,2025-05-10,South,T-06,304.61,201.98
J-003480,2025-05-10,North,T-11,948.73,665.36
J-003481,2025-05-10,South,T-01,994.96,597.23
J-003482,2025-05-10,East,T-09,802.83,488.31
J-003483,2025-05-10,East,T-08,1129.94,649.14
J-003484,2025-05-10,East,T-06,545.95,301.81
J-003485,2025-05-10,West,T-06,401.53,230.49
J-003486,2025-05-11,West,T-08,585.96,343.91
J-003487,2025-05-11,West,T-09,718.74,502.42
J-003488,2025-05-11,West,T-11,262.37,142.97
J-003489,2025-05-11,North,T-07,861.88,569.26
J-003490,2025-05-12,South,T-05,789.96,459.79
J-003491,2025-05-12,North,T-02,946.18,686.65
J-003492,2025-05-12,North,T-04,368.09,274.72
J-003493,2025-05-12,South,T-04,805.19,502.92
J-003494,2025-05-12,West,T-06,768.41,515.44
J-003495,2025-05-12,West,T-10,623.32,370.14
J-003496,2025-05-12,South,T-05,1709.99,1067.78
J-003497,2025-05-12,East,T-04,1366.0,911.06
J-003498,2025-05-12,North,T-09,423.53,320.31
J-003499,2025-05-12,East,T-05,285.21,188.14
J-003500,2025-05-12,North,T-11,433.24,251.51
J-003501,2025-05-12,West,T-09,1455.23,925.09
J-003502,2025-05-12,South,T-01,729.68,447.34
J-003503,2025-05-12,South,T-01,399.47,281.71
J-003504,2025-05-12,South,T-07,768.52,506.97
J-003505,2025-05-12,West,T-03,613.5,435.52
J-003506,2025-05-12,West,T-11,612.75,423.02
J-003507,2025-05-12,West,T-12,1657.51,981.67
J-003508,2025-05-12,West,T-11,1146.31,787.85
J-003509,2025-05-12,South,T-03,895.23,626.97
J-003510,2025-05-12,North,T-08,309.9,211.05
J-003511,2025-05-12,West,T-12,428.8,266.05
J-003512,2025-05-12,East,T-03,680.91,364.29
J-003513,2025-05-12,South,T-07,685.43,393.46
J-003514,2025-05-12,South,T-07,898.87,586.64
J-003515,2025-05-12,East,T-02,1045.8,681.52
J-003516,2025-05-12,East,T-03,839.3,607.5
J-003517,2025-05-12,East,T-03,1422.73,942.4
J-003518,2025-05-13,West,T-12,1553.76,1150.89
J-003519,2025-05-13,South,T-06,2034.86,1292.27
J-003520,2025-05-13,East,T-09,800.5,460.29
J-003521,2025-05-13,South,T-12,380.43,284.51
J-003522,2025-05-13,West,T-11,407.72,298.84
J-003523,2025-05-13,South,T-01,754.56,454.32
J-003524,2025-05-13,South,T-01,430.41,242.93
J-003525,2025-05-13,North,T-04,720.62,511.51
J-003526,2025-05-13,West,T-10,324.73,199.39
J-003527,2025-05-13,South,T-05,807.29,474.95
J-003528,2025-05-13,South,T-10,461.01,308.51
J-003529,2025-05-13,North,T-09,523.55,317.58
J-003530,2025-05-13,East,T-03,699.6,431.13
J-003531,2025-05-13,South,T-06,768.44,536.0
J-003532,2025-05-13,West,T-05,298.13,174.22
J-003533,2025-05-13,North,T-04,467.69,326.85
J-003534,2025-05-13,East,T-12,464.16,341.55
J-003535,2025-05-13,South,T-03,605.44,404.69
J-003536,2025-05-13,South,T-08,635.17,382.6
J-003537,2025-05-13,North,T-01,704.39,420.81
J-003538,2025-05-13,South,T-08,329.12,226.56
J-003539,2025-05-14,West,T-11,556.68,354.16
J-003540,2025-05-14,North,T-01,746.78,489.67
J-003541,2025-05-14,South,T-02,493.19,270.69
J-003542,2025-05-14,West,T-10,520.3,345.77
J-003543,2025-05-14,West,T-09,1201.64,728.35
J-003544,2025-05-14,South,T-03,581.86,423.44
J-003545,2025-05-14,East,T-10,504.68,304.32
J-003546,2025-05-14,North,T-10,358.55,252.8
J-003547,2025-05-14,South,T-11,2348.8,1337.84
J-003548,2025-05-14,East,T-08,506.49,366.44
J-003549,2025-05-14,South,T-09,558.11,326.34
J-003550,2025-05-14,East,T-10,687.07,373.67
J-003551,2025-05-14,South,T-11,597.25,384.59
J-003552,2025-05-14,South,T-06,568.59,363.8
J-003553,2025-05-14,East,T-12,1016.91,664.69
J-003554,2025-05-14,South,T-07,763.35,477.49
J-003555,2025-05-14,East,T-09,799.03,503.8
J-003556,2025-05-14,North,T-11,690.43,439.54
J-003557,2025-05-14,East,T-05,996.79,687.47
J-003558,2025-05-14,West,T-09,948.91,498.61
J-003559,2025-05-14,West,T-01,328.26,190.7
J-003560,2025-05-15,East,T-12,465.41,284.32
J-003561,2025-05-15,North,T-11,426.52,271.58
J-003562,2025-05-15,North,T-11,1955.09,1347.43
J-003563,2025-05-15,North,T-10,271.63,190.88
J-003564,2025-05-15,South,T-03,425.23,281.62
J-003565,2025-05-15,North,T-06,724.64,443.78
J-003566,2025-05-15,North,T-05,1403.29,924.45
J-003567,2025-05-15,North,T-03,409.09,262.19
J-003568,2025-05-15,North,T-09,1186.54,752.86
J-003569,2025-05-15,West,T-11,538.21,400.92
J-003570,2025-05-15,West,T-10,1094.86,714.93
J-003571,2025-05-15,West,T-02,1101.57,771.91
J-003572,2025-05-15,East,T-02,540.74,355.31
J-003573,2025-05-15,South,T-01,1320.79,980.04
J-003574,2025-05-15,North,T-11,1230.28,931.73
J-003575,2025-05-15,North,T-09,285.52,177.33
J-003576,2025-05-15,North,T-03,531.12,396.73
J-003577,2025-05-15,West,T-08,452.2,285.0
J-003578,2025-05-15,West,T-08,607.51,423.59
J-003579,2025-05-15,South,T-10,183.78,99.92
J-003580,2025-05-15,North,T-07,746.71,429.52
J-003581,2025-05-15,South,T-04,427.25,244.84
J-003582,2025-05-15,North,T-01,959.7,557.23
J-003583,2025-05-15,North,T-06,517.8,356.52
J-003584,2025-05-15,East,T-11,382.19,243.47
J-003585,2025-05-15,East,T-07,368.36,234.26
J-003586,2025-05-16,North,T-03,638.02,358.1
J-003587,2025-05-16,North,T-12,458.73,281.2
J-003588,2025-05-16,South,T-07,298.25,179.68
J-003589,2025-05-16,North,T-09,344.8,213.33
J-003590,2025-05-16,North,T-07,806.62,442.62
J-003591,2025-05-16,South,T-12,816.47,525.27
J-003592,2025-05-16,South,T-09,499.28,360.66
J-003593,2025-05-16,East,T-03,480.76,304.41
J-003594,2025-05-16,North,T-11,915.42,628.74
J-003595,2025-05-16,North,T-10,838.6,536.39
J-003596,2025-05-16,South,T-12,490.73,341.4
J-003597,2025-05-16,South,T-07,989.35,659.31
J-003598,2025-05-16,West,T-11,835.9,548.9
J-003599,2025-05-16,East,T-01,862.45,479.29
J-003600,2025-05-16,North,T-03,1182.83,874.4
J-003601,2025-05-16,West,T-11,1486.98,959.4
J-003602,2025-05-16,West,T-07,1397.29,911.85
J-003603,2025-05-16,North,T-08,645.0,432.76
J-003604,2025-05-16,East,T-04,658.03,397.62
J-003605,2025-05-16,North,T-09,559.02,364.63
J-003606,2025-05-16,West,T-03,250.57,151.09
J-003607,2025-05-16,East,T-06,375.79,256.36
J-003608,2025-05-16,West,T-03,726.94,502.69
J-003609,2025-05-16,East,T-06,309.63,198.7
J-003610,2025-05-16,South,T-03,511.69,333.42
J-003611,2025-05-16,East,T-01,636.76,404.76
J-003612,2025-05-16,East,T-01,749.66,459.99
J-003613,2025-05-16,North,T-02,1136.84,773.78
J-003614,2025-05-17,West,T-05,431.12,278.41
J-003615,2025-05-17,West,T-02,1287.78,884.7
J-003616,2025-05-17,South,T-09,593.95,364.96
J-003617,2025-05-17,West,T-05,626.11,349.83
J-003618,2025-05-17,West,T-04,1443.84,945.11
J-003619,2025-05-17,West,T-09,432.05,316.07
J-003620,2025-05-17,South,T-10,436.34,221.79
J-003621,2025-05-17,East,T-03,514.6,357.3
J-003622,2025-05-17,West,T-01,541.53,321.75
J-003623,2025-05-17,North,T-08,1076.72,685.85
J-003624,2025-05-17,West,T-03,753.08,456.94
J-003625,2025-05-17,South,T-12,603.47,370.13
J-003626,2025-05-18,North,T-10,1816.62,1245.25
J-003627,2025-05-18,North,T-01,451.6,245.64
J-003628,2025-05-18,East,T-02,965.53,688.11
J-003629,2025-05-18,East,T-09,1272.3,839.88
J-003630,2025-05-18,North,T-01,740.14,490.62
J-003631,2025-05-19,South,T-06,843.22,465.15
J-003632,2025-05-19,West,T-05,940.7,680.95
J-003633,2025-05-19,North,T-12,486.07,285.35
J-003634,2025-05-19,North,T-10,544.88,370.05
J-003635,2025-05-19,East,T-11,1179.65,675.83
J-003636,2025-05-19,East,T-12,1477.98,931.91
J-003637,2025-05-19,East,T-08,415.7,238.57
J-003638,2025-05-19,North,T-02,1306.85,798.31
J-003639,2025-05-19,South,T-01,645.48,388.51
J-003640,2025-05-19,West,T-10,729.97,482.87
J-003641,2025-05-19,West,T-11,920.4,542.75
J-003642,2025-05-19,North,T-10,547.18,357.89
J-003643,2025-05-19,South,T-06,1167.93,674.16
J-003644,2025-05-19,West,T-07,527.96,320.89
J-003645,2025-05-19,South,T-12,284.76,193.82
J-003646,2025-05-19,South,T-09,422.79,289.65
J-003647,2025-05-19,East,T-05,1032.05,654.21
J-003648,2025-05-19,North,T-07,206.65,118.08
J-003649,2025-05-19,West,T-01,1234.03,893.9
J-003650,2025-05-19,West,T-08,495.02,356.15
J-003651,2025-05-19,South,T-05,1344.01,841.12
J-003652,2025-05-19,North,T-01,685.05,502.78
J-003653,2025-05-19,South,T-07,685.7,441.87
J-003654,2025-05-19,South,T-12,473.34,272.9
J-003655,2025-05-20,East,T-03,299.34,220.99
J-003656,2025-05-20,North,T-02,1105.46,707.52
J-003657,2025-05-20,East,T-01,841.6,542.01
J-003658,2025-05-20,South,T-07,668.34,404.4
J-003659,2025-05-20,North,T-08,603.1,372.46
J-003660,2025-05-20,North,T-05,299.63,198.23
J-003661,2025-05-20,North,T-08,333.75,197.2
J-003662,2025-05-20,South,T-07,774.23,575.84
J-003663,2025-05-20,North,T-08,328.76,193.7
J-003664,2025-05-20,East,T-05,733.7,483.32
J-003665,2025-05-20,North,T-02,678.74,387.47
J-003666,2025-05-20,South,T-03,763.81,477.54
J-003667,2025-05-20,North,T-08,611.89,316.14
J-003668,2025-05-20,East,T-07,1397.77,833.29
J-003669,2025-05-20,West,T-09,769.69,496.55
J-003670,2025-05-20,North,T-10,755.94,517.4
J-003671,2025-05-20,North,T-06,465.88,293.35
J-003672,2025-05-20,West,T-05,303.1,194.43
J-003673,2025-05-20,East,T-04,629.26,402.39
J-003674,2025-05-20,East,T-08,551.26,314.06
J-003675,2025-05-20,North,T-05,1743.89,994.62
J-003676,2025-05-20,East,T-08,208.37,138.49
J-003677,2025-05-20,East,T-05,594.92,357.67
J-003678,2025-05-20,East,T-11,584.67,356.97
J-003679,2025-05-20,North,T-11,1233.35,699.47
J-003680,2025-05-20,East,T-04,617.75,380.97
J-003681,2025-05-20,North,T-07,755.01,459.47
J-003682,2025-05-20,East,T-10,584.75,296.54
J-003683,2025-05-20,North,T-01,622.69,423.56
J-003684,2025-05-20,West,T-10,677.36,449.29
J-003685,2025-05-20,West,T-09,378.61,240.01
J-003686,2025-05-20,East,T-02,820.3,489.73
J-003687,2025-05-20,West,T-07,726.76,462.16
J-003688,2025-05-21,West,T-01,339.26,173.34
J-003689,2025-05-21,West,T-10,899.95,556.4
J-003690,2025-05-21,West,T-08,1340.36,950.47
J-003691,2025-05-21,West,T-01,372.54,238.81
J-003692,2025-05-21,East,T-05,897.19,499.49
J-003693,2025-05-21,West,T-01,457.79,238.2
J-003694,2025-05-21,North,T-06,395.25,313.64
J-003695,2025-05-21,West,T-04,333.02,213.64
J-003696,2025-05-21,West,T-03,435.86,286.03
J-003697,2025-05-21,South,T-01,2493.91,1671.46
J-003698,2025-05-21,East,T-03,515.58,306.43
J-003699,2025-05-21,North,T-01,1573.81,955.06
J-003700,2025-05-21,East,T-06,1081.34,675.69
J-003701,2025-05-21,North,T-05,1220.48,724.2
J-003702,2025-05-21,South,T-07,906.9,559.13
J-003703,2025-05-21,South,T-02,438.49,302.21
J-003704,2025-05-21,North,T-07,988.42,622.78
J-003705,2025-05-21,North,T-04,1512.72,1021.63
J-003706,2025-05-21,South,T-04,1135.17,734.37
J-003707,2025-05-21,North,T-06,720.24,475.55
J-003708,2025-05-21,West,T-11,1276.35,857.6
J-003709,2025-05-21,North,T-06,682.9,465.34
J-003710,2025-05-21,West,T-06,1075.02,728.72
J-003711,2025-05-21,North,T-03,519.18,327.44
J-003712,2025-05-21,South,T-08,251.57,181.75
J-003713,2025-05-21,South,T-05,740.26,410.61
J-003714,2025-05-21,West,T-10,385.33,251.11
J-003715,2025-05-21,East,T-06,510.31,331.86
J-003716,2025-05-22,West,T-01,414.26,265.71
J-003717,2025-05-22,South,T-07,1413.0,813.49
J-003718,2025-05-22,West,T-12,1823.73,1058.52
J-003719,2025-05-22,North,T-12,822.74,498.03
J-003720,2025-05-22,West,T-08,1475.57,828.43
J-003721,2025-05-22,South,T-04,510.15,337.08
J-003722,2025-05-22,East,T-06,586.02,400.3
J-003723,2025-05-22,East,T-08,882.51,553.97
J-003724,2025-05-22,West,T-05,409.66,227.55
J-003725,2025-05-22,East,T-01,316.5,189.42
J-003726,2025-05-22,North,T-05,414.37,233.21
J-003727,2025-05-22,West,T-10,1580.51,1000.52
J-003728,2025-05-22,East,T-12,1054.91,702.07
J-003729,2025-05-22,West,T-01,854.12,476.9
J-003730,2025-05-22,West,T-04,1303.87,868.7
J-003731,2025-05-22,North,T-03,371.66,222.71
J-003732,2025-05-22,West,T-10,601.2,448.52
J-003733,2025-05-22,East,T-05,758.62,439.2
J-003734,2025-05-22,South,T-12,293.65,189.26
J-003735,2025-05-22,North,T-05,419.66,272.31
J-003736,2025-05-22,West,T-06,999.54,629.22
J-003737,2025-05-22,North,T-09,1336.75,694.53
J-003738,2025-05-22,West,T-08,520.41,321.98
J-003739,2025-05-22,East,T-03,390.12,243.01
J-003740,2025-05-22,West,T-01,822.62,510.49
J-003741,2025-05-22,West,T-06,1153.21,807.0
J-003742,2025-05-22,South,T-02,1051.13,841.53
J-003743,2025-05-22,East,T-02,650.49,380.73
J-003744,2025-05-22,North,T-10,878.14,525.11
J-003745,2025-05-22,North,T-08,339.44,184.0
J-003746,2025-05-22,West,T-04,362.48,218.13
J-003747,2025-05-22,North,T-03,683.45,411.97
J-003748,2025-05-22,East,T-05,1129.14,822.29
J-003749,2025-05-22,West,T-03,761.18,478.79
J-003750,2025-05-22,North,T-01,1319.51,694.96
J-003751,2025-05-22,East,T-10,805.68,514.37
J-003752,2025-05-22,West,T-02,1017.65,605.08
J-003753,2025-05-22,South,T-06,1043.55,696.61
J-003754,2025-05-23,North,T-02,642.5,458.06
J-003755,2025-05-23,North,T-02,311.1,187.38
J-003756,2025-05-23,North,T-11,937.77,661.43
J-003757,2025-05-23,North,T-09,899.92,590.64
J-003758,2025-05-23,North,T-09,406.71,227.33
J-003759,2025-05-23,East,T-03,763.74,422.38
J-003760,2025-05-23,North,T-07,398.41,240.04
J-003761,2025-05-23,East,T-02,920.97,580.13
J-003762,2025-05-23,East,T-08,555.16,417.7
J-003763,2025-05-23,West,T-06,1292.5,955.51
J-003764,2025-05-23,East,T-07,1387.9,861.46
J-003765,2025-05-23,East,T-11,560.01,339.25
J-003766,2025-05-23,South,T-06,461.91,294.8
J-003767,2025-05-23,West,T-07,690.56,394.06
J-003768,2025-05-23,North,T-01,1153.53,768.74
J-003769,2025-05-23,East,T-03,637.23,395.0
J-003770,2025-05-23,North,T-07,1032.06,737.05
J-003771,2025-05-23,East,T-08,480.52,291.8
J-003772,2025-05-23,South,T-06,1303.51,752.47
J-003773,2025-05-23,North,T-12,547.5,419.85
J-003774,2025-05-23,East,T-02,1904.25,1114.73
J-003775,2025-05-23,East,T-09,1327.67,887.51
J-003776,2025-05-23,North,T-05,943.42,548.8
J-003777,2025-05-23,North,T-11,766.23,500.89
J-003778,2025-05-23,North,T-09,1052.45,766.38
J-003779,2025-05-23,East,T-09,1441.01,1084.99
J-003780,2025-05-23,West,T-12,340.48,208.47
J-003781,2025-05-23,West,T-11,685.83,413.54
J-003782,2025-05-23,West,T-02,1052.98,668.09
J-003783,2025-05-23,South,T-01,930.94,642.16
J-003784,2025-05-23,North,T-01,439.35,245.09
J-003785,2025-05-23,East,T-11,560.95,391.07
J-003786,2025-05-23,East,T-06,378.91,249.36
J-003787,2025-05-23,West,T-07,1067.62,637.45
J-003788,2025-05-24,West,T-09,779.28,535.46
J-003789,2025-05-24,South,T-09,1756.61,1163.39
J-003790,2025-05-24,South,T-07,461.69,262.01
J-003791,2025-05-24,North,T-03,410.72,281.24
J-003792,2025-05-24,North,T-10,525.7,311.51
J-003793,2025-05-24,South,T-02,587.53,332.62
J-003794,2025-05-24,South,T-09,413.76,258.79
J-003795,2025-05-24,North,T-01,230.15,163.45
J-003796,2025-05-24,East,T-09,484.97,368.34
J-003797,2025-05-24,North,T-02,477.25,296.82
J-003798,2025-05-24,West,T-08,846.81,541.89
J-003799,2025-05-25,West,T-08,573.62,387.99
J-003800,2025-05-25,West,T-04,690.87,433.13
J-003801,2025-05-25,South,T-01,285.15,170.94
J-003802,2025-05-25,North,T-05,2132.58,1371.3
J-003803,2025-05-25,West,T-08,1023.32,733.21
J-003804,2025-05-25,West,T-11,855.75,574.49
J-003805,2025-05-25,North,T-01,576.79,351.06
J-003806,2025-05-25,North,T-12,550.2,343.42
J-003807,2025-05-25,North,T-03,897.81,584.73
J-003808,2025-05-25,South,T-08,1054.29,668.31
J-003809,2025-05-25,North,T-08,619.47,369.23
J-003810,2025-05-26,South,T-11,589.0,400.13
J-003811,2025-05-26,North,T-04,1473.6,1050.24
J-003812,2025-05-26,South,T-03,892.16,544.89
J-003813,2025-05-26,East,T-11,489.82,270.27
J-003814,2025-05-26,North,T-03,846.85,497.25
J-003815,2025-05-26,North,T-12,1278.66,858.94
J-003816,2025-05-26,West,T-05,2078.04,1422.98
J-003817,2025-05-26,West,T-10,704.08,444.17
J-003818,2025-05-26,East,T-12,825.12,459.47
J-003819,2025-05-26,North,T-05,572.54,340.46
J-003820,2025-05-26,West,T-08,444.38,279.77
J-003821,2025-05-26,South,T-04,825.31,597.16
J-003822,2025-05-26,East,T-01,1184.0,685.38
J-003823,2025-05-26,West,T-07,1118.42,686.53
J-003824,2025-05-26,North,T-12,324.17,186.31
J-003825,2025-05-26,East,T-08,851.8,556.34
J-003826,2025-05-26,North,T-10,417.53,280.34
J-003827,2025-05-26,East,T-08,502.87,265.82
J-003828,2025-05-26,North,T-06,406.44,285.04
J-003829,2025-05-26,North,T-07,281.29,164.92
J-003830,2025-05-26,East,T-07,838.7,629.81
J-003831,2025-05-27,South,T-09,533.63,312.84
J-003832,2025-05-27,South,T-08,680.5,361.46
J-003833,2025-05-27,East,T-10,372.19,238.46
J-003834,2025-05-27,East,T-08,743.12,452.02
J-003835,2025-05-27,South,T-08,901.19,601.86
J-003836,2025-05-27,South,T-07,352.06,209.81
J-003837,2025-05-27,North,T-05,1035.99,668.85
J-003838,2025-05-27,North,T-11,605.18,343.03
J-003839,2025-05-27,North,T-05,999.5,747.52
J-003840,2025-05-27,West,T-11,357.78,167.52
J-003841,2025-05-27,West,T-02,944.2,609.83
J-003842,2025-05-27,South,T-01,745.79,512.33
J-003843,2025-05-27,West,T-11,947.66,599.44
J-003844,2025-05-27,North,T-03,375.64,271.72
J-003845,2025-05-27,East,T-05,858.19,563.7
J-003846,2025-05-27,North,T-02,1264.85,773.36
J-003847,2025-05-27,North,T-07,722.18,408.34
J-003848,2025-05-27,North,T-12,612.16,368.95
J-003849,2025-05-27,West,T-03,937.5,698.47
J-003850,2025-05-27,North,T-12,752.93,508.08
J-003851,2025-05-27,West,T-08,678.81,442.28
J-003852,2025-05-27,West,T-09,1229.52,672.37
J-003853,2025-05-27,East,T-09,565.0,329.03
J-003854,2025-05-27,North,T-09,386.47,243.0
J-003855,2025-05-28,North,T-12,682.17,442.95
J-003856,2025-05-28,North,T-08,478.67,324.83
J-003857,2025-05-28,South,T-09,530.75,386.81
J-003858,2025-05-28,South,T-03,1255.78,900.72
J-003859,2025-05-28,South,T-07,679.78,432.45
J-003860,2025-05-28,East,T-06,974.08,637.7
J-003861,2025-05-28,West,T-06,641.36,436.05
J-003862,2025-05-28,South,T-01,197.15,124.59
J-003863,2025-05-28,East,T-03,432.85,285.72
J-003864,2025-05-28,South,T-03,2427.16,1547.99
J-003865,2025-05-28,North,T-02,486.47,306.29
J-003866,2025-05-28,West,T-02,653.52,491.0
J-003867,2025-05-28,South,T-11,841.61,590.23
J-003868,2025-05-28,North,T-02,593.53,379.66
J-003869,2025-05-28,South,T-02,616.52,434.94
J-003870,2025-05-28,South,T-01,1590.28,981.14
J-003871,2025-05-28,South,T-02,538.08,308.13
J-003872,2025-05-28,West,T-01,922.5,567.46
J-003873,2025-05-28,East,T-03,228.81,151.6
J-003874,2025-05-28,North,T-05,645.33,403.03
J-003875,2025-05-28,South,T-12,400.03,263.97
J-003876,2025-05-28,South,T-04,780.94,489.9
J-003877,2025-05-28,South,T-04,803.08,490.18
J-003878,2025-05-28,East,T-08,647.63,428.52
J-003879,2025-05-28,South,T-05,938.43,618.44
J-003880,2025-05-28,South,T-01,398.5,220.91
J-003881,2025-05-28,South,T-07,1641.65,832.7
J-003882,2025-05-28,East,T-05,1230.67,624.99
J-003883,2025-05-28,West,T-01,1406.85,960.58
J-003884,2025-05-28,North,T-06,351.02,253.91
J-003885,2025-05-28,East,T-08,656.01,431.01
J-003886,2025-05-28,East,T-11,551.3,362.55
J-003887,2025-05-28,South,T-01,309.68,190.25
J-003888,2025-05-29,North,T-05,690.6,479.2
J-003889,2025-05-29,West,T-06,699.41,427.49
J-003890,2025-05-29,East,T-07,514.72,283.43
J-003891,2025-05-29,West,T-09,468.75,302.02
J-003892,2025-05-29,East,T-09,1521.83,924.83
J-003893,2025-05-29,North,T-03,689.13,456.18
J-003894,2025-05-29,North,T-02,591.56,379.28
J-003895,2025-05-29,North,T-02,1060.32,642.94
J-003896,2025-05-29,South,T-09,894.63,538.01
J-003897,2025-05-29,West,T-03,675.41,410.57
J-003898,2025-05-29,East,T-03,1033.79,596.58
J-003899,2025-05-29,North,T-05,808.12,595.43
J-003900,2025-05-29,North,T-04,779.7,402.01
J-003901,2025-05-29,East,T-03,563.64,336.62
J-003902,2025-05-29,South,T-10,774.31,502.07
J-003903,2025-05-29,North,T-02,707.54,474.66
J-003904,2025-05-29,East,T-01,456.72,294.97
J-003905,2025-05-29,North,T-10,1259.04,906.07
J-003906,2025-05-29,West,T-05,543.32,288.8
J-003907,2025-05-29,West,T-10,625.2,396.06
J-003908,2025-05-29,West,T-06,482.44,332.45
J-003909,2025-05-29,North,T-03,956.61,658.5
J-003910,2025-05-29,West,T-12,1129.18,595.79
J-003911,2025-05-30,South,T-10,671.55,429.64
J-003912,2025-05-30,North,T-01,1339.21,822.81
J-003913,2025-05-30,East,T-02,691.85,486.9
J-003914,2025-05-30,North,T-12,699.47,514.86
J-003915,2025-05-30,South,T-12,641.54,497.41
J-003916,2025-05-30,South,T-10,796.93,544.95
J-003917,2025-05-30,North,T-12,228.31,151.53
J-003918,2025-05-30,East,T-04,616.69,337.12
J-003919,2025-05-30,South,T-02,1268.19,846.81
J-003920,2025-05-30,West,T-08,1056.13,658.18
J-003921,2025-05-30,South,T-12,1149.37,642.03
J-003922,2025-05-30,North,T-03,339.5,187.66
J-003923,2025-05-30,West,T-06,493.55,324.26
J-003924,2025-05-30,South,T-11,989.58,617.5
J-003925,2025-05-30,North,T-10,631.38,387.36
J-003926,2025-05-30,West,T-12,266.52,176.69
J-003927,2025-05-30,South,T-11,331.49,191.18
J-003928,2025-05-30,East,T-03,1246.75,920.57
J-003929,2025-05-30,West,T-06,793.77,432.33
J-003930,2025-05-30,North,T-02,1295.33,861.44
J-003931,2025-05-30,South,T-07,762.73,485.55
J-003932,2025-05-30,East,T-01,619.57,351.9
J-003933,2025-05-30,West,T-07,549.6,359.25
J-003934,2025-05-30,East,T-01,759.13,445.59
J-003935,2025-05-30,South,T-04,811.95,544.56
J-003936,2025-05-30,North,T-01,949.62,509.48
J-003937,2025-05-30,North,T-02,592.74,430.85
J-003938,2025-05-31,East,T-10,281.8,174.41
J-003939,2025-05-31,South,T-10,2344.55,1406.71
J-003940,2025-05-31,North,T-11,307.16,186.88
J-003941,2025-05-31,South,T-12,709.78,356.29
J-003942,2025-05-31,South,T-03,912.51,650.7
J-003943,2025-05-31,North,T-11,1290.21,822.29
J-003944,2025-05-31,North,T-08,244.29,168.79
J-003945,2025-05-31,South,T-01,563.39,311.45
J-003946,2025-05-31,South,T-05,1494.6,917.87
J-003947,2025-05-31,West,T-04,1315.35,836.04
J-003948,2025-05-31,South,T-08,540.93,360.11
J-003949,2025-06-01,North,T-07,519.33,319.27
J-003950,2025-06-01,North,T-09,585.3,350.34
J-003951,2025-06-01,North,T-04,547.58,344.18
J-003952,2025-06-01,South,T-01,706.96,491.51
J-003953,2025-06-01,North,T-03,1165.19,818.71
J-003954,2025-06-02,South,T-06,1183.77,678.69
J-003955,2025-06-02,South,T-08,526.26,325.73
J-003956,2025-06-02,West,T-09,1106.67,859.01
J-003957,2025-06-02,West,T-09,808.96,528.42
J-003958,2025-06-02,South,T-06,1454.74,910.2
J-003959,2025-06-02,South,T-02,930.87,594.64
J-003960,2025-06-02,South,T-02,1207.33,863.34
J-003961,2025-06-02,East,T-07,774.81,551.54
J-003962,2025-06-02,West,T-08,1865.02,1227.11
J-003963,2025-06-02,South,T-12,721.07,505.68
J-003964,2025-06-02,South,T-07,564.47,305.65
J-003965,2025-06-02,North,T-02,635.14,405.57
J-003966,2025-06-02,West,T-08,328.55,196.66
J-003967,2025-06-02,East,T-09,764.05,485.82
J-003968,2025-06-02,North,T-02,983.06,658.93
J-003969,2025-06-02,North,T-08,184.27,110.47
J-003970,2025-06-02,South,T-03,553.08,381.07
J-003971,2025-06-02,East,T-12,1115.37,612.89
J-003972,2025-06-02,South,T-05,549.39,317.14
J-003973,2025-06-02,North,T-12,834.6,584.96
J-003974,2025-06-02,North,T-06,401.94,263.65
J-003975,2025-06-02,North,T-02,835.71,516.06
J-003976,2025-06-02,East,T-08,1873.22,1337.51
J-003977,2025-06-02,West,T-07,718.35,472.65
J-003978,2025-06-02,West,T-06,445.88,312.98
J-003979,2025-06-02,South,T-04,1092.75,807.29
J-003980,2025-06-02,West,T-08,3368.47,2197.66
J-003981,2025-06-02,West,T-11,590.8,433.12
J-003982,2025-06-02,West,T-10,1182.41,737.47
J-003983,2025-06-02,East,T-12,1163.02,694.31
J-003984,2025-06-02,East,T-02,909.58,596.27
J-003985,2025-06-02,South,T-10,380.96,237.63
J-003986,2025-06-02,South,T-09,488.21,277.58
J-003987,2025-06-02,West,T-05,805.23,617.54
J-003988,2025-06-02,West,T-10,1046.87,713.73
J-003989,2025-06-02,East,T-12,2149.78,1372.72
J-003990,2025-06-02,West,T-06,808.38,591.35
J-003991,2025-06-02,South,T-01,1006.05,653.8
J-003992,2025-06-02,South,T-11,570.71,390.32
J-003993,2025-06-02,West,T-08,451.22,325.21
J-003994,2025-06-03,East,T-01,538.06,356.12
J-003995,2025-06-03,East,T-03,306.45,203.04
J-003996,2025-06-03,South,T-03,750.09,511.32
J-003997,2025-06-03,East,T-07,1015.68,630.08
J-003998,2025-06-03,South,T-07,1174.04,800.91
J-003999,2025-06-03,North,T-11,473.2,325.67
J-004000,2025-06-03,East,T-09,724.21,492.31
J-004001,2025-06-03,South,T-08,916.98,573.66
J-004002,2025-06-03,East,T-12,482.11,372.8
J-004003,2025-06-03,West,T-06,1186.02,742.05
J-004004,2025-06-03,South,T-02,528.05,328.72
J-004005,2025-06-03,East,T-07,543.67,349.55
J-004006,2025-06-03,East,T-09,783.98,493.32
J-004007,2025-06-03,North,T-05,716.64,436.94
J-004008,2025-06-03,South,T-10,363.44,280.0
J-004009,2025-06-03,West,T-06,835.49,496.98
J-004010,2025-06-03,East,T-04,558.38,338.08
J-004011,2025-06-03,North,T-05,838.21,545.14
J-004012,2025-06-03,East,T-02,462.9,283.45
J-004013,2025-06-04,East,T-09,946.93,651.32
J-004014,2025-06-04,East,T-10,625.07,334.7
J-004015,2025-06-04,West,T-08,563.65,325.6
J-004016,2025-06-04,West,T-11,385.86,230.49
J-004017,2025-06-04,East,T-06,305.13,191.93
J-004018,2025-06-04,East,T-01,615.99,357.73
J-004019,2025-06-04,East,T-07,1336.31,922.72
J-004020,2025-06-04,South,T-01,602.18,402.28
J-004021,2025-06-04,North,T-10,1633.97,1150.55
J-004022,2025-06-04,North,T-08,713.55,444.29
J-004023,2025-06-04,North,T-04,430.34,277.16
J-004024,2025-06-04,South,T-10,641.9,447.39
J-004025,2025-06-04,East,T-05,420.01,321.13
J-004026,2025-06-04,South,T-10,302.85,182.56
J-004027,2025-06-04,South,T-07,740.25,478.55
J-004028,2025-06-04,South,T-11,647.93,469.43
J-004029,2025-06-04,East,T-03,638.74,468.72
J-004030,2025-06-04,East,T-06,1726.59,1164.89
J-004031,2025-06-04,North,T-11,661.45,391.31
J-004032,2025-06-04,North,T-02,686.79,391.76
J-004033,2025-06-04,East,T-07,521.83,303.1
J-004034,2025-06-04,North,T-09,1796.15,1219.6
J-004035,2025-06-04,West,T-10,656.49,436.13
J-004036,2025-06-04,East,T-02,245.73,152.91
J-004037,2025-06-04,East,T-10,445.64,278.79
J-004038,2025-06-04,East,T-11,356.07,198.66
J-004039,2025-06-04,West,T-06,315.24,174.02
J-004040,2025-06-04,North,T-11,581.76,373.42
J-004041,2025-06-04,West,T-10,933.43,702.45
J-004042,2025-06-04,North,T-12,815.91,523.01
J-004043,2025-06-04,East,T-01,826.63,621.15
J-004044,2025-06-04,South,T-03,550.78,380.23
J-004045,2025-06-04,East,T-05,718.09,583.8
J-004046,2025-06-04,South,T-05,778.92,487.85
J-004047,2025-06-04,West,T-05,711.8,444.79
J-004048,2025-06-05,North,T-02,1869.24,1168.05
J-004049,2025-06-05,North,T-03,486.66,338.71
J-004050,2025-06-05,South,T-02,406.84,242.01
J-004051,2025-06-05,East,T-05,464.22,314.95
J-004052,2025-06-05,East,T-09,482.46,280.89
J-004053,2025-06-05,North,T-03,515.53,342.46
J-004054,2025-06-05,East,T-12,670.56,383.15
J-004055,2025-06-05,North,T-01,1028.18,656.56
J-004056,2025-06-05,East,T-12,628.47,366.62
J-004057,2025-06-05,North,T-04,385.97,242.15
J-004058,2025-06-05,East,T-01,600.07,416.45
J-004059,2025-06-05,East,T-12,1080.52,713.34
J-004060,2025-06-05,East,T-06,817.23,411.26
J-004061,2025-06-05,East,T-09,627.2,411.36
J-004062,2025-06-05,North,T-02,636.21,424.81
J-004063,2025-06-05,East,T-06,1360.01,998.12
J-004064,2025-06-05,South,T-01,461.49,280.12
J-004065,2025-06-05,North,T-09,665.73,384.12
J-004066,2025-06-05,East,T-02,252.2,142.29
J-004067,2025-06-05,East,T-05,662.37,404.29
J-004068,2025-06-05,South,T-12,329.44,200.27
J-004069,2025-06-05,North,T-10,582.25,376.54
J-004070,2025-06-06,North,T-09,495.38,270.2
J-004071,2025-06-06,South,T-09,824.53,480.47
J-004072,2025-06-06,West,T-06,1614.34,1057.45
J-004073,2025-06-06,North,T-05,371.4,236.9
J-004074,2025-06-06,North,T-04,1521.86,996.81
J-004075,2025-06-06,North,T-05,361.54,267.09
J-004076,2025-06-06,North,T-04,572.62,375.68
J-004077,2025-06-06,North,T-01,825.25,469.99
J-004078,2025-06-06,West,T-10,133.41,82.61
J-004079,2025-06-06,South,T-02,612.1,391.81
J-004080,2025-06-06,North,T-04,803.64,538.23
J-004081,2025-06-06,North,T-02,853.4,560.6
J-004082,2025-06-06,South,T-11,1932.59,1421.2
J-004083,2025-06-06,North,T-03,335.49,239.08
J-004084,2025-06-06,North,T-08,358.04,276.97
J-004085,2025-06-06,North,T-11,703.86,360.85
J-004086,2025-06-06,East,T-06,1200.73,737.82
J-004087,2025-06-06,North,T-07,407.5,253.9
J-004088,2025-06-06,West,T-10,817.52,558.64
J-004089,2025-06-06,North,T-03,946.48,554.76
J-004090,2025-06-06,West,T-08,293.56,196.49
J-004091,2025-06-06,South,T-07,1411.89,965.12
J-004092,2025-06-06,West,T-02,470.87,290.39
J-004093,2025-06-06,West,T-04,1430.25,953.99
J-004094,2025-06-06,North,T-08,1214.11,849.35
J-004095,2025-06-06,North,T-10,141.91,94.19
J-004096,2025-06-06,South,T-09,1093.6,772.97
J-004097,2025-06-06,West,T-08,1261.77,939.98
J-004098,2025-06-07,West,T-01,666.25,374.86
J-004099,2025-06-07,West,T-06,701.74,500.85
J-004100,2025-06-07,East,T-12,200.26,123.23
J-004101,2025-06-07,East,T-11,856.97,603.58
J-004102,2025-06-07,East,T-09,1255.67,980.37
J-004103,2025-06-07,East,T-07,540.42,304.63
J-004104,2025-06-07,South,T-05,672.57,365.08
J-004105,2025-06-07,East,T-05,932.39,616.53
J-004106,2025-06-07,East,T-04,310.4,223.88
J-004107,2025-06-07,West,T-06,539.36,377.23
J-004108,2025-06-08,South,T-02,707.92,458.96
J-004109,2025-06-08,North,T-04,775.55,575.37
J-004110,2025-06-08,South,T-11,437.85,225.93
J-004111,2025-06-08,North,T-03,818.35,518.34
J-004112,2025-06-08,West,T-08,776.85,455.76
J-004113,2025-06-08,West,T-10,599.38,407.09
J-004114,2025-06-08,South,T-09,837.5,491.74
J-004115,2025-06-09,South,T-09,1059.61,603.6
J-004116,2025-06-09,South,T-04,359.47,254.98
J-004117,2025-06-09,North,T-06,608.5,376.91
J-004118,2025-06-09,South,T-04,209.67,132.95
J-004119,2025-06-09,East,T-05,984.5,578.06
J-004120,2025-06-09,East,T-03,659.9,361.81
J-004121,2025-06-09,East,T-02,610.96,431.02
J-004122,2025-06-09,North,T-07,877.4,556.95
J-004123,2025-06-09,East,T-12,206.17,150.79
J-004124,2025-06-09,North,T-10,1081.85,731.13
J-004125,2025-06-09,East,T-03,868.68,630.62
J-004126,2025-06-09,East,T-11,321.3,174.66
J-004127,2025-06-09,South,T-11,451.57,344.36
J-004128,2025-06-09,South,T-05,1058.19,618.73
J-004129,2025-06-09,East,T-10,1436.18,789.93
J-004130,2025-06-09,East,T-07,654.56,436.28
J-004131,2025-06-09,South,T-12,614.55,445.88
J-004132,2025-06-09,South,T-08,503.76,361.88
J-004133,2025-06-09,West,T-01,848.98,581.02
J-004134,2025-06-09,North,T-12,671.09,407.52
J-004135,2025-06-09,South,T-02,395.14,273.5
J-004136,2025-06-09,West,T-07,695.07,422.34
J-004137,2025-06-09,West,T-01,413.54,262.69
J-004138,2025-06-09,North,T-06,852.73,560.68
J-004139,2025-06-09,South,T-08,584.75,382.95
J-004140,2025-06-09,South,T-06,712.53,472.09
J-004141,2025-06-09,West,T-01,1089.75,659.44
J-004142,2025-06-09,West,T-09,963.82,673.35
J-004143,2025-06-09,East,T-02,649.05,404.51
J-004144,2025-06-09,North,T-03,657.21,502.34
J-004145,2025-06-09,North,T-09,338.69,181.78
J-004146,2025-06-09,South,T-04,605.52,412.33
J-004147,2025-06-09,South,T-06,1036.68,666.27
J-004148,2025-06-09,North,T-04,1384.91,759.08
J-004149,2025-06-09,East,T-06,620.96,426.54
J-004150,2025-06-09,South,T-08,595.13,430.63
J-004151,2025-06-09,North,T-11,1820.59,1194.92
J-004152,2025-06-09,North,T-04,901.64,545.22
J-004153,2025-06-09,South,T-05,682.77,450.3
J-004154,2025-06-09,South,T-07,713.05,523.47
J-004155,2025-06-10,West,T-03,2502.6,1609.15
J-004156,2025-06-10,East,T-01,1369.89,818.84
J-004157,2025-06-10,North,T-12,595.78,397.46
J-004158,2025-06-10,South,T-08,593.65,434.85
J-004159,2025-06-10,South,T-08,356.98,251.93
J-004160,2025-06-10,East,T-09,896.66,607.02
J-004161,2025-06-10,South,T-11,449.34,304.04
J-004162,2025-06-10,North,T-12,468.35,291.67
J-004163,2025-06-10,East,T-09,335.91,226.1
J-004164,2025-06-10,East,T-12,879.17,663.59
J-004165,2025-06-10,West,T-09,583.89,345.71
J-004166,2025-06-10,North,T-01,1230.48,718.95
J-004167,2025-06-10,South,T-12,1286.24,807.49
J-004168,2025-06-10,North,T-03,753.62,424.6
J-004169,2025-06-10,East,T-12,298.39,165.18
J-004170,2025-06-10,North,T-09,1096.1,709.53
J-004171,2025-06-10,North,T-03,641.87,427.07
J-004172,2025-06-10,East,T-10,463.55,309.75
J-004173,2025-06-10,North,T-05,718.61,503.17
J-004174,2025-06-10,East,T-11,820.06,538.98
J-004175,2025-06-10,North,T-11,818.01,508.61
J-004176,2025-06-11,West,T-03,1001.46,684.12
J-004177,2025-06-11,North,T-04,195.55,140.12
J-004178,2025-06-11,East,T-11,962.23,727.1
J-004179,2025-06-11,South,T-05,1100.15,645.56
J-004180,2025-06-11,South,T-05,933.41,659.47
J-004181,2025-06-11,West,T-09,953.18,601.23
J-004182,2025-06-11,East,T-01,626.65,364.29
J-004183,2025-06-11,North,T-12,354.57,222.73
J-004184,2025-06-11,North,T-10,679.19,420.14
J-004185,2025-06-11,North,T-08,680.84,413.49
J-004186,2025-06-11,West,T-05,741.13,498.02
J-004187,2025-06-11,East,T-10,459.38,293.37
J-004188,2025-06-11,East,T-06,814.69,480.91
J-004189,2025-06-11,South,T-12,458.14,358.65
J-004190,2025-06-11,West,T-01,571.48,284.93
J-004191,2025-06-11,North,T-11,829.32,542.59
J-004192,2025-06-11,North,T-07,1087.84,663.5
J-004193,2025-06-11,West,T-04,749.76,463.27
J-004194,2025-06-11,South,T-10,1735.24,1226.38
J-004195,2025-06-11,East,T-08,458.91,254.12
J-004196,2025-06-11,North,T-05,728.3,449.92
J-004197,2025-06-11,West,T-06,1049.21,746.16
J-004198,2025-06-11,East,T-03,1264.74,760.73
J-004199,2025-06-11,North,T-04,643.92,397.17
J-004200,2025-06-11,South,T-05,832.15,513.27
J-004201,2025-06-11,West,T-09,287.68,199.4
J-004202,2025-06-11,South,T-05,541.27,346.12
J-004203,2025-06-11,East,T-03,1415.72,991.19
J-004204,2025-06-12,East,T-03,1469.26,952.37
J-004205,2025-06-12,South,T-02,1475.75,899.32
J-004206,2025-06-12,South,T-10,352.06,231.99
J-004207,2025-06-12,East,T-07,511.19,305.55
J-004208,2025-06-12,North,T-07,769.47,485.28
J-004209,2025-06-12,North,T-09,2206.11,1391.32
J-004210,2025-06-12,North,T-01,658.96,432.56
J-004211,2025-06-12,West,T-02,752.48,455.11
J-004212,2025-06-12,South,T-11,253.7,185.14
J-004213,2025-06-12,South,T-02,740.46,503.46
J-004214,2025-06-12,East,T-03,1081.64,664.57
J-004215,2025-06-12,North,T-06,618.91,429.83
J-004216,2025-06-12,West,T-08,526.32,373.64
J-004217,2025-06-12,North,T-08,832.35,544.14
J-004218,2025-06-12,East,T-12,1163.62,710.59
J-004219,2025-06-12,South,T-01,810.74,577.26
J-004220,2025-06-12,South,T-02,924.77,572.78
J-004221,2025-06-12,North,T-09,913.88,617.94
J-004222,2025-06-12,North,T-06,547.66,291.36
J-004223,2025-06-12,South,T-01,327.02,181.08
J-004224,2025-06-12,South,T-11,669.28,408.31
J-004225,2025-06-12,North,T-05,580.27,342.75
J-004226,2025-06-12,West,T-08,965.6,585.13
J-004227,2025-06-12,North,T-02,1059.66,699.03
J-004228,2025-06-12,East,T-01,531.48,375.32
J-004229,2025-06-12,South,T-11,1713.55,1271.91
J-004230,2025-06-12,East,T-11,421.1,257.48
J-004231,2025-06-12,West,T-03,505.46,295.64
J-004232,2025-06-12,North,T-12,525.04,365.43
J-004233,2025-06-12,South,T-01,1129.02,746.06
J-004234,2025-06-12,South,T-11,615.31,417.83
J-004235,2025-06-12,East,T-01,472.43,280.33
J-004236,2025-06-12,West,T-01,581.45,332.64
J-004237,2025-06-12,East,T-06,1142.98,595.22
J-004238,2025-06-13,South,T-05,747.76,529.64
J-004239,2025-06-13,East,T-04,1122.74,734.79
J-004240,2025-06-13,South,T-03,1054.87,760.06
J-004241,2025-06-13,East,T-06,594.19,360.42
J-004242,2025-06-13,East,T-06,758.45,474.98
J-004243,2025-06-13,East,T-10,331.92,223.34
J-004244,2025-06-13,South,T-08,732.46,505.89
J-004245,2025-06-13,East,T-01,566.01,352.77
J-004246,2025-06-13,North,T-06,782.71,521.37
J-004247,2025-06-13,East,T-10,617.48,438.74
J-004248,2025-06-13,East,T-06,937.13,679.31
J-004249,2025-06-13,East,T-11,1337.32,822.5
J-004250,2025-06-13,West,T-12,1036.71,645.43
J-004251,2025-06-13,North,T-04,614.07,367.77
J-004252,2025-06-13,South,T-11,463.65,267.67
J-004253,2025-06-13,East,T-05,514.23,323.97
J-004254,2025-06-13,North,T-09,2136.37,1246.36
J-004255,2025-06-13,North,T-12,1581.68,1137.67
J-004256,2025-06-13,East,T-09,833.29,540.14
J-004257,2025-06-13,West,T-01,196.59,115.85
J-004258,2025-06-13,East,T-06,596.56,347.51
J-004259,2025-06-13,West,T-02,846.9,572.54
J-004260,2025-06-13,South,T-02,344.21,243.68
J-004261,2025-06-13,North,T-07,474.78,331.99
J-004262,2025-06-13,West,T-11,855.14,541.5
J-004263,2025-06-13,South,T-04,977.77,645.91
J-004264,2025-06-13,North,T-06,305.99,181.18
J-004265,2025-06-13,South,T-06,472.08,290.92
J-004266,2025-06-14,East,T-11,272.46,167.45
J-004267,2025-06-14,South,T-08,693.63,467.06
J-004268,2025-06-14,East,T-02,374.49,229.76
J-004269,2025-06-14,West,T-09,589.66,401.83
J-004270,2025-06-14,West,T-06,561.19,409.95
J-004271,2025-06-14,South,T-03,719.25,486.36
J-004272,2025-06-14,West,T-01,502.07,343.84
J-004273,2025-06-14,South,T-09,635.03,374.12
J-004274,2025-06-14,West,T-03,612.87,376.44
J-004275,2025-06-14,North,T-07,1273.28,882.23
J-004276,2025-06-15,South,T-04,632.42,381.58
J-004277,2025-06-15,North,T-02,459.64,257.74
J-004278,2025-06-15,South,T-10,925.84,608.49
J-004279,2025-06-15,West,T-02,244.47,143.75
J-004280,2025-06-15,East,T-03,903.95,509.39
J-004281,2025-06-15,South,T-08,339.25,217.46
J-004282,2025-06-15,East,T-06,269.54,186.23
J-004283,2025-06-15,South,T-08,2753.42,1840.68
J-004284,2025-06-15,West,T-08,1510.37,949.68
J-004285,2025-06-15,North,T-02,446.88,295.99
J-004286,2025-06-16,East,T-06,677.92,419.09
J-004287,2025-06-16,North,T-01,529.68,349.47
J-004288,2025-06-16,South,T-08,980.51,607.34
J-004289,2025-06-16,North,T-01,414.66,313.35
J-004290,2025-06-16,East,T-05,588.42,383.88
J-004291,2025-06-16,North,T-06,458.6,309.97
J-004292,2025-06-16,East,T-02,846.25,434.13
J-004293,2025-06-16,East,T-02,1406.77,780.68
J-004294,2025-06-16,North,T-04,1360.77,897.46
J-004295,2025-06-16,West,T-03,293.1,189.31
J-004296,2025-06-16,East,T-01,750.01,457.97
J-004297,2025-06-16,East,T-07,913.54,651.08
J-004298,2025-06-16,South,T-10,617.0,383.86
J-004299,2025-06-16,North,T-02,491.23,365.23
J-004300,2025-06-16,South,T-01,606.41,371.7
J-004301,2025-06-16,South,T-04,545.97,339.44
J-004302,2025-06-16,West,T-01,646.41,370.29
J-004303,2025-06-16,South,T-09,922.36,647.15
J-004304,2025-06-16,North,T-02,567.7,346.21
J-004305,2025-06-16,West,T-02,312.24,186.67
J-004306,2025-06-16,South,T-02,571.97,353.52
J-004307,2025-06-16,North,T-02,427.48,280.69
J-004308,2025-06-16,West,T-08,768.37,494.39
J-004309,2025-06-16,North,T-01,670.12,499.02
J-004310,2025-06-16,South,T-12,935.66,620.83
J-004311,2025-06-16,South,T-01,597.23,306.45
J-004312,2025-06-16,South,T-03,507.42,354.15
J-004313,2025-06-16,South,T-05,402.89,274.25
J-004314,2025-06-16,South,T-12,675.38,423.83
J-004315,2025-06-16,North,T-10,374.31,271.06
J-004316,2025-06-16,South,T-06,391.53,242.41
J-004317,2025-06-16,North,T-02,620.91,415.99
J-004318,2025-06-16,West,T-01,2272.49,1382.78
J-004319,2025-06-16,North,T-09,1401.82,939.56
J-004320,2025-06-16,North,T-11,525.71,337.09
J-004321,2025-06-17,North,T-04,992.49,693.85
J-004322,2025-06-17,East,T-09,400.37,264.68
J-004323,2025-06-17,South,T-05,704.01,469.67
J-004324,2025-06-17,West,T-11,945.04,598.81
J-004325,2025-06-17,North,T-03,876.42,579.18
J-004326,2025-06-17,West,T-10,430.56,274.45
J-004327,2025-06-17,East,T-09,523.71,342.74
J-004328,2025-06-17,South,T-12,1377.77,773.08
J-004329,2025-06-17,East,T-09,588.32,379.36
J-004330,2025-06-17,East,T-04,583.99,390.69
J-004331,2025-06-17,North,T-08,2194.64,1407.33
J-004332,2025-06-17,North,T-09,906.21,585.41
J-004333,2025-06-17,West,T-05,615.71,451.37
J-004334,2025-06-17,West,T-04,721.59,417.73
J-004335,2025-06-17,East,T-07,1713.75,883.56
J-004336,2025-06-17,North,T-11,848.05,619.87
J-004337,2025-06-17,South,T-01,776.41,602.98
J-004338,2025-06-17,West,T-01,515.9,368.66
J-004339,2025-06-17,South,T-04,554.03,346.62
J-004340,2025-06-17,East,T-11,351.99,249.82
J-004341,2025-06-17,East,T-01,1866.95,1228.9
J-004342,2025-06-17,North,T-03,1312.41,884.85
J-004343,2025-06-17,West,T-06,1174.63,926.97
J-004344,2025-06-17,East,T-06,678.22,454.65
J-004345,2025-06-18,North,T-09,231.19,145.18
J-004346,2025-06-18,West,T-12,1077.68,701.59
J-004347,2025-06-18,South,T-03,1069.56,728.22
J-004348,2025-06-18,North,T-08,579.35,406.1
J-004349,2025-06-18,North,T-01,298.8,184.45
J-004350,2025-06-18,West,T-03,1064.43,741.38
J-004351,2025-06-18,North,T-11,1103.29,601.74
J-004352,2025-06-18,East,T-11,568.46,418.94
J-004353,2025-06-18,West,T-06,946.94,595.72
J-004354,2025-06-18,South,T-04,1184.92,787.49
J-004355,2025-06-18,West,T-06,716.51,376.31
J-004356,2025-06-18,West,T-06,368.9,254.2
J-004357,2025-06-18,West,T-08,763.79,589.27
J-004358,2025-06-18,North,T-09,881.56,549.07
J-004359,2025-06-18,South,T-11,782.57,518.68
J-004360,2025-06-18,South,T-10,661.14,382.5
J-004361,2025-06-18,North,T-02,845.53,540.92
J-004362,2025-06-18,South,T-07,538.12,350.64
J-004363,2025-06-18,South,T-07,553.51,339.28
J-004364,2025-06-18,South,T-03,781.65,567.0
J-004365,2025-06-18,East,T-05,1437.17,1037.81
J-004366,2025-06-18,North,T-12,939.93,670.26
J-004367,2025-06-19,North,T-04,462.54,314.27
J-004368,2025-06-19,South,T-05,339.83,201.81
J-004369,2025-06-19,South,T-09,730.99,567.12
J-004370,2025-06-19,West,T-07,895.35,566.78
J-004371,2025-06-19,North,T-03,827.33,487.52
J-004372,2025-06-19,North,T-03,1081.8,776.63
J-004373,2025-06-19,South,T-06,812.39,556.5
J-004374,2025-06-19,West,T-04,638.87,360.0
J-004375,2025-06-19,North,T-04,1148.98,686.4
J-004376,2025-06-19,West,T-10,409.04,312.23
J-004377,2025-06-19,North,T-08,358.68,234.18
J-004378,2025-06-19,East,T-05,1849.57,1097.48
J-004379,2025-06-19,South,T-09,1520.05,1058.48
J-004380,2025-06-19,East,T-10,1193.97,821.68
J-004381,2025-06-19,West,T-12,507.57,328.09
J-004382,2025-06-19,East,T-09,455.86,274.58
J-004383,2025-06-19,West,T-02,674.67,470.59
J-004384,2025-06-19,South,T-05,781.01,529.09
J-004385,2025-06-19,South,T-12,1161.98,686.05
J-004386,2025-06-19,East,T-04,654.84,438.23
J-004387,2025-06-19,East,T-01,588.41,430.56
J-004388,2025-06-19,North,T-07,961.36,574.59
J-004389,2025-06-19,North,T-02,394.76,255.33
J-004390,2025-06-19,West,T-05,541.84,321.69
J-004391,2025-06-19,South,T-10,372.32,260.25
J-004392,2025-06-19,South,T-04,887.49,559.59
J-004393,2025-06-19,North,T-03,394.21,267.8
J-004394,2025-06-20,North,T-01,559.1,351.44
J-004395,2025-06-20,West,T-04,283.9,182.74
J-004396,2025-06-20,North,T-09,883.0,568.7
J-004397,2025-06-20,North,T-08,411.5,247.04
J-004398,2025-06-20,North,T-11,262.83,177.71
J-004399,2025-06-20,East,T-10,235.66,149.17
J-004400,2025-06-20,East,T-01,348.29,231.6
J-004401,2025-06-20,East,T-08,776.35,396.28
J-004402,2025-06-20,South,T-08,392.13,259.28
J-004403,2025-06-20,South,T-08,486.8,263.54
J-004404,2025-06-20,East,T-03,629.13,383.17
J-004405,2025-06-20,North,T-09,903.29,603.19
J-004406,2025-06-20,West,T-03,489.77,281.29
J-004407,2025-06-20,South,T-12,505.95,261.54
J-004408,2025-06-20,East,T-04,1014.87,681.5
J-004409,2025-06-20,South,T-08,1403.24,808.82
J-004410,2025-06-20,North,T-09,689.45,413.48
J-004411,2025-06-20,West,T-02,546.13,322.08
J-004412,2025-06-20,North,T-02,753.7,550.96
J-004413,2025-06-20,North,T-06,583.19,423.62
J-004414,2025-06-20,West,T-04,311.56,184.22
J-004415,2025-06-20,South,T-05,692.51,422.08
J-004416,2025-06-20,West,T-06,380.48,249.09
J-004417,2025-06-20,West,T-02,186.52,99.95
J-004418,2025-06-20,North,T-05,1747.56,1074.97
J-004419,2025-06-20,North,T-12,447.49,303.4
J-004420,2025-06-20,South,T-09,670.21,395.22
J-004421,2025-06-20,East,T-03,1356.26,835.41
J-004422,2025-06-20,North,T-04,591.45,313.9
J-004423,2025-06-20,North,T-09,875.76,658.22
J-004424,2025-06-20,West,T-01,1102.69,740.1
J-004425,2025-06-20,West,T-09,399.27,257.86
J-004426,2025-06-20,South,T-08,1297.13,798.98
J-004427,2025-06-20,East,T-08,607.93,406.6
J-004428,2025-06-20,East,T-04,1435.24,822.55
J-004429,2025-06-21,North,T-08,1472.36,768.51
J-004430,2025-06-21,West,T-06,1247.75,847.98
J-004431,2025-06-21,East,T-11,404.07,291.89
J-004432,2025-06-21,North,T-03,825.53,503.92
J-004433,2025-06-21,North,T-02,843.43,629.78
J-004434,2025-06-21,East,T-04,844.68,509.25
J-004435,2025-06-21,North,T-05,448.64,311.71
J-004436,2025-06-21,North,T-01,279.15,140.96
J-004437,2025-06-21,North,T-06,1627.79,929.65
J-004438,2025-06-21,West,T-08,603.1,384.36
J-004439,2025-06-21,South,T-02,910.82,603.97
J-004440,2025-06-21,South,T-09,1160.1,805.2
J-004441,2025-06-21,East,T-09,629.29,386.23
J-004442,2025-06-22,North,T-06,429.91,284.61
J-004443,2025-06-22,East,T-05,843.7,564.66
J-004444,2025-06-22,South,T-08,606.54,359.97
J-004445,2025-06-22,North,T-05,1587.53,869.97
J-004446,2025-06-22,South,T-03,965.07,674.75
J-004447,2025-06-22,South,T-05,925.72,684.76
J-004448,2025-06-22,South,T-11,443.93,238.94
J-004449,2025-06-22,North,T-07,1734.31,1091.91
J-004450,2025-06-22,East,T-09,3040.14,2293.27
J-004451,2025-06-23,North,T-03,800.05,522.99
J-004452,2025-06-23,East,T-07,732.84,502.09
J-004453,2025-06-23,North,T-04,341.48,226.0
J-004454,2025-06-23,North,T-09,633.16,391.08
J-004455,2025-06-23,South,T-05,625.61,443.95
J-004456,2025-06-23,South,T-07,735.98,413.99
J-004457,2025-06-23,East,T-04,1039.7,727.22
J-004458,2025-06-23,North,T-03,519.92,375.95
J-004459,2025-06-23,North,T-10,461.62,255.2
J-004460,2025-06-23,South,T-07,1085.61,760.75
J-004461,2025-06-23,South,T-03,990.96,672.91
J-004462,2025-06-23,West,T-02,806.34,523.95
J-004463,2025-06-23,East,T-06,726.1,492.42
J-004464,2025-06-23,North,T-04,517.68,324.83
J-004465,2025-06-23,South,T-06,713.8,482.71
J-004466,2025-06-23,North,T-10,469.18,296.24
J-004467,2025-06-23,South,T-05,337.97,210.64
J-004468,2025-06-23,East,T-10,1148.5,746.73
J-004469,2025-06-23,East,T-09,1321.2,871.77
J-004470,2025-06-23,South,T-09,161.41,102.56
J-004471,2025-06-23,East,T-01,449.18,327.22
J-004472,2025-06-24,East,T-05,336.38,193.41
J-004473,2025-06-24,West,T-04,573.3,377.48
J-004474,2025-06-24,East,T-01,584.04,380.08
J-004475,2025-06-24,West,T-04,1524.32,957.04
J-004476,2025-06-24,East,T-07,1417.97,966.24
J-004477,2025-06-24,East,T-12,257.37,151.9
J-004478,2025-06-24,West,T-10,879.61,553.69
J-004479,2025-06-24,West,T-07,1000.39,644.91
J-004480,2025-06-24,East,T-03,651.68,422.45
J-004481,2025-06-24,South,T-09,288.45,180.1
J-004482,2025-06-24,North,T-05,1230.48,843.73
J-004483,2025-06-24,North,T-04,952.97,598.38
J-004484,2025-06-24,West,T-04,664.77,439.89
J-004485,2025-06-24,West,T-01,970.85,693.2
J-004486,2025-06-24,West,T-04,539.93,362.14
J-004487,2025-06-24,East,T-03,924.13,674.34
J-004488,2025-06-24,West,T-09,1715.23,1156.21
J-004489,2025-06-24,West,T-08,602.61,385.9
J-004490,2025-06-24,South,T-04,975.01,660.67
J-004491,2025-06-24,West,T-09,1007.69,582.99
J-004492,2025-06-24,South,T-11,671.01,489.81
J-004493,2025-06-24,East,T-12,669.96,403.0
J-004494,2025-06-24,East,T-04,647.1,459.61
J-004495,2025-06-24,West,T-08,668.9,433.3
J-004496,2025-06-24,South,T-06,718.48,552.2
J-004497,2025-06-24,South,T-04,1042.11,699.7
J-004498,2025-06-24,South,T-08,1633.37,1099.61
J-004499,2025-06-24,North,T-12,1514.02,942.68
J-004500,2025-06-24,North,T-12,728.04,504.98
J-004501,2025-06-24,North,T-05,825.8,474.16
J-004502,2025-06-24,North,T-04,438.46,272.64
J-004503,2025-06-24,North,T-02,380.75,261.55
J-004504,2025-06-24,West,T-04,894.29,525.22
J-004505,2025-06-24,East,T-04,641.8,398.23
J-004506,2025-06-24,East,T-06,465.3,304.12
J-004507,2025-06-24,East,T-04,420.27,228.77
J-004508,2025-06-24,East,T-09,573.12,358.85
J-004509,2025-06-24,East,T-12,454.37,288.38
J-004510,2025-06-24,West,T-07,762.69,524.52
J-004511,2025-06-24,South,T-02,617.79,348.0
J-004512,2025-06-25,North,T-04,579.24,323.24
J-004513,2025-06-25,East,T-01,303.88,170.85
J-004514,2025-06-25,East,T-09,794.93,509.98
J-004515,2025-06-25,East,T-10,761.86,444.73
J-004516,2025-06-25,East,T-12,560.54,341.75
J-004517,2025-06-25,South,T-03,892.76,430.93
J-004518,2025-06-25,North,T-05,573.31,363.2
J-004519,2025-06-25,West,T-03,873.5,596.78
J-004520,2025-06-25,West,T-03,667.88,365.58
J-004521,2025-06-25,South,T-02,1334.26,733.34
J-004522,2025-06-25,East,T-07,1853.31,1126.31
J-004523,2025-06-25,North,T-11,406.15,260.16
J-004524,2025-06-25,West,T-11,1114.83,731.62
J-004525,2025-06-25,East,T-05,577.11,377.77
J-004526,2025-06-25,North,T-12,720.7,461.63
J-004527,2025-06-25,West,T-11,525.37,343.73
J-004528,2025-06-25,West,T-09,724.43,471.64
J-004529,2025-06-25,East,T-12,289.55,169.25
J-004530,2025-06-25,South,T-07,433.38,264.46
J-004531,2025-06-25,South,T-08,555.84,318.25
J-004532,2025-06-25,South,T-10,733.05,455.87
J-004533,2025-06-25,East,T-11,540.77,321.38
J-004534,2025-06-25,South,T-12,799.84,572.51
J-004535,2025-06-25,West,T-09,501.3,352.05
J-004536,2025-06-25,North,T-10,1711.89,1154.95
J-004537,2025-06-25,West,T-06,482.57,347.25
J-004538,2025-06-25,North,T-07,953.59,660.65
J-004539,2025-06-25,West,T-10,1057.94,705.73
J-004540,2025-06-25,East,T-11,1681.21,951.53
J-004541,2025-06-25,North,T-03,348.52,221.0
J-004542,2025-06-25,North,T-11,806.72,470.01
J-004543,2025-06-25,South,T-05,1365.03,766.14
J-004544,2025-06-25,South,T-01,706.89,458.82
J-004545,2025-06-25,West,T-03,457.17,278.34
J-004546,2025-06-25,South,T-05,1328.56,714.68
J-004547,2025-06-25,West,T-02,343.52,248.74
J-004548,2025-06-25,South,T-01,303.32,189.35
J-004549,2025-06-25,North,T-02,771.68,488.88
J-004550,2025-06-25,South,T-07,731.83,424.82
J-004551,2025-06-25,North,T-01,1058.52,643.88
J-004552,2025-06-26,South,T-11,1206.72,919.58
J-004553,2025-06-26,South,T-07,999.08,717.64
J-004554,2025-06-26,North,T-08,507.2,320.57
J-004555,2025-06-26,East,T-08,615.82,425.09
J-004556,2025-06-26,North,T-12,950.57,639.89
J-004557,2025-06-26,North,T-01,899.59,647.36
J-004558,2025-06-26,West,T-12,1053.18,782.92
J-004559,2025-06-26,North,T-09,693.48,489.19
J-004560,2025-06-26,West,T-12,848.78,493.37
J-004561,2025-06-26,North,T-03,286.64,203.92
J-004562,2025-06-26,South,T-02,908.3,590.13
J-004563,2025-06-26,West,T-12,822.72,533.36
J-004564,2025-06-26,West,T-07,645.23,408.06
J-004565,2025-06-26,West,T-11,1179.58,779.27
J-004566,2025-06-26,East,T-09,462.95,258.94
J-004567,2025-06-26,West,T-01,767.57,495.13
J-004568,2025-06-26,East,T-07,1766.36,1206.26
J-004569,2025-06-26,South,T-10,568.3,327.07
J-004570,2025-06-26,South,T-11,496.71,288.06
J-004571,2025-06-26,North,T-01,411.33,225.4
J-004572,2025-06-26,East,T-07,414.32,259.49
J-004573,2025-06-26,North,T-01,906.25,544.07
J-004574,2025-06-26,West,T-04,943.8,654.39
J-004575,2025-06-26,North,T-12,1239.93,922.2
J-004576,2025-06-26,East,T-06,596.94,418.57
J-004577,2025-06-26,West,T-10,253.04,147.28
J-004578,2025-06-26,North,T-03,1055.48,806.52
J-004579,2025-06-26,East,T-03,1042.29,759.91
J-004580,2025-06-26,North,T-02,601.39,404.29
J-004581,2025-06-27,North,T-09,856.62,570.21
J-004582,2025-06-27,South,T-09,1065.24,599.64
J-004583,2025-06-27,South,T-09,992.24,567.14
J-004584,2025-06-27,South,T-06,1098.6,842.94
J-004585,2025-06-27,East,T-07,369.44,254.19
J-004586,2025-06-27,East,T-07,881.81,515.86
J-004587,2025-06-27,East,T-05,452.93,309.1
J-004588,2025-06-27,East,T-02,823.12,512.49
J-004589,2025-06-27,East,T-05,828.57,567.87
J-004590,2025-06-27,West,T-09,671.33,415.13
J-004591,2025-06-27,North,T-11,629.82,356.8
J-004592,2025-06-27,North,T-03,625.45,392.0
J-004593,2025-06-27,East,T-02,430.4,217.73
J-004594,2025-06-27,East,T-10,600.24,327.96
J-004595,2025-06-27,West,T-10,737.92,489.5
J-004596,2025-06-27,North,T-01,791.19,549.44
J-004597,2025-06-27,East,T-03,975.28,654.21
J-004598,2025-06-27,East,T-10,421.49,302.18
J-004599,2025-06-27,East,T-04,422.77,269.41
J-004600,2025-06-27,North,T-09,294.21,149.29
J-004601,2025-06-27,North,T-04,191.79,124.57
J-004602,2025-06-27,West,T-04,498.1,323.6
J-004603,2025-06-27,South,T-05,377.75,262.51
J-004604,2025-06-27,West,T-10,729.81,460.98
J-004605,2025-06-28,East,T-01,567.85,371.16
J-004606,2025-06-28,South,T-06,740.9,434.31
J-004607,2025-06-28,East,T-08,914.35,543.21
J-004608,2025-06-28,East,T-03,304.89,184.2
J-004609,2025-06-28,North,T-11,882.53,572.74
J-004610,2025-06-28,North,T-06,563.26,416.06
J-004611,2025-06-28,North,T-07,542.46,312.3
J-004612,2025-06-28,East,T-11,918.89,602.18
J-004613,2025-06-28,West,T-12,506.75,324.31
J-004614,2025-06-28,South,T-06,966.32,559.74
J-004615,2025-06-29,South,T-04,744.4,453.22
J-004616,2025-06-29,West,T-08,896.65,548.23
J-004617,2025-06-29,East,T-05,1415.1,798.55
J-004618,2025-06-29,West,T-08,740.45,402.18
J-004619,2025-06-29,East,T-07,611.81,372.19
J-004620,2025-06-29,East,T-12,375.03,243.73
J-004621,2025-06-29,East,T-06,951.02,638.19
J-004622,2025-06-29,East,T-08,455.08,251.12
J-004623,2025-06-30,North,T-03,946.86,566.65
J-004624,2025-06-30,South,T-11,346.01,205.8
J-004625,2025-06-30,North,T-11,398.24,252.56
J-004626,2025-06-30,East,T-03,787.29,559.06
J-004627,2025-06-30,West,T-01,654.77,392.81
J-004628,2025-06-30,North,T-12,767.77,492.55
J-004629,2025-06-30,East,T-02,508.12,310.02
J-004630,2025-06-30,East,T-06,550.15,323.64
J-004631,2025-06-30,East,T-11,889.49,510.41
J-004632,2025-06-30,East,T-06,625.8,436.39
J-004633,2025-06-30,East,T-02,679.62,441.33
J-004634,2025-06-30,South,T-04,1210.41,728.99
J-004635,2025-06-30,West,T-03,994.75,718.81
J-004636,2025-06-30,East,T-05,978.48,669.99
J-004637,2025-06-30,South,T-09,748.66,483.55
J-004638,2025-06-30,North,T-12,478.83,260.51
J-004639,2025-06-30,East,T-10,666.34,456.92
J-004640,2025-06-30,North,T-01,1382.05,821.73
J-004641,2025-06-30,West,T-05,1082.97,782.91
J-004642,2025-06-30,North,T-05,250.57,165.86
J-004643,2025-06-30,South,T-11,1271.73,922.99
J-004644,2025-06-30,South,T-01,406.48,273.17
J-004645,2025-06-30,North,T-10,1421.77,764.53
J-004646,2025-06-30,East,T-04,613.21,358.42
J-004647,2025-06-30,North,T-06,521.33,317.58
J-004648,2025-06-30,North,T-08,852.76,479.65
J-004649,2025-06-30,East,T-07,222.13,170.09
J-004650,2025-06-30,East,T-06,474.95,279.02
J-004651,2025-06-30,North,T-11,566.67,340.14
J-004652,2025-06-30,North,T-04,1025.55,730.26
J-004653,2025-06-30,North,T-12,674.03,385.83
J-004654,2025-06-30,South,T-04,609.35,404.47
J-004655,2025-06-30,South,T-12,401.43,285.65
J-004656,2025-06-30,West,T-03,839.08,636.24
J-004657,2025-06-30,East,T-07,761.8,454.5
J-004658,2025-06-30,East,T-12,730.45,441.67
J-004659,2025-06-30,West,T-12,693.31,478.62
J-004660,2025-07-01,West,T-05,873.57,621.86
J-004661,2025-07-01,West,T-12,651.72,410.63
J-004662,2025-07-01,North,T-11,988.62,610.09
J-004663,2025-07-01,East,T-11,368.13,244.57
J-004664,2025-07-01,South,T-04,1206.0,800.15
J-004665,2025-07-01,East,T-03,915.29,595.1
J-004666,2025-07-01,West,T-09,707.53,427.13
J-004667,2025-07-01,North,T-10,1378.67,996.58
J-004668,2025-07-01,East,T-10,332.14,246.84
J-004669,2025-07-01,West,T-04,990.36,498.66
J-004670,2025-07-01,East,T-09,956.71,586.4
J-004671,2025-07-01,South,T-11,926.86,550.17
J-004672,2025-07-01,South,T-05,1327.88,914.25
J-004673,2025-07-01,East,T-11,701.87,512.16
J-004674,2025-07-01,South,T-05,1994.15,1330.89
J-004675,2025-07-01,East,T-03,667.2,418.62
J-004676,2025-07-01,West,T-01,897.9,597.28
J-004677,2025-07-02,West,T-05,714.96,393.71
J-004678,2025-07-02,West,T-06,844.77,512.3
J-004679,2025-07-02,South,T-09,837.72,463.49
J-004680,2025-07-02,East,T-03,927.92,659.76
J-004681,2025-07-02,North,T-06,1118.7,778.44
J-004682,2025-07-02,East,T-05,398.01,240.51
J-004683,2025-07-02,West,T-12,640.94,371.48
J-004684,2025-07-02,North,T-12,879.42,511.24
J-004685,2025-07-02,East,T-08,820.44,611.24
J-004686,2025-07-02,East,T-11,504.61,338.56
J-004687,2025-07-02,South,T-11,230.45,148.7
J-004688,2025-07-02,North,T-09,348.45,211.14
J-004689,2025-07-02,North,T-11,1125.68,744.37
J-004690,2025-07-02,West,T-01,478.0,300.65
J-004691,2025-07-02,East,T-11,1139.53,719.19
J-004692,2025-07-02,West,T-08,863.58,616.56
J-004693,2025-07-02,East,T-11,486.97,333.75
J-004694,2025-07-02,East,T-01,1273.04,710.02
J-004695,2025-07-02,North,T-10,500.58,346.41
J-004696,2025-07-02,East,T-01,596.27,412.26
J-004697,2025-07-02,East,T-01,510.62,382.35
J-004698,2025-07-02,East,T-04,322.77,242.7
J-004699,2025-07-02,North,T-03,1906.48,1265.77
J-004700,2025-07-02,North,T-01,2059.19,1047.03
J-004701,2025-07-02,North,T-02,595.55,373.54
J-004702,2025-07-02,East,T-07,747.07,477.07
J-004703,2025-07-02,West,T-09,822.85,561.98
J-004704,2025-07-02,North,T-12,1325.94,915.75
J-004705,2025-07-02,North,T-08,690.31,489.07
J-004706,2025-07-02,South,T-10,511.3,326.01
J-004707,2025-07-02,North,T-09,1033.77,656.81
J-004708,2025-07-02,South,T-08,397.79,232.12
J-004709,2025-07-02,West,T-06,424.25,303.27
J-004710,2025-07-02,North,T-01,871.53,557.23
J-004711,2025-07-03,East,T-02,2061.41,1489.34
J-004712,2025-07-03,North,T-09,607.67,363.66
J-004713,2025-07-03,West,T-07,793.98,491.89
J-004714,2025-07-03,South,T-09,765.75,511.06
J-004715,2025-07-03,South,T-06,311.4,197.74
J-004716,2025-07-03,West,T-10,1069.7,733.71
J-004717,2025-07-03,East,T-07,1675.6,1111.58
J-004718,2025-07-03,North,T-03,262.98,165.87
J-004719,2025-07-03,East,T-09,763.42,452.36
J-004720,2025-07-03,North,T-11,1241.25,915.0
J-004721,2025-07-03,North,T-06,373.38,304.55
J-004722,2025-07-03,East,T-11,690.98,439.87
J-004723,2025-07-03,East,T-06,462.17,292.69
J-004724,2025-07-03,West,T-06,2444.16,1527.36
J-004725,2025-07-03,North,T-12,767.67,518.46
J-004726,2025-07-03,North,T-11,848.84,477.7
J-004727,2025-07-03,South,T-09,623.92,391.14
J-004728,2025-07-03,North,T-04,880.44,581.38
J-004729,2025-07-03,South,T-01,231.94,159.27
J-004730,2025-07-03,West,T-09,782.41,531.16
J-004731,2025-07-03,West,T-04,877.65,578.63
J-004732,2025-07-03,West,T-10,835.55,503.62
J-004733,2025-07-03,East,T-08,304.06,209.5
J-004734,2025-07-03,North,T-11,460.27,297.06
J-004735,2025-07-03,North,T-10,844.74,487.54
J-004736,2025-07-03,West,T-05,486.96,265.99
J-004737,2025-07-03,South,T-05,830.61,554.32
J-004738,2025-07-04,South,T-02,922.31,593.93
J-004739,2025-07-04,West,T-07,1306.89,999.66
J-004740,2025-07-04,East,T-08,797.64,526.33
J-004741,2025-07-04,North,T-05,575.68,259.06
J-004742,2025-07-04,South,T-03,602.64,377.72
J-004743,2025-07-04,East,T-12,766.79,488.71
J-004744,2025-07-04,West,T-04,668.86,465.3
J-004745,2025-07-04,East,T-11,454.59,310.72
J-004746,2025-07-04,South,T-03,506.21,320.91
J-004747,2025-07-04,South,T-01,612.23,354.05
J-004748,2025-07-04,North,T-02,261.62,143.05
J-004749,2025-07-04,North,T-06,1490.68,763.6
J-004750,2025-07-04,South,T-12,441.81,324.64
J-004751,2025-07-04,North,T-08,795.85,475.0
J-004752,2025-07-04,South,T-03,1610.74,1170.1
J-004753,2025-07-04,East,T-12,3217.25,2319.79
J-004754,2025-07-04,South,T-01,316.42,175.08
J-004755,2025-07-04,East,T-07,1353.9,906.06
J-004756,2025-07-04,West,T-02,597.78,411.27
J-004757,2025-07-04,West,T-08,809.92,532.93
J-004758,2025-07-04,North,T-06,586.58,340.47
J-004759,2025-07-04,North,T-08,698.78,464.35
J-004760,2025-07-04,South,T-07,2014.86,1136.85
J-004761,2025-07-04,North,T-12,459.18,367.97
J-004762,2025-07-04,South,T-08,368.03,213.76
J-004763,2025-07-05,North,T-11,344.07,192.73
J-004764,2025-07-05,South,T-01,822.3,504.59
J-004765,2025-07-05,North,T-06,441.95,299.46
J-004766,2025-07-05,North,T-06,1227.94,752.33
J-004767,2025-07-05,East,T-06,292.33,151.68
J-004768,2025-07-05,East,T-04,395.07,232.19
J-004769,2025-07-05,East,T-02,1053.65,594.58
J-004770,2025-07-05,North,T-04,497.14,294.05
J-004771,2025-07-05,East,T-02,1173.12,833.95
J-004772,2025-07-05,South,T-03,677.82,392.8
J-004773,2025-07-05,East,T-03,361.4,256.51
J-004774,2025-07-05,North,T-01,491.54,345.69
J-004775,2025-07-06,West,T-05,389.51,245.83
J-004776,2025-07-06,East,T-10,824.75,493.2
J-004777,2025-07-06,North,T-04,646.4,355.95
J-004778,2025-07-06,West,T-08,469.62,360.71
J-004779,2025-07-06,East,T-12,527.87,411.92
J-004780,2025-07-06,East,T-11,187.01,127.41
J-004781,2025-07-06,North,T-04,843.68,528.37
J-004782,2025-07-06,North,T-05,968.17,599.05
J-004783,2025-07-06,North,T-11,318.11,205.33
J-004784,2025-07-07,West,T-04,471.09,293.14
J-004785,2025-07-07,East,T-12,583.36,357.93
J-004786,2025-07-07,East,T-11,1270.92,889.18
J-004787,2025-07-07,West,T-05,125.66,78.46
J-004788,2025-07-07,East,T-12,1150.98,763.43
J-004789,2025-07-07,North,T-08,1435.46,896.11
J-004790,2025-07-07,South,T-03,876.11,536.52
J-004791,2025-07-07,North,T-08,921.78,669.74
J-004792,2025-07-07,East,T-11,915.67,665.28
J-004793,2025-07-07,West,T-04,728.66,385.14
J-004794,2025-07-07,East,T-02,692.01,438.08
J-004795,2025-07-07,East,T-12,819.21,630.19
J-004796,2025-07-07,North,T-09,2208.21,1527.54
J-004797,2025-07-07,East,T-03,765.55,512.04
J-004798,2025-07-07,North,T-11,170.23,100.2
J-004799,2025-07-07,East,T-03,409.3,184.19
J-004800,2025-07-07,North,T-11,522.93,303.4
J-004801,2025-07-07,East,T-03,807.25,493.95
J-004802,2025-07-07,East,T-11,660.72,388.31
J-004803,2025-07-07,North,T-02,611.31,432.08
J-004804,2025-07-07,South,T-06,712.92,541.53
J-004805,2025-07-07,West,T-07,479.61,328.14
J-004806,2025-07-07,North,T-04,379.97,255.4
J-004807,2025-07-07,North,T-11,318.56,208.74
J-004808,2025-07-07,East,T-09,570.23,408.84
J-004809,2025-07-07,North,T-11,1091.68,716.31
J-004810,2025-07-07,South,T-11,391.34,229.19
J-004811,2025-07-07,South,T-11,1370.28,965.5
J-004812,2025-07-07,West,T-02,556.01,350.67
J-004813,2025-07-07,East,T-05,1373.25,877.32
J-004814,2025-07-07,North,T-04,406.75,262.97
J-004815,2025-07-07,East,T-08,1420.04,811.03
J-004816,2025-07-07,East,T-08,1184.04,783.33
J-004817,2025-07-07,South,T-07,1020.64,694.87
J-004818,2025-07-07,East,T-11,226.79,143.21
J-004819,2025-07-07,North,T-08,1324.01,970.89
J-004820,2025-07-07,South,T-10,820.53,616.67
J-004821,2025-07-07,South,T-06,1229.77,751.26
J-004822,2025-07-07,East,T-05,259.5,201.33
J-004823,2025-07-07,East,T-07,1048.88,642.24
J-004824,2025-07-08,West,T-08,387.63,256.19
J-004825,2025-07-08,East,T-10,705.61,418.38
J-004826,2025-07-08,South,T-12,1019.11,687.18
J-004827,2025-07-08,North,T-07,511.79,392.26
J-004828,2025-07-08,South,T-03,652.68,407.61
J-004829,2025-07-08,North,T-12,939.32,602.83
J-004830,2025-07-08,South,T-09,1946.66,1275.46
J-004831,2025-07-08,North,T-01,750.95,362.62
J-004832,2025-07-08,East,T-09,918.91,604.56
J-004833,2025-07-08,South,T-05,1180.53,856.49
J-004834,2025-07-08,East,T-11,213.86,149.42
J-004835,2025-07-08,North,T-08,733.94,439.42
J-004836,2025-07-08,North,T-07,668.4,425.53
J-004837,2025-07-08,North,T-12,382.9,257.98
J-004838,2025-07-08,North,T-03,1058.61,614.31
J-004839,2025-07-08,South,T-11,715.35,387.08
J-004840,2025-07-08,South,T-05,828.12,580.04
J-004841,2025-07-08,West,T-12,751.9,509.07
J-004842,2025-07-08,East,T-01,308.08,201.15
J-004843,2025-07-08,North,T-04,910.29,524.28
J-004844,2025-07-08,East,T-07,238.91,167.49
J-004845,2025-07-08,North,T-07,1656.49,1174.23
J-004846,2025-07-08,South,T-09,2284.84,1599.39
J-004847,2025-07-09,North,T-02,2883.24,1865.61
J-004848,2025-07-09,South,T-09,294.34,183.29
J-004849,2025-07-09,West,T-07,801.69,444.79
J-004850,2025-07-09,North,T-03,921.92,641.75
J-004851,2025-07-09,North,T-03,419.97,307.68
J-004852,2025-07-09,West,T-05,1904.06,1235.96
J-004853,2025-07-09,West,T-06,708.91,427.31
J-004854,2025-07-09,South,T-10,1000.2,723.53
J-004855,2025-07-09,West,T-02,1247.2,782.17
J-004856,2025-07-09,South,T-12,527.93,297.69
J-004857,2025-07-09,East,T-07,847.03,537.24
J-004858,2025-07-09,South,T-09,634.93,482.54
J-004859,2025-07-09,North,T-08,2311.15,1588.07
J-004860,2025-07-09,North,T-09,680.55,415.61
J-004861,2025-07-09,West,T-08,415.14,264.05
J-004862,2025-07-09,West,T-12,914.82,715.17
J-004863,2025-07-09,East,T-04,370.03,228.93
J-004864,2025-07-09,North,T-05,326.42,204.11
J-004865,2025-07-09,West,T-04,338.76,257.43
J-004866,2025-07-09,North,T-08,649.12,405.64
J-004867,2025-07-09,South,T-03,582.18,384.37
J-004868,2025-07-09,East,T-04,369.65,258.5
J-004869,2025-07-09,South,T-08,497.57,323.88
J-004870,2025-07-09,East,T-10,864.55,508.55
J-004871,2025-07-09,South,T-08,259.16,174.85
J-004872,2025-07-09,South,T-01,477.19,338.87
J-004873,2025-07-09,South,T-06,375.77,215.81
J-004874,2025-07-09,West,T-12,1672.95,1175.98
J-004875,2025-07-09,South,T-09,1608.09,995.23
J-004876,2025-07-09,West,T-03,555.0,414.0
J-004877,2025-07-09,North,T-12,612.24,371.46
J-004878,2025-07-09,West,T-12,314.97,176.11
J-004879,2025-07-09,East,T-05,981.05,612.61
J-004880,2025-07-09,West,T-08,1083.23,688.83
J-004881,2025-07-09,North,T-02,206.13,128.7
J-004882,2025-07-10,South,T-02,1273.78,908.6
J-004883,2025-07-10,South,T-05,1026.68,595.93
J-004884,2025-07-10,South,T-12,447.85,307.77
J-004885,2025-07-10,East,T-09,508.64,347.1
J-004886,2025-07-10,West,T-01,1144.44,739.9
J-004887,2025-07-10,West,T-06,1043.06,642.11
J-004888,2025-07-10,North,T-09,1068.27,628.58
J-004889,2025-07-10,East,T-01,936.17,644.41
J-004890,2025-07-10,North,T-03,1899.87,1369.42
J-004891,2025-07-10,North,T-12,795.65,488.03
J-004892,2025-07-10,West,T-09,362.61,215.33
J-004893,2025-07-10,North,T-09,764.85,493.32
J-004894,2025-07-10,East,T-05,403.35,241.45
J-004895,2025-07-10,South,T-09,1081.93,640.78
J-004896,2025-07-10,South,T-09,616.11,399.63
J-004897,2025-07-10,East,T-07,797.01,523.15
J-004898,2025-07-10,East,T-06,895.72,610.28
J-004899,2025-07-10,West,T-02,1074.8,602.92
J-004900,2025-07-10,North,T-07,361.73,225.2
J-004901,2025-07-10,North,T-10,272.93,168.21
J-004902,2025-07-10,East,T-08,756.22,489.69
J-004903,2025-07-10,South,T-07,919.98,642.78
J-004904,2025-07-10,North,T-11,1267.76,806.32
J-004905,2025-07-10,South,T-04,144.13,81.49
J-004906,2025-07-10,West,T-09,978.98,622.1
J-004907,2025-07-10,West,T-10,1124.04,692.82
J-004908,2025-07-10,East,T-04,325.76,200.26
J-004909,2025-07-10,South,T-04,566.58,389.75
J-004910,2025-07-11,South,T-10,700.29,351.03
J-004911,2025-07-11,North,T-02,560.84,330.57
J-004912,2025-07-11,West,T-04,655.15,367.32
J-004913,2025-07-11,East,T-09,1599.4,1170.68
J-004914,2025-07-11,East,T-11,792.74,525.6
J-004915,2025-07-11,West,T-09,511.37,316.15
J-004916,2025-07-11,West,T-01,1346.26,932.88
J-004917,2025-07-11,West,T-07,810.93,537.96
J-004918,2025-07-11,North,T-10,1032.23,662.98
J-004919,2025-07-11,East,T-09,1357.56,921.97
J-004920,2025-07-11,West,T-06,1033.58,531.52
J-004921,2025-07-11,North,T-12,1900.65,1111.23
J-004922,2025-07-11,North,T-12,281.19,175.4
J-004923,2025-07-11,East,T-02,889.79,653.95
J-004924,2025-07-11,East,T-09,353.69,218.2
J-004925,2025-07-11,South,T-10,990.74,649.8
J-004926,2025-07-11,South,T-05,706.08,509.82
J-004927,2025-07-11,North,T-02,655.53,400.63
J-004928,2025-07-11,South,T-11,578.95,305.93
J-004929,2025-07-11,South,T-09,1268.37,881.06
J-004930,2025-07-11,South,T-12,964.82,653.05
J-004931,2025-07-11,North,T-11,489.92,307.67
J-004932,2025-07-11,South,T-11,310.73,175.84
J-004933,2025-07-11,South,T-06,1069.54,685.1
J-004934,2025-07-11,West,T-01,429.32,286.23
J-004935,2025-07-11,East,T-11,1158.56,787.01
J-004936,2025-07-11,East,T-10,1561.71,1119.73
J-004937,2025-07-11,South,T-11,798.61,436.97
J-004938,2025-07-11,East,T-09,1334.72,845.47
J-004939,2025-07-12,North,T-11,2542.18,1646.99
J-004940,2025-07-12,North,T-08,1881.87,1181.54
J-004941,2025-07-12,North,T-11,765.95,439.15
J-004942,2025-07-12,North,T-09,636.5,375.38
J-004943,2025-07-12,South,T-04,1162.71,606.29
J-004944,2025-07-12,West,T-11,1877.36,1266.08
J-004945,2025-07-12,South,T-05,1307.02,826.62
J-004946,2025-07-12,South,T-11,361.48,243.86
J-004947,2025-07-12,East,T-06,716.0,458.87
J-004948,2025-07-12,South,T-01,1189.63,795.38
J-004949,2025-07-12,East,T-02,446.81,273.29
J-004950,2025-07-13,East,T-06,1091.2,726.52
J-004951,2025-07-13,East,T-05,494.07,291.57
J-004952,2025-07-13,West,T-02,614.52,419.05
J-004953,2025-07-13,East,T-01,362.93,262.43
J-004954,2025-07-13,East,T-06,349.09,230.06
J-004955,2025-07-13,East,T-08,253.27,172.1
J-004956,2025-07-13,East,T-05,1181.13,718.36
J-004957,2025-07-13,West,T-01,1014.62,634.17
J-004958,2025-07-13,West,T-11,379.35,232.32
J-004959,2025-07-13,East,T-12,367.28,274.18
J-004960,2025-07-13,West,T-11,1051.85,663.58
J-004961,2025-07-14,West,T-09,665.55,454.41
J-004962,2025-07-14,North,T-09,1428.23,851.1
J-004963,2025-07-14,West,T-10,614.61,387.53
J-004964,2025-07-14,East,T-11,568.89,354.88
J-004965,2025-07-14,North,T-09,486.41,296.72
J-004966,2025-07-14,North,T-10,572.2,399.91
J-004967,2025-07-14,West,T-08,1352.8,970.92
J-004968,2025-07-14,North,T-11,846.16,607.09
J-004969,2025-07-14,East,T-09,558.01,354.98
J-004970,2025-07-14,North,T-01,420.34,274.98
J-004971,2025-07-14,West,T-02,478.45,325.45
J-004972,2025-07-14,North,T-04,811.38,514.87
J-004973,2025-07-14,North,T-05,685.26,477.23
J-004974,2025-07-14,North,T-12,413.04,233.64
J-004975,2025-07-14,West,T-11,969.56,646.39
J-004976,2025-07-14,South,T-01,577.31,330.22
J-004977,2025-07-14,North,T-04,677.94,372.62
J-004978,2025-07-14,South,T-03,549.65,351.98
J-004979,2025-07-14,West,T-01,532.87,317.25
J-004980,2025-07-14,North,T-01,534.17,313.19
J-004981,2025-07-14,West,T-10,751.82,535.06
J-004982,2025-07-15,West,T-10,851.4,582.72
J-004983,2025-07-15,North,T-09,697.28,445.03
J-004984,2025-07-15,West,T-01,669.44,486.67
J-004985,2025-07-15,South,T-12,497.26,355.44
J-004986,2025-07-15,North,T-12,348.23,233.21
J-004987,2025-07-15,North,T-11,1192.67,739.79
J-004988,2025-07-15,South,T-01,609.42,315.1
J-004989,2025-07-15,West,T-08,397.09,269.6
J-004990,2025-07-15,North,T-08,598.25,398.33
J-004991,2025-07-15,South,T-12,302.01,189.58
J-004992,2025-07-15,East,T-11,587.25,324.51
J-004993,2025-07-15,North,T-06,838.69,579.2
J-004994,2025-07-15,North,T-03,888.0,567.83
J-004995,2025-07-15,North,T-12,689.84,439.62
J-004996,2025-07-15,East,T-08,492.52,312.32
J-004997,2025-07-15,West,T-08,606.4,458.67
J-004998,2025-07-15,North,T-11,1477.24,872.32
J-004999,2025-07-15,South,T-04,540.15,410.64
J-005000,2025-07-15,North,T-05,1416.07,882.16
J-005001,2025-07-15,North,T-09,883.96,512.28
J-005002,2025-07-15,West,T-10,742.95,535.02
J-005003,2025-07-15,West,T-04,568.04,382.0
J-005004,2025-07-15,South,T-02,548.37,376.85
J-005005,2025-07-15,North,T-02,888.63,567.26
J-005006,2025-07-15,West,T-06,479.72,319.08
J-005007,2025-07-15,South,T-07,901.08,543.95
J-005008,2025-07-15,West,T-08,1116.28,724.97
J-005009,2025-07-15,West,T-09,2788.19,1618.55
J-005010,2025-07-15,South,T-01,659.07,429.12
J-005011,2025-07-15,East,T-02,841.87,554.8
J-005012,2025-07-15,North,T-12,880.1,593.66
J-005013,2025-07-16,East,T-06,818.31,614.04
J-005014,2025-07-16,West,T-01,262.05,176.5
J-005015,2025-07-16,East,T-04,413.35,300.13
J-005016,2025-07-16,South,T-05,721.89,531.06
J-005017,2025-07-16,West,T-01,786.6,539.99
J-005018,2025-07-16,East,T-11,995.1,603.74
J-005019,2025-07-16,North,T-11,643.24,402.26
J-005020,2025-07-16,West,T-10,798.1,476.17
J-005021,2025-07-16,North,T-11,2156.88,1366.14
J-005022,2025-07-16,South,T-11,693.31,429.21
J-005023,2025-07-16,East,T-01,666.33,365.66
J-005024,2025-07-16,East,T-05,794.88,505.03
J-005025,2025-07-16,North,T-06,1053.16,707.71
J-005026,2025-07-16,West,T-05,616.03,417.05
J-005027,2025-07-16,South,T-10,1946.78,1277.99
J-005028,2025-07-16,East,T-01,388.88,257.42
J-005029,2025-07-16,East,T-07,805.3,524.37
J-005030,2025-07-16,East,T-11,783.42,441.1
J-005031,2025-07-16,East,T-07,562.15,374.3
J-005032,2025-07-16,North,T-09,1392.29,945.67
J-005033,2025-07-16,South,T-07,2380.31,1334.47
J-005034,2025-07-16,West,T-11,1063.02,617.91
J-005035,2025-07-16,South,T-09,908.61,625.85
J-005036,2025-07-16,West,T-01,663.47,445.73
J-005037,2025-07-16,East,T-12,419.77,313.1
J-005038,2025-07-16,South,T-07,886.8,630.07
J-005039,2025-07-16,West,T-11,1061.77,675.84
J-005040,2025-07-16,North,T-11,1141.93,780.94
J-005041,2025-07-16,North,T-01,384.73,221.56
J-005042,2025-07-16,North,T-12,640.99,513.35
J-005043,2025-07-16,South,T-07,985.57,568.02
J-005044,2025-07-17,North,T-03,590.47,419.48
J-005045,2025-07-17,North,T-07,4024.98,2461.92
J-005046,2025-07-17,West,T-12,1197.67,805.35
J-005047,2025-07-17,North,T-10,609.99,444.27
J-005048,2025-07-17,North,T-06,566.29,427.71
J-005049,2025-07-17,East,T-04,783.53,554.44
J-005050,2025-07-17,South,T-04,608.04,436.74
J-005051,2025-07-17,South,T-11,1024.52,653.28
J-005052,2025-07-17,South,T-07,954.39,668.77
J-005053,2025-07-17,North,T-11,695.01,433.86
J-005054,2025-07-17,East,T-06,544.79,315.82
J-005055,2025-07-17,South,T-10,314.58,171.27
J-005056,2025-07-17,East,T-07,400.26,261.5
J-005057,2025-07-17,East,T-08,534.8,407.52
J-005058,2025-07-17,South,T-04,328.32,181.27
J-005059,2025-07-17,North,T-12,1719.04,996.02
J-005060,2025-07-17,West,T-08,474.75,309.34
J-005061,2025-07-17,South,T-10,354.01,198.36
J-005062,2025-07-17,South,T-10,916.79,619.34
J-005063,2025-07-17,South,T-06,1124.47,767.35
J-005064,2025-07-17,North,T-02,491.54,320.25
J-005065,2025-07-17,North,T-11,1201.13,750.26
J-005066,2025-07-17,South,T-08,979.58,578.1
J-005067,2025-07-17,West,T-10,3000.78,1817.87
J-005068,2025-07-17,South,T-06,467.44,276.85
J-005069,2025-07-17,East,T-06,870.08,527.3
J-005070,2025-07-18,South,T-12,677.04,447.36
J-005071,2025-07-18,North,T-11,386.88,262.57
J-005072,2025-07-18,West,T-01,1162.33,641.97
J-005073,2025-07-18,South,T-06,760.79,480.6
J-005074,2025-07-18,West,T-03,1785.42,1192.27
J-005075,2025-07-18,East,T-01,2037.98,1429.28
J-005076,2025-07-18,North,T-08,369.96,250.47
J-005077,2025-07-18,East,T-01,1270.19,688.64
J-005078,2025-07-18,South,T-12,1085.92,668.49
J-005079,2025-07-18,East,T-02,461.4,287.19
J-005080,2025-07-18,West,T-03,602.82,368.05
J-005081,2025-07-18,South,T-11,355.06,269.02
J-005082,2025-07-18,East,T-10,282.2,203.59
J-005083,2025-07-18,North,T-05,544.66,334.36
J-005084,2025-07-18,South,T-05,450.34,285.0
J-005085,2025-07-18,South,T-12,2379.75,1474.83
J-005086,2025-07-18,South,T-02,950.89,570.13
J-005087,2025-07-18,West,T-11,987.13,729.2
J-005088,2025-07-18,South,T-11,2485.1,1715.32
J-005089,2025-07-18,North,T-08,697.58,503.8
J-005090,2025-07-18,East,T-12,657.62,434.07
J-005091,2025-07-18,East,T-11,736.46,480.72
J-005092,2025-07-18,North,T-04,367.05,225.94
J-005093,2025-07-18,South,T-02,1127.78,791.03
J-005094,2025-07-18,North,T-08,647.44,362.03
J-005095,2025-07-18,East,T-03,939.93,657.5
J-005096,2025-07-18,West,T-07,774.31,484.71
J-005097,2025-07-18,West,T-11,1069.91,651.09
J-005098,2025-07-18,West,T-07,249.09,165.99
J-005099,2025-07-18,West,T-05,801.28,439.0
J-005100,2025-07-18,South,T-08,1240.11,753.97
J-005101,2025-07-18,North,T-04,815.88,511.54
J-005102,2025-07-18,North,T-05,755.61,595.55
J-005103,2025-07-19,North,T-05,746.55,403.39
J-005104,2025-07-19,South,T-01,576.6,390.28
J-005105,2025-07-19,South,T-08,351.81,246.59
J-005106,2025-07-19,West,T-10,762.68,559.82
J-005107,2025-07-19,East,T-07,732.11,475.41
J-005108,2025-07-19,South,T-06,555.6,389.32
J-005109,2025-07-19,North,T-11,1659.17,1111.83
J-005110,2025-07-19,North,T-02,327.86,204.37
J-005111,2025-07-19,South,T-08,1153.96,730.95
J-005112,2025-07-19,East,T-12,620.86,471.66
J-005113,2025-07-20,East,T-06,925.36,613.92
J-005114,2025-07-20,West,T-03,854.62,421.41
J-005115,2025-07-20,North,T-03,678.76,416.19
J-005116,2025-07-20,North,T-12,1139.68,666.12
J-005117,2025-07-20,North,T-09,926.65,540.68
J-005118,2025-07-20,West,T-10,504.04,326.83
J-005119,2025-07-21,South,T-09,392.16,244.63
J-005120,2025-07-21,West,T-10,431.84,283.94
J-005121,2025-07-21,South,T-09,385.82,219.57
J-005122,2025-07-21,South,T-04,816.05,435.5
J-005123,2025-07-21,West,T-10,467.22,314.0
J-005124,2025-07-21,East,T-10,468.54,348.35
J-005125,2025-07-21,South,T-03,556.81,359.95
J-005126,2025-07-21,East,T-01,274.86,164.5
J-005127,2025-07-21,East,T-02,1574.52,1221.64
J-005128,2025-07-21,East,T-12,983.5,571.55
J-005129,2025-07-21,South,T-01,496.54,302.88
J-005130,2025-07-21,West,T-08,478.71,335.67
J-005131,2025-07-21,East,T-01,723.97,366.38
J-005132,2025-07-21,East,T-08,1192.82,774.45
J-005133,2025-07-21,West,T-04,293.89,226.44
J-005134,2025-07-21,South,T-05,1688.35,1103.24
J-005135,2025-07-21,East,T-02,535.29,366.27
J-005136,2025-07-21,South,T-07,713.79,402.55
J-005137,2025-07-21,East,T-06,581.79,302.97
J-005138,2025-07-21,East,T-05,1041.6,684.45
J-005139,2025-07-21,South,T-12,881.96,535.14
J-005140,2025-07-21,East,T-10,867.9,558.57
J-005141,2025-07-21,North,T-09,682.93,455.97
J-005142,2025-07-21,East,T-02,308.82,218.13
J-005143,2025-07-21,North,T-09,1535.69,879.96
J-005144,2025-07-21,North,T-04,1085.7,682.98
J-005145,2025-07-21,North,T-05,395.25,221.04
J-005146,2025-07-21,South,T-06,1510.13,830.39
J-005147,2025-07-21,East,T-12,845.51,559.27
J-005148,2025-07-22,East,T-03,1282.47,893.6
J-005149,2025-07-22,South,T-11,710.43,442.16
J-005150,2025-07-22,East,T-06,374.33,193.95
J-005151,2025-07-22,North,T-12,1161.28,879.58
J-005152,2025-07-22,South,T-11,1559.5,1135.14
J-005153,2025-07-22,North,T-02,358.16,229.04
J-005154,2025-07-22,East,T-07,667.17,489.72
J-005155,2025-07-22,West,T-08,1013.96,668.19
J-005156,2025-07-22,North,T-11,290.45,194.35
J-005157,2025-07-22,East,T-10,449.98,237.33
J-005158,2025-07-22,North,T-05,475.92,277.06
J-005159,2025-07-22,East,T-08,860.14,533.46
J-005160,2025-07-22,East,T-01,1146.96,736.82
J-005161,2025-07-22,East,T-11,577.82,338.96
J-005162,2025-07-22,West,T-06,1227.46,819.64
J-005163,2025-07-22,South,T-05,788.3,520.57
J-005164,2025-07-22,East,T-08,536.46,424.17
J-005165,2025-07-22,East,T-05,739.54,533.92
J-005166,2025-07-22,South,T-12,608.3,388.72
J-005167,2025-07-22,North,T-05,607.95,385.5
J-005168,2025-07-22,West,T-01,330.44,203.01
J-005169,2025-07-22,West,T-05,406.37,267.81
J-005170,2025-07-22,West,T-02,1192.83,860.32
J-005171,2025-07-22,South,T-08,770.71,472.33
J-005172,2025-07-22,East,T-02,1669.05,1182.35
J-005173,2025-07-22,North,T-06,458.33,304.91
J-005174,2025-07-22,South,T-12,568.16,415.6
J-005175,2025-07-22,North,T-02,2281.0,1542.32
J-005176,2025-07-22,West,T-08,1177.83,780.68
J-005177,2025-07-22,South,T-06,375.24,199.53
J-005178,2025-07-22,North,T-05,828.77,615.41
J-005179,2025-07-22,North,T-11,687.04,488.51
J-005180,2025-07-22,South,T-11,611.07,396.23
J-005181,2025-07-22,East,T-12,782.36,534.53
J-005182,2025-07-22,East,T-10,665.38,346.12
J-005183,2025-07-22,East,T-04,565.76,341.12
J-005184,2025-07-22,East,T-03,779.48,534.85
J-005185,2025-07-22,West,T-01,653.04,468.68
J-005186,2025-07-22,South,T-11,707.26,456.98
J-005187,2025-07-22,South,T-03,341.39,166.27
J-005188,2025-07-22,East,T-04,501.25,255.14
J-005189,2025-07-23,East,T-06,810.18,533.6
J-005190,2025-07-23,West,T-07,791.41,408.68
J-005191,2025-07-23,East,T-11,542.52,322.84
J-005192,2025-07-23,East,T-08,1124.75,619.95
J-005193,2025-07-23,South,T-08,970.55,567.34
J-005194,2025-07-23,East,T-05,683.82,465.31
J-005195,2025-07-23,South,T-09,581.82,331.43
J-005196,2025-07-23,North,T-02,413.92,279.37
J-005197,2025-07-23,North,T-07,488.85,291.52
J-005198,2025-07-23,East,T-05,1852.58,1135.75
J-005199,2025-07-23,South,T-09,387.11,238.74
J-005200,2025-07-23,East,T-06,364.21,199.47
J-005201,2025-07-23,North,T-10,644.51,403.86
J-005202,2025-07-23,West,T-08,664.27,369.11
J-005203,2025-07-23,North,T-09,479.09,275.44
J-005204,2025-07-23,South,T-05,543.76,342.36
J-005205,2025-07-23,North,T-05,830.12,515.02
J-005206,2025-07-23,South,T-11,579.45,420.19
J-005207,2025-07-23,West,T-10,674.49,426.06
J-005208,2025-07-23,East,T-12,713.48,522.16
J-005209,2025-07-23,South,T-04,1152.81,644.98
J-005210,2025-07-23,South,T-11,999.71,608.67
J-005211,2025-07-23,East,T-10,1365.14,929.87
J-005212,2025-07-23,South,T-01,524.31,365.41
J-005213,2025-07-23,East,T-03,466.79,281.64
J-005214,2025-07-24,South,T-05,1053.25,578.68
J-005215,2025-07-24,North,T-03,477.22,299.4
J-005216,2025-07-24,West,T-04,589.06,361.29
J-005217,2025-07-24,South,T-08,1315.51,843.9
J-005218,2025-07-24,South,T-06,554.53,333.57
J-005219,2025-07-24,East,T-10,466.52,235.7
J-005220,2025-07-24,North,T-07,507.35,352.45
J-005221,2025-07-24,West,T-05,1495.5,1051.76
J-005222,2025-07-24,North,T-11,875.05,587.93
J-005223,2025-07-24,East,T-01,302.99,232.34
J-005224,2025-07-24,West,T-01,742.47,502.86
J-005225,2025-07-24,North,T-04,239.59,148.29
J-005226,2025-07-24,North,T-04,999.73,532.45
J-005227,2025-07-24,South,T-09,483.58,313.97
J-005228,2025-07-24,North,T-02,589.29,406.51
J-005229,2025-07-24,South,T-09,891.52,569.27
J-005230,2025-07-24,West,T-06,386.18,255.2
J-005231,2025-07-24,North,T-04,552.44,375.6
J-005232,2025-07-24,East,T-10,595.17,410.21
J-005233,2025-07-24,North,T-03,755.01,480.7
J-005234,2025-07-24,West,T-07,309.9,200.37
J-005235,2025-07-24,West,T-11,1162.48,737.57
J-005236,2025-07-24,North,T-09,405.92,241.58
J-005237,2025-07-24,West,T-05,1308.77,984.68
J-005238,2025-07-24,North,T-08,704.16,428.87
J-005239,2025-07-24,West,T-08,641.17,426.03
J-005240,2025-07-24,East,T-07,389.17,239.45
J-005241,2025-07-25,North,T-12,555.47,336.41
J-005242,2025-07-25,East,T-04,722.95,461.72
J-005243,2025-07-25,East,T-02,250.54,155.56
J-005244,2025-07-25,North,T-05,441.45,276.16
J-005245,2025-07-25,North,T-05,1003.85,686.01
J-005246,2025-07-25,South,T-07,780.7,519.54
J-005247,2025-07-25,South,T-01,670.5,476.14
J-005248,2025-07-25,South,T-05,233.73,151.71
J-005249,2025-07-25,West,T-01,189.5,123.42
J-005250,2025-07-25,South,T-01,373.97,256.68
J-005251,2025-07-25,West,T-11,913.8,577.93
J-005252,2025-07-25,North,T-06,614.05,403.46
J-005253,2025-07-25,South,T-04,636.18,364.2
J-005254,2025-07-25,West,T-07,1295.28,884.55
J-005255,2025-07-25,South,T-06,494.81,299.32
J-005256,2025-07-25,South,T-05,1435.81,825.83
J-005257,2025-07-25,South,T-04,561.68,333.63
J-005258,2025-07-25,West,T-12,941.12,558.87
J-005259,2025-07-25,South,T-03,405.58,240.17
J-005260,2025-07-25,South,T-11,1151.09,696.77
J-005261,2025-07-25,South,T-04,437.9,307.52
J-005262,2025-07-25,North,T-12,1160.22,711.5
J-005263,2025-07-25,North,T-05,536.59,360.99
J-005264,2025-07-25,North,T-07,695.88,379.3
J-005265,2025-07-25,East,T-04,940.96,610.01
J-005266,2025-07-25,South,T-05,540.47,309.67
J-005267,2025-07-25,South,T-08,1817.18,1193.04
J-005268,2025-07-25,West,T-12,305.77,180.46
J-005269,2025-07-25,South,T-10,549.26,319.95
J-005270,2025-07-25,North,T-11,652.92,393.3
J-005271,2025-07-25,South,T-11,2048.85,1461.19
J-005272,2025-07-25,East,T-06,630.52,379.14
J-005273,2025-07-25,North,T-01,1155.16,761.93
J-005274,2025-07-25,East,T-06,927.39,633.6
J-005275,2025-07-25,East,T-01,725.59,466.56
J-005276,2025-07-25,West,T-02,972.7,659.3
J-005277,2025-07-26,South,T-07,663.53,421.18
J-005278,2025-07-26,North,T-10,892.54,533.05
J-005279,2025-07-26,West,T-09,662.77,456.76
J-005280,2025-07-26,South,T-06,535.88,356.11
J-005281,2025-07-26,East,T-12,313.07,232.33
J-005282,2025-07-26,North,T-08,1017.43,687.1
J-005283,2025-07-26,North,T-03,643.56,449.11
J-005284,2025-07-26,East,T-01,557.48,378.74
J-005285,2025-07-26,West,T-11,607.52,384.92
J-005286,2025-07-26,West,T-05,407.01,266.86
J-005287,2025-07-26,West,T-07,870.68,589.08
J-005288,2025-07-26,West,T-03,820.26,514.55
J-005289,2025-07-27,West,T-12,822.85,590.01
J-005290,2025-07-27,North,T-09,1880.76,1209.75
J-005291,2025-07-27,East,T-11,427.02,296.2
J-005292,2025-07-27,East,T-11,911.57,598.75
J-005293,2025-07-27,South,T-07,1020.56,684.93
J-005294,2025-07-27,West,T-03,1185.62,719.37
J-005295,2025-07-27,East,T-12,280.83,189.56
J-005296,2025-07-27,North,T-07,726.92,455.62
J-005297,2025-07-27,South,T-12,763.7,452.83
J-005298,2025-07-27,East,T-06,912.9,597.36
J-005299,2025-07-27,East,T-02,692.72,434.17
J-005300,2025-07-27,West,T-08,934.13,558.32
J-005301,2025-07-27,North,T-01,1142.24,805.36
J-005302,2025-07-27,North,T-10,1262.77,931.23
J-005303,2025-07-28,North,T-05,502.94,276.75
J-005304,2025-07-28,North,T-09,279.27,160.34
J-005305,2025-07-28,South,T-03,779.13,447.94
J-005306,2025-07-28,North,T-02,685.84,362.0
J-005307,2025-07-28,East,T-09,655.09,405.23
J-005308,2025-07-28,East,T-09,1988.96,1235.54
J-005309,2025-07-28,North,T-05,604.74,394.08
J-005310,2025-07-28,West,T-02,2055.03,1103.99
J-005311,2025-07-28,West,T-03,1469.48,894.44
J-005312,2025-07-28,West,T-09,1262.1,952.63
J-005313,2025-07-28,North,T-02,284.06,169.86
J-005314,2025-07-28,West,T-03,871.74,426.4
J-005315,2025-07-28,East,T-05,1059.51,680.37
J-005316,2025-07-28,North,T-12,250.59,170.8
J-005317,2025-07-28,West,T-08,317.72,203.91
J-005318,2025-07-28,North,T-02,909.34,571.03
J-005319,2025-07-28,East,T-07,693.09,414.18
J-005320,2025-07-28,West,T-09,1140.72,784.18
J-005321,2025-07-28,West,T-07,934.68,624.3
J-005322,2025-07-28,East,T-11,955.22,690.25
J-005323,2025-07-28,South,T-01,1543.99,1096.0
J-005324,2025-07-28,East,T-04,826.59,497.25
J-005325,2025-07-28,South,T-09,325.25,174.17
J-005326,2025-07-28,West,T-08,752.9,480.47
J-005327,2025-07-28,North,T-08,583.22,376.45
J-005328,2025-07-28,East,T-07,864.23,562.87
J-005329,2025-07-28,West,T-10,967.4,609.24
J-005330,2025-07-28,East,T-12,424.15,223.77
J-005331,2025-07-29,West,T-04,496.42,285.62
J-005332,2025-07-29,North,T-10,361.52,273.34
J-005333,2025-07-29,South,T-06,651.16,342.93
J-005334,2025-07-29,North,T-05,1024.26,654.46
J-005335,2025-07-29,South,T-09,548.53,298.25
J-005336,2025-07-29,North,T-01,273.82,157.9
J-005337,2025-07-29,South,T-07,1479.98,1010.01
J-005338,2025-07-29,West,T-07,245.27,148.66
J-005339,2025-07-29,East,T-04,738.62,448.81
J-005340,2025-07-29,East,T-02,676.83,468.13
J-005341,2025-07-29,North,T-10,1220.23,818.38
J-005342,2025-07-29,East,T-04,1623.88,973.82
J-005343,2025-07-29,West,T-11,633.94,397.14
J-005344,2025-07-29,North,T-07,653.7,434.26
J-005345,2025-07-29,South,T-04,624.11,412.86
J-005346,2025-07-29,South,T-09,691.25,408.56
J-005347,2025-07-29,South,T-04,396.74,296.54
J-005348,2025-07-29,North,T-02,957.94,491.66
J-005349,2025-07-29,South,T-12,792.77,475.24
J-005350,2025-07-29,South,T-01,624.6,354.06
J-005351,2025-07-29,East,T-01,879.67,549.85
J-005352,2025-07-29,West,T-11,1323.15,858.82
J-005353,2025-07-29,West,T-05,266.47,177.88
J-005354,2025-07-29,South,T-08,1213.6,841.44
J-005355,2025-07-29,South,T-07,972.47,657.05
J-005356,2025-07-29,North,T-03,306.99,190.25
J-005357,2025-07-29,South,T-03,1012.92,664.64
J-005358,2025-07-29,West,T-10,598.89,349.7
J-005359,2025-07-29,South,T-12,929.36,619.68
J-005360,2025-07-29,North,T-11,740.73,412.94
J-005361,2025-07-29,East,T-04,691.57,453.49
J-005362,2025-07-30,East,T-04,566.45,395.11
J-005363,2025-07-30,East,T-01,729.52,477.63
J-005364,2025-07-30,North,T-04,347.11,208.49
J-005365,2025-07-30,North,T-10,1442.99,996.5
J-005366,2025-07-30,South,T-06,423.16,262.92
J-005367,2025-07-30,North,T-01,581.47,398.13
J-005368,2025-07-30,South,T-04,672.05,381.72
J-005369,2025-07-30,East,T-08,1290.8,778.36
J-005370,2025-07-30,East,T-03,838.39,575.2
J-005371,2025-07-30,South,T-01,429.49,252.33
J-005372,2025-07-30,South,T-06,237.64,153.92
J-005373,2025-07-30,North,T-07,1061.59,724.55
J-005374,2025-07-30,West,T-02,1523.59,1005.3
J-005375,2025-07-30,North,T-02,377.96,202.12
J-005376,2025-07-30,West,T-12,582.12,390.98
J-005377,2025-07-30,South,T-03,1165.96,761.84
J-005378,2025-07-30,East,T-10,975.91,518.3
J-005379,2025-07-30,East,T-11,196.09,137.67
J-005380,2025-07-30,South,T-06,877.6,559.71
J-005381,2025-07-30,North,T-02,651.23,444.69
J-005382,2025-07-30,West,T-09,138.11,84.94
J-005383,2025-07-30,East,T-08,563.02,329.03
J-005384,2025-07-30,North,T-05,851.91,577.86
J-005385,2025-07-30,South,T-06,867.54,604.64
J-005386,2025-07-30,West,T-11,867.21,586.25
J-005387,2025-07-31,West,T-04,288.85,181.68
J-005388,2025-07-31,South,T-12,977.94,609.78
J-005389,2025-07-31,North,T-08,916.51,579.24
J-005390,2025-07-31,North,T-11,1121.53,733.43
J-005391,2025-07-31,South,T-01,766.97,468.81
J-005392,2025-07-31,South,T-09,677.84,452.65
J-005393,2025-07-31,East,T-04,543.28,354.64
J-005394,2025-07-31,South,T-08,768.43,434.69
J-005395,2025-07-31,East,T-10,659.62,442.36
J-005396,2025-07-31,South,T-11,604.14,441.45
J-005397,2025-07-31,West,T-05,626.92,362.64
J-005398,2025-07-31,South,T-04,780.6,526.07
J-005399,2025-07-31,West,T-11,565.08,344.32
J-005400,2025-07-31,South,T-07,356.47,193.09
J-005401,2025-07-31,North,T-10,1087.99,658.71
J-005402,2025-07-31,South,T-01,1184.26,704.08
J-005403,2025-07-31,South,T-09,711.67,476.07
J-005404,2025-07-31,North,T-10,912.63,506.3
J-005405,2025-07-31,West,T-09,524.66,320.98
J-005406,2025-07-31,West,T-07,249.52,156.15
J-005407,2025-07-31,West,T-09,871.54,599.92
J-005408,2025-07-31,East,T-09,811.41,450.71
J-005409,2025-07-31,North,T-06,1149.12,724.27
J-005410,2025-07-31,South,T-03,1021.58,776.56
J-005411,2025-07-31,East,T-11,616.84,354.34
J-005412,2025-07-31,South,T-01,863.64,568.42
J-005413,2025-07-31,West,T-08,1137.23,800.54
J-005414,2025-08-01,East,T-03,194.91,120.69
J-005415,2025-08-01,North,T-07,838.56,519.78
J-005416,2025-08-01,East,T-03,829.41,525.02
J-005417,2025-08-01,West,T-08,983.55,604.93
J-005418,2025-08-01,South,T-08,752.59,431.03
J-005419,2025-08-01,East,T-11,1275.01,906.38
J-005420,2025-08-01,East,T-12,1614.97,1066.59
J-005421,2025-08-01,North,T-08,272.41,174.52
J-005422,2025-08-01,West,T-02,264.54,164.75
J-005423,2025-08-01,South,T-04,407.13,264.61
J-005424,2025-08-01,North,T-03,1601.02,988.36
J-005425,2025-08-01,East,T-04,757.2,514.11
J-005426,2025-08-01,East,T-11,211.97,140.98
J-005427,2025-08-01,East,T-10,604.55,304.79
J-005428,2025-08-01,West,T-04,1573.52,1042.48
J-005429,2025-08-01,North,T-06,243.66,164.58
J-005430,2025-08-01,East,T-11,919.59,569.32
J-005431,2025-08-01,South,T-01,1117.04,605.06
J-005432,2025-08-01,North,T-09,1083.76,611.52
J-005433,2025-08-01,South,T-11,754.44,431.13
J-005434,2025-08-01,South,T-11,649.94,459.89
J-005435,2025-08-01,East,T-01,535.2,306.22
J-005436,2025-08-02,West,T-03,555.84,384.1
J-005437,2025-08-02,East,T-01,687.27,391.94
J-005438,2025-08-02,North,T-11,921.64,688.17
J-005439,2025-08-02,North,T-01,250.19,157.09
J-005440,2025-08-02,West,T-08,628.53,458.36
J-005441,2025-08-02,South,T-05,645.29,382.87
J-005442,2025-08-02,North,T-07,768.78,443.15
J-005443,2025-08-02,West,T-03,632.81,381.29
J-005444,2025-08-02,North,T-07,607.4,367.2
J-005445,2025-08-02,South,T-05,637.21,443.16
J-005446,2025-08-02,North,T-07,793.41,572.73
J-005447,2025-08-03,North,T-08,774.48,525.34
J-005448,2025-08-03,South,T-01,532.52,291.27
J-005449,2025-08-03,North,T-09,808.7,503.61
J-005450,2025-08-03,South,T-10,280.45,167.76
J-005451,2025-08-03,South,T-09,805.22,479.0
J-005452,2025-08-03,South,T-12,428.21,253.29
J-005453,2025-08-04,North,T-05,1109.89,576.3
J-005454,2025-08-04,North,T-09,516.89,364.73
J-005455,2025-08-04,North,T-12,603.46,341.06
J-005456,2025-08-04,North,T-08,486.37,284.29
J-005457,2025-08-04,South,T-05,828.72,521.96
J-005458,2025-08-04,North,T-03,552.89,320.7
J-005459,2025-08-04,North,T-03,938.15,587.45
J-005460,2025-08-04,East,T-06,837.53,466.51
J-005461,2025-08-04,North,T-10,457.62,311.46
J-005462,2025-08-04,North,T-02,618.62,340.98
J-005463,2025-08-04,North,T-09,946.96,563.59
J-005464,2025-08-04,South,T-12,699.22,512.81
J-005465,2025-08-04,South,T-01,638.44,386.29
J-005466,2025-08-04,East,T-05,1269.23,785.39
J-005467,2025-08-04,West,T-02,1164.82,669.93
J-005468,2025-08-04,South,T-06,656.59,394.21
J-005469,2025-08-04,North,T-05,633.57,462.8
J-005470,2025-08-04,East,T-07,1504.71,1089.03
J-005471,2025-08-04,North,T-02,2724.81,1703.43
J-005472,2025-08-04,North,T-12,1067.97,667.59
J-005473,2025-08-04,East,T-08,2246.57,1566.11
J-005474,2025-08-04,West,T-07,747.11,432.96
J-005475,2025-08-05,South,T-09,1046.32,658.37
J-005476,2025-08-05,West,T-08,732.83,493.88
J-005477,2025-08-05,North,T-06,593.48,341.44
J-005478,2025-08-05,South,T-01,296.46,199.99
J-005479,2025-08-05,West,T-04,677.31,323.87
J-005480,2025-08-05,North,T-10,501.34,364.53
J-005481,2025-08-05,West,T-12,452.1,311.85
J-005482,2025-08-05,South,T-10,1878.63,1244.97
J-005483,2025-08-05,North,T-12,870.81,565.77
J-005484,2025-08-05,West,T-09,293.05,186.93
J-005485,2025-08-05,South,T-05,548.65,383.43
J-005486,2025-08-05,East,T-02,1178.77,850.93
J-005487,2025-08-05,East,T-08,454.43,271.1
J-005488,2025-08-05,North,T-12,425.44,243.66
J-005489,2025-08-05,South,T-10,633.32,425.46
J-005490,2025-08-05,West,T-04,280.13,162.83
J-005491,2025-08-05,West,T-08,758.64,449.43
J-005492,2025-08-05,North,T-05,481.69,337.11
J-005493,2025-08-05,North,T-04,506.17,351.16
J-005494,2025-08-05,East,T-11,476.06,284.27
J-005495,2025-08-05,South,T-03,521.38,363.59
J-005496,2025-08-05,South,T-01,599.94,373.06
J-005497,2025-08-05,South,T-01,1082.82,660.54
J-005498,2025-08-05,West,T-09,1110.81,789.47
J-005499,2025-08-05,East,T-09,302.99,207.62
J-005500,2025-08-05,South,T-11,1829.86,1026.08
J-005501,2025-08-05,North,T-06,408.29,287.24
J-005502,2025-08-05,South,T-08,873.01,537.56
J-005503,2025-08-05,North,T-07,600.04,365.64
J-005504,2025-08-05,East,T-02,321.76,206.67
J-005505,2025-08-05,West,T-08,460.1,306.56
J-005506,2025-08-06,North,T-12,1333.59,796.01
J-005507,2025-08-06,South,T-03,463.71,303.44
J-005508,2025-08-06,North,T-09,1311.38,893.5
J-005509,2025-08-06,North,T-04,345.85,232.14
J-005510,2025-08-06,East,T-01,316.84,242.41
J-005511,2025-08-06,North,T-05,740.75,422.17
J-005512,2025-08-06,East,T-09,874.46,523.98
J-005513,2025-08-06,South,T-04,499.74,369.73
J-005514,2025-08-06,North,T-12,379.12,248.96
J-005515,2025-08-06,West,T-02,551.66,315.49
J-005516,2025-08-06,West,T-02,595.05,469.97
J-005517,2025-08-06,North,T-02,382.32,209.46
J-005518,2025-08-06,South,T-11,1323.23,869.24
J-005519,2025-08-06,East,T-05,408.45,244.86
J-005520,2025-08-06,North,T-03,733.99,410.91
J-005521,2025-08-06,North,T-04,818.2,595.4
J-005522,2025-08-06,West,T-02,1434.53,902.34
J-005523,2025-08-06,North,T-02,500.52,323.06
J-005524,2025-08-06,North,T-10,1016.38,620.31
J-005525,2025-08-06,West,T-02,812.81,479.97
J-005526,2025-08-06,East,T-03,644.35,407.4
J-005527,2025-08-06,North,T-07,946.21,596.44
J-005528,2025-08-06,North,T-05,911.03,590.51
J-005529,2025-08-06,North,T-01,459.39,311.04
J-005530,2025-08-06,West,T-03,1055.49,655.7
J-005531,2025-08-06,West,T-02,728.73,478.09
J-005532,2025-08-06,East,T-08,429.98,266.97
J-005533,2025-08-06,North,T-08,734.89,482.93
J-005534,2025-08-06,North,T-06,1680.32,1039.78
J-005535,2025-08-06,North,T-12,482.72,311.41
J-005536,2025-08-06,East,T-04,328.23,230.16
J-005537,2025-08-06,West,T-10,1513.28,989.05
J-005538,2025-08-06,North,T-08,322.6,176.85
J-005539,2025-08-06,South,T-12,890.34,674.43
J-005540,2025-08-07,East,T-12,639.79,398.62
J-005541,2025-08-07,North,T-09,807.52,457.97
J-005542,2025-08-07,North,T-06,874.69,593.99
J-005543,2025-08-07,North,T-11,794.16,557.96
J-005544,2025-08-07,North,T-11,1334.11,744.04
J-005545,2025-08-07,West,T-07,1195.5,749.97
J-005546,2025-08-07,South,T-07,721.02,508.44
J-005547,2025-08-07,North,T-07,683.91,482.53
J-005548,2025-08-07,North,T-11,450.35,311.44
J-005549,2025-08-07,South,T-10,1621.93,1059.46
J-005550,2025-08-07,South,T-10,681.72,420.12
J-005551,2025-08-07,North,T-04,847.12,497.0
J-005552,2025-08-07,North,T-06,587.55,357.87
J-005553,2025-08-07,West,T-05,778.7,516.73
J-005554,2025-08-07,North,T-08,408.27,305.52
J-005555,2025-08-07,North,T-08,1523.11,1069.33
J-005556,2025-08-07,East,T-08,367.8,249.44
J-005557,2025-08-07,West,T-01,551.24,270.25
J-005558,2025-08-07,South,T-09,473.38,327.11
J-005559,2025-08-07,South,T-05,426.34,277.61
J-005560,2025-08-07,North,T-05,1416.15,797.69
J-005561,2025-08-07,West,T-10,314.96,170.35
J-005562,2025-08-07,East,T-01,335.96,222.67
J-005563,2025-08-07,East,T-09,1150.01,796.4
J-005564,2025-08-07,West,T-02,871.77,533.1
J-005565,2025-08-07,East,T-12,363.68,219.06
J-005566,2025-08-07,South,T-05,1209.32,821.92
J-005567,2025-08-08,East,T-07,654.9,362.25
J-005568,2025-08-08,North,T-09,906.39,631.48
J-005569,2025-08-08,North,T-11,1228.35,791.47
J-005570,2025-08-08,North,T-02,473.27,321.58
J-005571,2025-08-08,West,T-08,647.31,441.22
J-005572,2025-08-08,North,T-06,346.64,228.23
J-005573,2025-08-08,West,T-03,1028.4,573.37
J-005574,2025-08-08,North,T-01,559.27,354.89
J-005575,2025-08-08,West,T-04,1073.31,706.18
J-005576,2025-08-08,North,T-07,766.95,437.03
J-005577,2025-08-08,East,T-09,414.05,248.63
J-005578,2025-08-08,East,T-04,1157.86,756.78
J-005579,2025-08-08,East,T-12,718.14,464.07
J-005580,2025-08-08,South,T-10,404.28,261.32
J-005581,2025-08-08,West,T-01,906.78,520.34
J-005582,2025-08-08,West,T-11,1570.74,850.79
J-005583,2025-08-08,North,T-09,789.67,534.71
J-005584,2025-08-08,South,T-08,456.6,281.28
J-005585,2025-08-08,East,T-11,519.51,272.2
J-005586,2025-08-08,South,T-11,1165.82,656.18
J-005587,2025-08-08,East,T-07,1241.21,816.21
J-005588,2025-08-08,North,T-06,854.94,640.57
J-005589,2025-08-08,North,T-12,410.11,278.19
J-005590,2025-08-08,South,T-11,818.26,483.36
J-005591,2025-08-08,West,T-07,862.66,523.7
J-005592,2025-08-08,South,T-02,414.61,312.76
J-005593,2025-08-08,North,T-03,670.98,503.96
J-005594,2025-08-08,North,T-11,942.31,602.67
J-005595,2025-08-09,East,T-09,235.67,146.32
J-005596,2025-08-09,East,T-07,2333.26,1532.62
J-005597,2025-08-09,North,T-04,1217.52,818.7
J-005598,2025-08-09,South,T-07,1103.03,682.73
J-005599,2025-08-09,South,T-10,624.49,423.09
J-005600,2025-08-09,South,T-08,1477.53,925.71
J-005601,2025-08-09,East,T-03,737.99,469.81
J-005602,2025-08-10,North,T-11,252.6,175.01
J-005603,2025-08-10,East,T-01,864.63,581.45
J-005604,2025-08-10,East,T-09,666.78,437.43
J-005605,2025-08-10,South,T-10,521.87,345.5
J-005606,2025-08-10,South,T-09,308.74,170.22
J-005607,2025-08-10,East,T-04,468.1,324.71
J-005608,2025-08-11,West,T-05,668.46,447.08
J-005609,2025-08-11,South,T-03,254.35,165.4
J-005610,2025-08-11,South,T-12,568.4,390.23
J-005611,2025-08-11,South,T-06,1317.24,838.66
J-005612,2025-08-11,West,T-04,710.75,476.98
J-005613,2025-08-11,East,T-11,581.77,402.63
J-005614,2025-08-11,North,T-08,1763.85,1015.63
J-005615,2025-08-11,East,T-04,1133.11,709.88
J-005616,2025-08-11,South,T-10,744.76,450.08
J-005617,2025-08-11,East,T-06,569.34,353.33
J-005618,2025-08-11,East,T-12,714.02,434.38
J-005619,2025-08-11,East,T-10,570.82,352.27
J-005620,2025-08-11,East,T-04,949.55,686.49
J-005621,2025-08-11,South,T-09,664.04,493.86
J-005622,2025-08-11,East,T-10,554.72,377.89
J-005623,2025-08-11,West,T-09,272.07,168.32
J-005624,2025-08-11,North,T-10,429.95,287.5
J-005625,2025-08-11,South,T-11,364.34,222.41
J-005626,2025-08-11,South,T-03,433.06,248.64
J-005627,2025-08-11,South,T-12,676.69,436.79
J-005628,2025-08-11,West,T-10,1603.01,1050.39
J-005629,2025-08-11,North,T-05,689.93,399.09
J-005630,2025-08-11,North,T-11,758.23,540.95
J-005631,2025-08-11,South,T-02,583.01,345.5
J-005632,2025-08-11,South,T-05,385.69,267.67
J-005633,2025-08-11,South,T-08,561.62,349.41
J-005634,2025-08-11,East,T-03,738.66,439.81
J-005635,2025-08-11,East,T-10,616.8,405.93
J-005636,2025-08-11,East,T-05,695.92,443.88
J-005637,2025-08-11,South,T-08,1182.77,722.75
J-005638,2025-08-11,South,T-03,610.64,350.52
J-005639,2025-08-11,East,T-01,2282.86,1495.21
J-005640,2025-08-11,East,T-06,1111.78,698.26
J-005641,2025-08-12,North,T-10,1038.4,667.15
J-005642,2025-08-12,South,T-01,698.0,444.89
J-005643,2025-08-12,North,T-10,1623.08,921.4
J-005644,2025-08-12,South,T-07,1282.96,795.43
J-005645,2025-08-12,South,T-05,628.08,336.76
J-005646,2025-08-12,West,T-06,709.13,409.06
J-005647,2025-08-12,West,T-09,613.77,370.96
J-005648,2025-08-12,North,T-07,324.13,209.88
J-005649,2025-08-12,West,T-07,196.74,119.74
J-005650,2025-08-12,West,T-04,878.3,584.91
J-005651,2025-08-12,South,T-05,675.84,465.99
J-005652,2025-08-12,South,T-07,1208.59,711.31
J-005653,2025-08-12,North,T-05,396.43,249.89
J-005654,2025-08-12,South,T-11,520.57,346.58
J-005655,2025-08-12,South,T-08,523.69,300.46
J-005656,2025-08-12,South,T-02,893.16,592.0
J-005657,2025-08-12,East,T-08,1162.55,702.58
J-005658,2025-08-12,South,T-09,1149.58,723.28
J-005659,2025-08-12,West,T-06,733.64,480.14
J-005660,2025-08-12,East,T-06,1299.36,786.97
J-005661,2025-08-12,East,T-06,1214.23,821.06
J-005662,2025-08-12,North,T-01,178.32,112.88
J-005663,2025-08-12,South,T-03,603.86,365.09
J-005664,2025-08-12,West,T-03,661.76,497.3
J-005665,2025-08-12,North,T-06,758.02,465.42
J-005666,2025-08-12,North,T-04,1970.67,1211.56
J-005667,2025-08-12,East,T-10,721.33,497.86
J-005668,2025-08-12,South,T-08,398.43,261.14
J-005669,2025-08-12,North,T-02,648.75,457.85
J-005670,2025-08-12,North,T-06,263.2,176.29
J-005671,2025-08-12,East,T-11,419.94,321.61
J-005672,2025-08-12,South,T-02,311.58,213.8
J-005673,2025-08-12,North,T-03,1426.82,810.59
J-005674,2025-08-12,South,T-01,633.07,390.63
J-005675,2025-08-13,South,T-05,742.05,488.38
J-005676,2025-08-13,North,T-06,372.95,198.15
J-005677,2025-08-13,South,T-11,424.25,261.86
J-005678,2025-08-13,South,T-06,327.98,198.7
J-005679,2025-08-13,South,T-04,678.66,454.89
J-005680,2025-08-13,South,T-09,524.54,364.12
J-005681,2025-08-13,West,T-03,236.94,156.14
J-005682,2025-08-13,North,T-12,1238.55,729.45
J-005683,2025-08-13,North,T-11,1626.98,1044.85
J-005684,2025-08-13,East,T-07,1534.93,1019.45
J-005685,2025-08-13,North,T-11,781.89,469.74
J-005686,2025-08-13,South,T-01,245.04,149.84
J-005687,2025-08-13,South,T-03,766.62,579.95
J-005688,2025-08-13,West,T-09,430.58,282.35
J-005689,2025-08-13,North,T-02,1531.99,1068.72
J-005690,2025-08-13,North,T-01,1178.09,690.65
J-005691,2025-08-13,East,T-10,590.45,326.59
J-005692,2025-08-13,South,T-05,554.9,407.17
J-005693,2025-08-13,North,T-05,373.79,235.94
J-005694,2025-08-13,East,T-06,727.0,442.23
J-005695,2025-08-13,South,T-03,781.57,468.9
J-005696,2025-08-13,South,T-03,372.14,255.23
J-005697,2025-08-13,South,T-04,1157.92,764.11
J-005698,2025-08-13,East,T-12,1153.55,580.37
J-005699,2025-08-13,North,T-03,981.57,561.17
J-005700,2025-08-14,West,T-10,328.63,212.04
J-005701,2025-08-14,North,T-01,837.27,569.5
J-005702,2025-08-14,West,T-01,785.66,447.39
J-005703,2025-08-14,East,T-09,456.62,320.5
J-005704,2025-08-14,West,T-09,1601.73,993.39
J-005705,2025-08-14,South,T-02,569.8,309.9
J-005706,2025-08-14,South,T-06,338.5,194.81
J-005707,2025-08-14,East,T-08,553.34,383.54
J-005708,2025-08-14,West,T-05,1105.34,755.75
J-005709,2025-08-14,South,T-04,771.41,460.61
J-005710,2025-08-14,East,T-09,723.59,453.65
J-005711,2025-08-14,West,T-07,1052.8,629.48
J-005712,2025-08-14,North,T-10,318.59,222.84
J-005713,2025-08-14,South,T-01,601.37,327.19
J-005714,2025-08-14,North,T-06,1146.33,812.84
J-005715,2025-08-14,North,T-09,402.05,265.51
J-005716,2025-08-14,East,T-01,509.09,291.26
J-005717,2025-08-14,East,T-08,536.26,344.21
J-005718,2025-08-14,North,T-06,422.36,299.92
J-005719,2025-08-14,North,T-07,1217.98,654.16
J-005720,2025-08-14,South,T-03,963.64,641.09
J-005721,2025-08-14,South,T-08,470.92,339.38
J-005722,2025-08-14,South,T-04,705.56,439.63
J-005723,2025-08-14,East,T-05,774.15,487.56
J-005724,2025-08-14,North,T-01,847.34,511.48
J-005725,2025-08-14,North,T-02,768.16,503.76
J-005726,2025-08-14,South,T-10,787.55,495.12
J-005727,2025-08-14,South,T-11,471.16,322.63
J-005728,2025-08-14,East,T-07,1259.92,782.8
J-005729,2025-08-14,South,T-10,776.56,467.12
J-005730,2025-08-14,North,T-05,547.2,386.44
J-005731,2025-08-14,North,T-06,670.23,411.69
J-005732,2025-08-14,South,T-07,993.6,671.34
J-005733,2025-08-14,West,T-10,1697.57,1010.54
J-005734,2025-08-15,West,T-10,232.15,169.36
J-005735,2025-08-15,East,T-01,333.15,194.26
J-005736,2025-08-15,South,T-03,350.25,234.71
J-005737,2025-08-15,North,T-09,536.15,359.52
J-005738,2025-08-15,South,T-05,495.32,316.12
J-005739,2025-08-15,North,T-04,737.74,437.7
J-005740,2025-08-15,West,T-05,787.43,504.09
J-005741,2025-08-15,South,T-08,644.58,390.11
J-005742,2025-08-15,East,T-02,903.86,562.99
J-005743,2025-08-15,West,T-01,759.08,558.75
J-005744,2025-08-15,South,T-11,481.02,331.01
J-005745,2025-08-15,North,T-07,317.14,199.26
J-005746,2025-08-15,North,T-10,640.98,407.48
J-005747,2025-08-15,East,T-12,1260.69,707.63
J-005748,2025-08-15,North,T-11,908.87,588.65
J-005749,2025-08-15,West,T-03,400.94,243.99
J-005750,2025-08-15,North,T-05,443.29,288.09
J-005751,2025-08-15,East,T-11,848.49,492.94
J-005752,2025-08-15,East,T-02,1392.22,862.18
J-005753,2025-08-15,East,T-02,548.48,364.0
J-005754,2025-08-15,South,T-06,1079.85,703.05
J-005755,2025-08-15,East,T-12,481.05,292.05
J-005756,2025-08-15,West,T-08,755.83,407.81
J-005757,2025-08-15,South,T-02,685.5,453.43
J-005758,2025-08-15,North,T-02,1276.08,805.83
J-005759,2025-08-15,South,T-09,434.9,315.87
J-005760,2025-08-15,West,T-03,422.49,297.18
J-005761,2025-08-15,West,T-07,972.24,619.87
J-005762,2025-08-15,East,T-05,660.85,522.37
J-005763,2025-08-15,East,T-08,156.07,102.72
J-005764,2025-08-15,West,T-06,477.19,304.83
J-005765,2025-08-15,West,T-11,714.85,520.26
J-005766,2025-08-15,North,T-10,310.08,194.23
J-005767,2025-08-15,West,T-06,700.67,475.1
J-005768,2025-08-15,West,T-05,592.55,397.71
J-005769,2025-08-15,South,T-05,322.84,216.06
J-005770,2025-08-16,South,T-03,1121.75,794.29
J-005771,2025-08-16,South,T-01,970.95,605.6
J-005772,2025-08-16,North,T-12,1310.86,830.13
J-005773,2025-08-16,North,T-07,543.98,337.02
J-005774,2025-08-16,West,T-05,721.21,479.07
J-005775,2025-08-16,South,T-12,767.07,469.09
J-005776,2025-08-16,East,T-02,641.24,407.15
J-005777,2025-08-16,North,T-05,881.64,578.52
J-005778,2025-08-16,South,T-02,500.55,345.83
J-005779,2025-08-16,South,T-06,346.91,246.16
J-005780,2025-08-16,North,T-02,869.29,556.51
J-005781,2025-08-16,West,T-03,1192.83,791.36
J-005782,2025-08-16,East,T-05,235.12,180.49
J-005783,2025-08-16,South,T-09,396.58,272.42
J-005784,2025-08-16,East,T-04,511.52,368.22
J-005785,2025-08-16,South,T-04,310.81,221.9
J-005786,2025-08-16,North,T-05,905.39,709.37
J-005787,2025-08-16,South,T-09,685.49,468.32
J-005788,2025-08-17,East,T-10,155.77,99.01
J-005789,2025-08-17,North,T-09,634.28,372.56
J-005790,2025-08-17,East,T-12,751.62,479.36
J-005791,2025-08-18,South,T-08,1390.71,906.34
J-005792,2025-08-18,South,T-04,528.0,333.43
J-005793,2025-08-18,South,T-09,903.41,583.96
J-005794,2025-08-18,North,T-04,317.07,199.42
J-005795,2025-08-18,East,T-05,1679.61,1210.84
J-005796,2025-08-18,West,T-10,758.81,475.15
J-005797,2025-08-18,West,T-04,569.7,428.62
J-005798,2025-08-18,South,T-11,192.02,132.38
J-005799,2025-08-18,North,T-04,401.85,244.84
J-005800,2025-08-18,South,T-02,858.58,534.69
J-005801,2025-08-18,South,T-06,486.49,389.92
J-005802,2025-08-18,West,T-01,404.18,280.73
J-005803,2025-08-18,East,T-01,235.64,130.95
J-005804,2025-08-18,East,T-02,525.24,370.16
J-005805,2025-08-18,West,T-12,541.57,325.58
J-005806,2025-08-18,South,T-10,530.2,284.52
J-005807,2025-08-18,West,T-03,976.15,668.13
J-005808,2025-08-18,South,T-04,619.87,447.34
J-005809,2025-08-18,North,T-06,153.79,106.68
J-005810,2025-08-18,North,T-10,804.37,446.04
J-005811,2025-08-18,North,T-01,888.33,587.93
J-005812,2025-08-18,South,T-03,412.96,248.79
J-005813,2025-08-18,West,T-05,788.26,489.14
J-005814,2025-08-18,West,T-09,706.22,463.0
J-005815,2025-08-18,East,T-02,766.99,407.6
J-005816,2025-08-18,West,T-04,957.69,589.59
J-005817,2025-08-18,South,T-12,217.6,126.93
J-005818,2025-08-18,North,T-12,790.83,456.2
J-005819,2025-08-18,West,T-06,1342.76,753.76
J-005820,2025-08-18,East,T-11,1977.23,1310.59
J-005821,2025-08-18,North,T-11,812.62,564.38
J-005822,2025-08-18,South,T-01,590.0,350.26
J-005823,2025-08-18,West,T-12,499.64,322.63
J-005824,2025-08-19,North,T-10,754.74,500.44
J-005825,2025-08-19,West,T-01,1134.13,811.82
J-005826,2025-08-19,East,T-03,479.03,323.67
J-005827,2025-08-19,North,T-01,659.78,414.08
J-005828,2025-08-19,North,T-01,589.38,330.9
J-005829,2025-08-19,East,T-05,356.33,216.84
J-005830,2025-08-19,South,T-05,1107.45,700.85
J-005831,2025-08-19,West,T-08,685.72,496.26
J-005832,2025-08-19,North,T-05,1099.02,701.94
J-005833,2025-08-19,South,T-03,578.74,380.31
J-005834,2025-08-19,North,T-07,477.45,304.1
J-005835,2025-08-19,East,T-01,1148.47,678.44
J-005836,2025-08-19,East,T-11,232.04,138.09
J-005837,2025-08-19,South,T-12,675.86,410.85
J-005838,2025-08-19,South,T-04,928.01,504.19
J-005839,2025-08-19,North,T-03,723.59,403.82
J-005840,2025-08-19,West,T-02,682.9,437.55
J-005841,2025-08-19,North,T-04,504.43,310.87
J-005842,2025-08-19,East,T-05,224.06,151.77
J-005843,2025-08-19,North,T-03,884.44,628.95
J-005844,2025-08-19,West,T-09,363.24,235.26
J-005845,2025-08-19,North,T-10,695.92,404.09
J-005846,2025-08-19,North,T-03,418.29,272.46
J-005847,2025-08-19,North,T-11,586.24,423.04
J-005848,2025-08-19,South,T-08,413.86,268.01
J-005849,2025-08-19,East,T-03,934.53,562.43
J-005850,2025-08-19,West,T-12,1367.43,926.76
J-005851,2025-08-19,North,T-01,897.62,602.44
J-005852,2025-08-19,South,T-02,1262.54,725.84
J-005853,2025-08-19,West,T-09,776.48,487.91
J-005854,2025-08-19,East,T-05,566.72,312.9
J-005855,2025-08-20,North,T-06,971.91,588.14
J-005856,2025-08-20,South,T-12,789.56,529.39
J-005857,2025-08-20,South,T-09,466.92,263.33
J-005858,2025-08-20,North,T-02,663.31,419.41
J-005859,2025-08-20,East,T-08,807.16,492.58
J-005860,2025-08-20,West,T-05,618.46,472.28
J-005861,2025-08-20,South,T-07,785.98,525.0
J-005862,2025-08-20,East,T-05,1328.65,838.58
J-005863,2025-08-20,South,T-12,815.17,461.6
J-005864,2025-08-20,North,T-09,708.3,450.78
J-005865,2025-08-20,North,T-05,572.26,359.01
J-005866,2025-08-20,East,T-09,369.0,239.91
J-005867,2025-08-20,North,T-09,675.37,381.43
J-005868,2025-08-20,North,T-02,776.89,460.86
J-005869,2025-08-20,West,T-03,825.16,484.91
J-005870,2025-08-20,North,T-07,600.15,385.98
J-005871,2025-08-20,East,T-12,450.05,281.02
J-005872,2025-08-20,North,T-04,583.13,322.49
J-005873,2025-08-20,South,T-11,715.29,438.64
J-005874,2025-08-20,East,T-06,2259.6,1602.14
J-005875,2025-08-20,East,T-05,567.92,354.38
J-005876,2025-08-20,East,T-03,521.37,294.75
J-005877,2025-08-21,South,T-09,512.66,318.47
J-005878,2025-08-21,South,T-12,861.09,476.24
J-005879,2025-08-21,West,T-04,310.9,224.01
J-005880,2025-08-21,West,T-10,443.98,266.45
J-005881,2025-08-21,North,T-02,644.63,465.57
J-005882,2025-08-21,North,T-03,740.54,422.69
J-005883,2025-08-21,North,T-10,700.96,398.1
J-005884,2025-08-21,East,T-06,893.16,598.7
J-005885,2025-08-21,West,T-08,1324.47,723.11
J-005886,2025-08-21,North,T-04,813.54,458.29
J-005887,2025-08-21,South,T-01,784.96,526.43
J-005888,2025-08-21,East,T-06,318.77,215.95
J-005889,2025-08-21,West,T-03,707.93,449.36
J-005890,2025-08-21,South,T-10,503.98,333.42
J-005891,2025-08-21,East,T-09,984.52,626.6
J-005892,2025-08-21,North,T-06,955.36,560.66
J-005893,2025-08-21,South,T-09,1395.35,905.62
J-005894,2025-08-21,North,T-08,1641.42,1099.87
J-005895,2025-08-21,South,T-06,595.02,406.68
J-005896,2025-08-21,South,T-11,654.0,520.26
J-005897,2025-08-21,South,T-03,789.08,518.55
J-005898,2025-08-21,North,T-10,653.58,423.72
J-005899,2025-08-21,East,T-06,679.38,432.02
J-005900,2025-08-21,West,T-12,888.86,580.01
J-005901,2025-08-21,North,T-09,411.7,284.73
J-005902,2025-08-21,North,T-09,345.85,253.45
J-005903,2025-08-21,South,T-01,652.99,436.23
J-005904,2025-08-21,South,T-08,1573.42,1052.61
J-005905,2025-08-21,North,T-03,393.0,274.79
J-005906,2025-08-21,West,T-10,689.13,399.58
J-005907,2025-08-21,South,T-09,616.05,393.47
J-005908,2025-08-21,West,T-01,1080.82,868.15
J-005909,2025-08-21,North,T-09,721.94,432.62
J-005910,2025-08-21,South,T-11,1009.59,569.4
J-005911,2025-08-21,North,T-05,665.53,431.05
J-005912,2025-08-22,East,T-05,1244.9,794.58
J-005913,2025-08-22,North,T-02,1079.27,627.62
J-005914,2025-08-22,North,T-05,1250.55,769.96
J-005915,2025-08-22,North,T-12,552.39,377.46
J-005916,2025-08-22,South,T-07,406.79,224.78
J-005917,2025-08-22,East,T-07,385.22,255.14
J-005918,2025-08-22,North,T-04,625.77,438.01
J-005919,2025-08-22,West,T-12,431.49,270.08
J-005920,2025-08-22,West,T-03,647.23,386.57
J-005921,2025-08-22,West,T-11,295.14,193.27
J-005922,2025-08-22,North,T-08,1365.95,796.96
J-005923,2025-08-22,South,T-06,511.22,318.18
J-005924,2025-08-22,South,T-11,749.24,522.55
J-005925,2025-08-22,East,T-08,785.59,508.33
J-005926,2025-08-22,East,T-12,871.26,564.73
J-005927,2025-08-22,East,T-01,814.37,558.91
J-005928,2025-08-22,West,T-11,767.73,572.15
J-005929,2025-08-22,North,T-08,659.86,356.3
J-005930,2025-08-22,North,T-12,461.49,297.64
J-005931,2025-08-22,East,T-06,1089.15,671.72
J-005932,2025-08-22,South,T-08,440.28,296.83
J-005933,2025-08-22,West,T-09,271.6,203.82
J-005934,2025-08-22,North,T-09,1052.68,716.69
J-005935,2025-08-22,East,T-07,619.6,415.58
J-005936,2025-08-22,North,T-08,575.93,413.22
J-005937,2025-08-22,South,T-12,370.12,250.01
J-005938,2025-08-22,North,T-09,1115.46,744.78
J-005939,2025-08-22,North,T-09,1291.5,884.07
J-005940,2025-08-22,North,T-07,672.7,445.62
J-005941,2025-08-23,West,T-12,300.81,206.06
J-005942,2025-08-23,East,T-08,877.81,654.31
J-005943,2025-08-23,East,T-07,655.53,412.38
J-005944,2025-08-23,South,T-07,438.29,289.5
J-005945,2025-08-23,East,T-12,497.57,318.11
J-005946,2025-08-23,North,T-04,1642.04,1004.34
J-005947,2025-08-23,East,T-04,523.01,355.22
J-005948,2025-08-24,West,T-10,900.88,511.21
J-005949,2025-08-24,North,T-12,809.63,552.29
J-005950,2025-08-24,South,T-11,590.0,403.37
J-005951,2025-08-24,South,T-09,564.17,377.26
J-005952,2025-08-24,North,T-12,860.69,673.29
J-005953,2025-08-24,South,T-04,633.63,380.91
J-005954,2025-08-24,South,T-03,948.27,648.85
J-005955,2025-08-24,South,T-04,586.52,358.01
J-005956,2025-08-25,West,T-01,355.86,256.74
J-005957,2025-08-25,South,T-04,258.31,169.8
J-005958,2025-08-25,South,T-09,505.59,354.59
J-005959,2025-08-25,North,T-06,1140.42,679.41
J-005960,2025-08-25,West,T-11,420.15,295.48
J-005961,2025-08-25,North,T-01,537.98,324.43
J-005962,2025-08-25,East,T-10,828.99,562.38
J-005963,2025-08-25,West,T-02,624.11,478.4
J-005964,2025-08-25,West,T-05,635.02,393.72
J-005965,2025-08-25,South,T-11,418.27,247.88
J-005966,2025-08-25,North,T-01,1158.03,730.57
J-005967,2025-08-25,South,T-12,781.47,453.15
J-005968,2025-08-25,West,T-09,792.64,553.81
J-005969,2025-08-25,South,T-04,947.08,565.6
J-005970,2025-08-25,West,T-12,795.66,517.86
J-005971,2025-08-25,North,T-03,649.6,443.67
J-005972,2025-08-25,East,T-05,588.98,419.07
J-005973,2025-08-25,East,T-01,888.13,591.89
J-005974,2025-08-25,South,T-01,1159.91,724.18
J-005975,2025-08-25,South,T-04,893.11,615.94
J-005976,2025-08-25,East,T-01,326.93,209.89
J-005977,2025-08-25,South,T-03,788.59,556.54
J-005978,2025-08-25,South,T-01,299.63,186.86
J-005979,2025-08-25,South,T-08,994.86,553.19
J-005980,2025-08-25,East,T-05,640.03,387.78
J-005981,2025-08-25,South,T-12,712.75,485.15
J-005982,2025-08-25,North,T-01,509.66,340.28
J-005983,2025-08-25,South,T-03,944.13,657.81
J-005984,2025-08-25,North,T-06,594.72,356.35
J-005985,2025-08-25,South,T-10,717.96,432.6
J-005986,2025-08-25,North,T-11,966.14,631.52
J-005987,2025-08-25,North,T-10,1109.64,747.11
J-005988,2025-08-25,North,T-06,879.15,514.55
J-005989,2025-08-26,South,T-06,818.62,589.39
J-005990,2025-08-26,South,T-09,352.19,232.28
J-005991,2025-08-26,West,T-09,372.84,238.25
J-005992,2025-08-26,North,T-09,413.56,248.69
J-005993,2025-08-26,East,T-03,962.06,596.87
J-005994,2025-08-26,West,T-12,421.55,253.28
J-005995,2025-08-26,East,T-03,1114.45,740.98
J-005996,2025-08-26,North,T-12,226.29,117.99
J-005997,2025-08-26,South,T-01,511.12,369.55
J-005998,2025-08-26,North,T-08,1335.75,930.17
J-005999,2025-08-26,South,T-10,653.85,473.08
J-006000,2025-08-26,West,T-06,1174.73,745.58
J-006001,2025-08-26,North,T-08,715.99,424.55
J-006002,2025-08-26,West,T-01,494.84,271.43
J-006003,2025-08-26,East,T-03,526.13,298.87
J-006004,2025-08-26,West,T-11,686.89,395.66
J-006005,2025-08-26,South,T-06,1141.01,881.75
J-006006,2025-08-26,South,T-03,1044.33,684.45
J-006007,2025-08-26,North,T-08,783.67,591.77
J-006008,2025-08-26,South,T-10,684.68,458.39
J-006009,2025-08-27,West,T-09,291.31,189.14
J-006010,2025-08-27,South,T-11,825.57,582.21
J-006011,2025-08-27,South,T-01,700.64,472.43
J-006012,2025-08-27,East,T-06,432.48,266.51
J-006013,2025-08-27,West,T-10,1415.98,960.13
J-006014,2025-08-27,North,T-01,1196.66,719.46
J-006015,2025-08-27,North,T-03,1357.88,968.13
J-006016,2025-08-27,South,T-08,523.73,413.3
J-006017,2025-08-27,South,T-12,1206.51,745.96
J-006018,2025-08-27,North,T-05,427.38,248.95
J-006019,2025-08-27,East,T-02,1181.76,626.47
J-006020,2025-08-27,South,T-10,367.24,262.67
J-006021,2025-08-27,North,T-06,430.02,271.41
J-006022,2025-08-27,East,T-12,285.89,158.92
J-006023,2025-08-27,West,T-12,345.41,245.68
J-006024,2025-08-27,North,T-02,788.98,467.03
J-006025,2025-08-27,West,T-07,374.49,269.98
J-006026,2025-08-27,North,T-10,405.34,246.45
J-006027,2025-08-27,East,T-01,3019.26,1929.71
J-006028,2025-08-27,South,T-08,320.46,201.96
J-006029,2025-08-27,South,T-03,804.41,558.43
J-006030,2025-08-27,North,T-10,752.98,449.14
J-006031,2025-08-27,North,T-06,925.01,622.14
J-006032,2025-08-28,West,T-11,597.82,370.09
J-006033,2025-08-28,North,T-03,390.96,210.27
J-006034,2025-08-28,North,T-08,1291.92,775.63
J-006035,2025-08-28,West,T-08,689.31,436.38
J-006036,2025-08-28,South,T-03,630.77,353.28
J-006037,2025-08-28,East,T-08,827.93,569.56
J-006038,2025-08-28,South,T-06,1107.14,712.18
J-006039,2025-08-28,South,T-05,668.48,427.02
J-006040,2025-08-28,West,T-03,875.05,586.38
J-006041,2025-08-28,South,T-05,936.26,711.56
J-006042,2025-08-28,North,T-09,852.89,618.14
J-006043,2025-08-28,South,T-12,1861.64,1104.92
J-006044,2025-08-28,South,T-04,662.9,372.43
J-006045,2025-08-28,North,T-05,357.06,197.61
J-006046,2025-08-28,West,T-01,487.1,341.06
J-006047,2025-08-28,North,T-03,649.58,467.8
J-006048,2025-08-28,East,T-03,363.29,206.11
J-006049,2025-08-28,East,T-08,895.78,565.64
J-006050,2025-08-28,East,T-08,846.98,468.09
J-006051,2025-08-28,East,T-08,448.45,289.42
J-006052,2025-08-28,East,T-03,219.38,142.6
J-006053,2025-08-28,North,T-09,579.39,394.95
J-006054,2025-08-29,East,T-05,657.32,388.0
J-006055,2025-08-29,North,T-04,405.73,257.12
J-006056,2025-08-29,South,T-11,1540.2,1004.19
J-006057,2025-08-29,South,T-09,497.55,325.1
J-006058,2025-08-29,South,T-10,940.64,573.78
J-006059,2025-08-29,East,T-04,533.19,325.07
J-006060,2025-08-29,East,T-07,1438.09,1151.55
J-006061,2025-08-29,North,T-10,787.68,553.17
J-006062,2025-08-29,East,T-10,1621.62,1104.6
J-006063,2025-08-29,South,T-03,1404.38,963.71
J-006064,2025-08-29,North,T-10,531.35,378.48
J-006065,2025-08-29,North,T-08,619.41,462.07
J-006066,2025-08-29,North,T-03,759.08,573.85
J-006067,2025-08-29,West,T-07,695.88,437.9
J-006068,2025-08-29,North,T-01,343.35,226.1
J-006069,2025-08-29,West,T-12,520.09,330.09
J-006070,2025-08-29,North,T-10,1621.72,1102.35
J-006071,2025-08-29,South,T-03,545.99,375.11
J-006072,2025-08-29,South,T-07,1987.96,1180.67
J-006073,2025-08-29,West,T-08,477.29,247.95
J-006074,2025-08-29,North,T-04,692.1,357.83
J-006075,2025-08-29,North,T-02,266.19,168.32
J-006076,2025-08-29,East,T-04,810.67,576.56
J-006077,2025-08-29,East,T-06,539.0,358.31
J-006078,2025-08-29,South,T-03,798.71,522.33
J-006079,2025-08-29,North,T-05,834.69,636.11
J-006080,2025-08-29,West,T-02,545.42,361.81
J-006081,2025-08-29,East,T-10,635.6,440.37
J-006082,2025-08-30,North,T-04,1952.29,1288.31
J-006083,2025-08-30,West,T-12,336.01,209.99
J-006084,2025-08-30,South,T-02,586.87,416.66
J-006085,2025-08-30,East,T-06,612.99,400.3
J-006086,2025-08-30,North,T-11,203.66,131.36
J-006087,2025-08-30,South,T-01,1047.49,715.83
J-006088,2025-08-30,South,T-01,795.26,573.5
J-006089,2025-08-30,North,T-07,780.36,599.88
J-006090,2025-08-30,South,T-07,676.33,417.68
J-006091,2025-08-30,South,T-05,490.73,324.19
J-006092,2025-08-30,North,T-07,694.54,449.64
J-006093,2025-08-30,West,T-04,493.41,341.65
J-006094,2025-08-30,South,T-09,1590.16,920.01
J-006095,2025-08-30,North,T-01,363.41,214.55
J-006096,2025-08-30,South,T-05,673.69,418.04
J-006097,2025-08-30,West,T-03,472.73,258.7
J-006098,2025-08-30,North,T-09,666.39,444.14
J-006099,2025-08-30,South,T-03,715.3,517.6
J-006100,2025-08-31,East,T-08,538.2,365.35
J-006101,2025-08-31,East,T-11,1402.6,944.94
J-006102,2025-08-31,South,T-07,516.43,350.87
J-006103,2025-08-31,North,T-12,475.75,247.46
J-006104,2025-08-31,East,T-01,1468.78,825.38
J-006105,2025-08-31,South,T-05,571.27,431.44
J-006106,2025-08-31,East,T-05,1065.39,737.47
J-006107,2025-08-31,North,T-08,964.25,558.13
J-006108,2025-09-01,West,T-06,708.08,500.01
J-006109,2025-09-01,North,T-05,282.49,143.88
J-006110,2025-09-01,North,T-03,773.09,512.97
J-006111,2025-09-01,South,T-06,1052.89,654.64
J-006112,2025-09-01,South,T-08,768.06,500.78
J-006113,2025-09-01,South,T-12,469.0,363.03
J-006114,2025-09-01,West,T-07,908.68,578.6
J-006115,2025-09-01,East,T-02,801.58,471.16
J-006116,2025-09-01,North,T-01,1623.64,1080.94
J-006117,2025-09-01,West,T-02,806.93,471.66
J-006118,2025-09-01,West,T-11,449.73,265.18
J-006119,2025-09-01,East,T-05,973.55,628.41
J-006120,2025-09-01,East,T-12,860.64,517.84
J-006121,2025-09-01,South,T-03,669.07,426.6
J-006122,2025-09-01,East,T-09,559.26,342.16
J-006123,2025-09-01,South,T-06,780.82,604.02
J-006124,2025-09-01,West,T-08,511.96,379.1
J-006125,2025-09-01,East,T-01,1113.51,743.23
J-006126,2025-09-01,South,T-02,866.58,462.68
J-006127,2025-09-01,West,T-01,1051.84,690.68
J-006128,2025-09-01,West,T-12,772.94,490.21
J-006129,2025-09-01,East,T-01,484.18,336.46
J-006130,2025-09-01,West,T-05,1895.97,1267.32
J-006131,2025-09-01,East,T-12,779.43,482.32
J-006132,2025-09-01,West,T-11,179.53,117.83
J-006133,2025-09-01,South,T-11,609.91,386.96
J-006134,2025-09-01,West,T-02,574.48,334.16
J-006135,2025-09-02,North,T-03,718.72,444.53
J-006136,2025-09-02,North,T-05,678.09,488.73
J-006137,2025-09-02,North,T-05,668.4,461.96
J-006138,2025-09-02,East,T-05,733.37,495.31
J-006139,2025-09-02,North,T-07,384.68,267.13
J-006140,2025-09-02,North,T-05,743.78,455.98
J-006141,2025-09-02,North,T-12,769.25,645.9
J-006142,2025-09-02,North,T-12,1539.8,1034.77
J-006143,2025-09-02,East,T-09,713.02,456.77
J-006144,2025-09-02,East,T-12,627.41,390.92
J-006145,2025-09-02,South,T-04,1044.77,735.28
J-006146,2025-09-02,East,T-02,308.05,197.6
J-006147,2025-09-02,East,T-08,710.5,458.24
J-006148,2025-09-02,North,T-10,644.03,464.85
J-006149,2025-09-02,West,T-08,2100.15,1264.06
J-006150,2025-09-02,North,T-12,587.7,424.87
J-006151,2025-09-02,South,T-08,613.78,443.32
J-006152,2025-09-02,North,T-12,900.89,619.89
J-006153,2025-09-02,North,T-05,638.1,398.76
J-006154,2025-09-02,East,T-11,439.65,256.84
J-006155,2025-09-02,North,T-04,474.71,311.58
J-006156,2025-09-02,South,T-02,465.57,269.59
J-006157,2025-09-02,West,T-09,404.04,245.17
J-006158,2025-09-02,North,T-12,905.96,500.03
J-006159,2025-09-02,West,T-02,954.26,649.72
J-006160,2025-09-03,East,T-10,756.69,424.69
J-006161,2025-09-03,South,T-12,735.68,440.08
J-006162,2025-09-03,North,T-01,311.42,208.55
J-006163,2025-09-03,East,T-03,830.42,558.25
J-006164,2025-09-03,East,T-02,1193.58,863.16
J-006165,2025-09-03,East,T-12,797.4,483.66
J-006166,2025-09-03,West,T-09,920.54,627.08
J-006167,2025-09-03,South,T-02,1531.58,959.2
J-006168,2025-09-03,East,T-05,1491.73,855.26
J-006169,2025-09-03,East,T-08,2896.76,2017.48
J-006170,2025-09-03,East,T-02,294.64,190.28
J-006171,2025-09-03,North,T-01,1453.15,764.88
J-006172,2025-09-03,South,T-06,2740.59,1899.65
J-006173,2025-09-03,South,T-08,368.57,189.0
J-006174,2025-09-03,West,T-11,594.78,367.08
J-006175,2025-09-03,East,T-07,417.08,301.7
J-006176,2025-09-03,South,T-11,666.84,455.04
J-006177,2025-09-03,East,T-06,1108.9,671.13
J-006178,2025-09-03,West,T-11,418.84,286.17
J-006179,2025-09-03,South,T-06,793.97,502.54
J-006180,2025-09-03,West,T-04,753.05,466.75
J-006181,2025-09-03,South,T-11,1101.2,686.58
J-006182,2025-09-03,South,T-12,396.6,271.48
J-006183,2025-09-03,East,T-11,1089.69,635.4
J-006184,2025-09-03,South,T-04,324.07,229.01
J-006185,2025-09-03,North,T-06,1177.03,783.27
J-006186,2025-09-03,North,T-04,797.08,490.98
J-006187,2025-09-03,North,T-12,980.13,571.73
J-006188,2025-09-03,North,T-12,259.12,174.61
J-006189,2025-09-03,South,T-04,443.8,282.62
J-006190,2025-09-03,East,T-03,299.64,156.38
J-006191,2025-09-03,East,T-05,550.51,384.35
J-006192,2025-09-04,North,T-03,638.67,410.45
J-006193,2025-09-04,North,T-07,544.16,308.11
J-006194,2025-09-04,North,T-02,1558.85,945.91
J-006195,2025-09-04,North,T-07,515.4,324.42
J-006196,2025-09-04,West,T-09,324.48,208.64
J-006197,2025-09-04,South,T-03,570.8,361.87
J-006198,2025-09-04,West,T-06,1148.15,808.62
J-006199,2025-09-04,East,T-07,385.49,227.87
J-006200,2025-09-04,South,T-09,1364.94,846.49
J-006201,2025-09-04,South,T-11,279.05,163.09
J-006202,2025-09-04,North,T-02,627.65,423.21
J-006203,2025-09-04,North,T-01,859.48,532.67
J-006204,2025-09-04,West,T-10,832.9,554.65
J-006205,2025-09-04,East,T-02,1576.39,840.65
J-006206,2025-09-04,North,T-03,1289.69,800.97
J-006207,2025-09-04,North,T-02,211.36,116.08
J-006208,2025-09-04,East,T-02,412.76,270.18
J-006209,2025-09-04,West,T-07,590.17,326.27
J-006210,2025-09-04,North,T-07,1190.87,795.32
J-006211,2025-09-04,West,T-06,671.29,462.77
J-006212,2025-09-04,North,T-05,833.71,519.61
J-006213,2025-09-04,West,T-02,626.42,448.02
J-006214,2025-09-04,West,T-03,282.07,168.48
J-006215,2025-09-04,North,T-06,1030.67,716.55
J-006216,2025-09-04,West,T-06,324.6,210.36
J-006217,2025-09-05,North,T-07,1008.94,675.81
J-006218,2025-09-05,North,T-04,497.17,346.49
J-006219,2025-09-05,South,T-04,301.36,207.48
J-006220,2025-09-05,East,T-06,673.77,420.0
J-006221,2025-09-05,West,T-11,354.52,257.4
J-006222,2025-09-05,East,T-04,741.0,455.25
J-006223,2025-09-05,East,T-04,565.2,327.32
J-006224,2025-09-05,South,T-10,1213.87,851.69
J-006225,2025-09-05,North,T-10,635.4,414.04
J-006226,2025-09-05,North,T-11,310.67,164.93
J-006227,2025-09-05,East,T-11,182.13,118.7
J-006228,2025-09-05,North,T-02,384.56,254.21
J-006229,2025-09-05,South,T-12,2704.3,1751.84
J-006230,2025-09-05,North,T-03,1132.45,740.14
J-006231,2025-09-05,South,T-03,783.58,581.72
J-006232,2025-09-05,South,T-02,499.76,344.35
J-006233,2025-09-05,East,T-10,316.35,212.23
J-006234,2025-09-05,North,T-10,454.55,283.24
J-006235,2025-09-05,North,T-01,1453.24,965.11
J-006236,2025-09-05,North,T-06,696.1,508.24
J-006237,2025-09-05,South,T-06,1273.51,753.34
J-006238,2025-09-05,East,T-11,962.19,542.33
J-006239,2025-09-05,East,T-09,923.17,570.46
J-006240,2025-09-05,South,T-01,640.73,416.87
J-006241,2025-09-05,South,T-01,858.27,509.73
J-006242,2025-09-05,East,T-03,518.27,319.41
J-006243,2025-09-05,North,T-10,670.32,442.89
J-006244,2025-09-06,North,T-01,398.21,220.88
J-006245,2025-09-06,North,T-12,261.36,166.04
J-006246,2025-09-06,West,T-04,545.72,360.61
J-006247,2025-09-06,South,T-06,644.38,325.84
J-006248,2025-09-06,South,T-02,668.85,348.59
J-006249,2025-09-06,North,T-02,438.94,248.89
J-006250,2025-09-06,North,T-01,537.56,367.9
J-006251,2025-09-06,East,T-02,530.77,319.87
J-006252,2025-09-06,South,T-04,910.61,525.83
J-006253,2025-09-06,East,T-01,910.94,433.36
J-006254,2025-09-06,East,T-05,825.88,508.13
J-006255,2025-09-06,West,T-05,743.41,510.11
J-006256,2025-09-06,North,T-10,1542.84,990.47
J-006257,2025-09-07,North,T-09,3025.67,1847.11
J-006258,2025-09-08,South,T-04,1178.02,841.5
J-006259,2025-09-08,East,T-03,667.6,446.81
J-006260,2025-09-08,West,T-03,666.65,380.51
J-006261,2025-09-08,North,T-01,265.44,158.11
J-006262,2025-09-08,South,T-10,664.06,499.4
J-006263,2025-09-08,East,T-07,482.96,355.73
J-006264,2025-09-08,West,T-04,695.61,443.08
J-006265,2025-09-08,North,T-05,517.63,372.26
J-006266,2025-09-08,North,T-02,427.99,254.44
J-006267,2025-09-08,North,T-05,1073.5,631.64
J-006268,2025-09-08,East,T-09,730.34,512.37
J-006269,2025-09-08,North,T-03,336.92,193.71
J-006270,2025-09-08,South,T-07,1345.31,866.25
J-006271,2025-09-08,West,T-05,477.59,290.25
J-006272,2025-09-08,North,T-03,1214.14,575.27
J-006273,2025-09-08,West,T-02,1207.37,750.09
J-006274,2025-09-08,North,T-09,707.89,502.7
J-006275,2025-09-08,West,T-08,831.42,529.71
J-006276,2025-09-08,South,T-09,666.93,407.47
J-006277,2025-09-08,North,T-06,593.94,422.66
J-006278,2025-09-08,South,T-03,444.78,261.95
J-006279,2025-09-08,North,T-04,386.42,250.01
J-006280,2025-09-08,South,T-06,831.44,592.57
J-006281,2025-09-08,West,T-04,427.75,267.02
J-006282,2025-09-08,West,T-11,592.14,360.73
J-006283,2025-09-08,North,T-01,1497.65,987.95
J-006284,2025-09-08,South,T-09,507.13,332.93
J-006285,2025-09-08,West,T-06,324.09,214.33
J-006286,2025-09-08,North,T-07,312.36,203.11
J-006287,2025-09-09,North,T-10,952.44,587.08
J-006288,2025-09-09,North,T-10,579.0,374.41
J-006289,2025-09-09,South,T-05,876.37,615.72
J-006290,2025-09-09,East,T-06,1244.66,728.15
J-006291,2025-09-09,South,T-01,637.91,448.33
J-006292,2025-09-09,East,T-02,661.64,406.23
J-006293,2025-09-09,East,T-03,455.21,353.76
J-006294,2025-09-09,North,T-01,1470.78,956.82
J-006295,2025-09-09,North,T-08,256.09,157.09
J-006296,2025-09-09,East,T-11,999.19,680.01
J-006297,2025-09-09,South,T-07,862.3,440.99
J-006298,2025-09-09,North,T-10,795.45,517.73
J-006299,2025-09-09,North,T-10,391.14,204.83
J-006300,2025-09-09,North,T-06,329.9,193.71
J-006301,2025-09-09,East,T-01,406.82,247.11
J-006302,2025-09-09,South,T-07,402.82,261.21
J-006303,2025-09-09,North,T-07,359.78,234.9
J-006304,2025-09-09,East,T-05,976.17,614.42
J-006305,2025-09-09,West,T-04,1009.79,701.27
J-006306,2025-09-09,South,T-10,824.39,445.14
J-006307,2025-09-09,South,T-10,611.84,388.37
J-006308,2025-09-09,East,T-11,1856.5,1176.75
J-006309,2025-09-09,South,T-10,486.25,281.93
J-006310,2025-09-09,South,T-08,651.09,481.35
J-006311,2025-09-09,North,T-04,651.4,448.76
J-006312,2025-09-09,South,T-01,358.73,202.23
J-006313,2025-09-09,North,T-10,605.64,358.21
J-006314,2025-09-09,East,T-05,476.82,290.32
J-006315,2025-09-09,South,T-03,408.12,246.4
J-006316,2025-09-09,East,T-07,535.66,313.8
J-006317,2025-09-09,North,T-05,636.65,484.84
J-006318,2025-09-09,East,T-11,968.45,575.71
J-006319,2025-09-09,North,T-01,506.57,385.68
J-006320,2025-09-09,East,T-10,482.72,330.34
J-006321,2025-09-10,East,T-06,1273.3,869.78
J-006322,2025-09-10,North,T-11,897.67,544.85
J-006323,2025-09-10,East,T-04,932.16,629.74
J-006324,2025-09-10,South,T-06,1049.61,618.38
J-006325,2025-09-10,North,T-04,1819.9,1252.2
J-006326,2025-09-10,South,T-02,578.37,363.41
J-006327,2025-09-10,North,T-06,1461.51,1038.62
J-006328,2025-09-10,South,T-05,677.38,425.43
J-006329,2025-09-10,North,T-03,284.49,181.88
J-006330,2025-09-10,West,T-01,343.21,228.86
J-006331,2025-09-10,West,T-01,833.6,522.04
J-006332,2025-09-10,East,T-12,1001.06,655.29
J-006333,2025-09-10,North,T-10,825.07,557.8
J-006334,2025-09-10,South,T-12,440.39,274.56
J-006335,2025-09-10,South,T-10,764.06,479.52
J-006336,2025-09-10,West,T-08,355.73,174.38
J-006337,2025-09-10,North,T-06,647.9,452.22
J-006338,2025-09-10,East,T-08,638.24,424.17
J-006339,2025-09-10,North,T-05,805.08,596.63
J-006340,2025-09-10,South,T-04,750.76,482.66
J-006341,2025-09-10,East,T-09,520.47,380.88
J-006342,2025-09-10,West,T-08,885.57,551.37
J-006343,2025-09-10,North,T-07,718.06,517.38
J-006344,2025-09-10,West,T-03,814.51,562.13
J-006345,2025-09-10,South,T-11,951.78,639.14
J-006346,2025-09-10,East,T-10,1313.54,854.2
J-006347,2025-09-11,South,T-11,575.46,387.52
J-006348,2025-09-11,North,T-07,814.61,475.79
J-006349,2025-09-11,West,T-07,912.34,571.13
J-006350,2025-09-11,South,T-10,626.29,350.58
J-006351,2025-09-11,North,T-04,822.76,596.94
J-006352,2025-09-11,West,T-12,481.36,336.53
J-006353,2025-09-11,East,T-11,639.98,413.22
J-006354,2025-09-11,South,T-10,397.35,257.42
J-006355,2025-09-11,East,T-10,405.92,268.87
J-006356,2025-09-11,West,T-05,422.13,274.92
J-006357,2025-09-11,North,T-08,733.54,457.2
J-006358,2025-09-11,North,T-06,943.36,586.84
J-006359,2025-09-11,North,T-08,266.95,150.94
J-006360,2025-09-11,West,T-10,885.12,573.38
J-006361,2025-09-11,South,T-10,391.1,256.8
J-006362,2025-09-11,North,T-10,1598.58,957.63
J-006363,2025-09-12,South,T-12,291.64,190.34
J-006364,2025-09-12,South,T-12,1036.04,752.64
J-006365,2025-09-12,South,T-01,858.82,631.04
J-006366,2025-09-12,North,T-06,280.09,189.29
J-006367,2025-09-12,North,T-11,350.37,203.96
J-006368,2025-09-12,North,T-08,1185.67,780.93
J-006369,2025-09-12,West,T-04,624.45,410.61
J-006370,2025-09-12,West,T-10,550.37,393.16
J-006371,2025-09-12,North,T-07,824.44,532.18
J-006372,2025-09-12,North,T-11,767.2,566.51
J-006373,2025-09-12,West,T-06,708.98,428.4
J-006374,2025-09-12,South,T-07,1308.64,769.72
J-006375,2025-09-12,North,T-02,503.54,377.69
J-006376,2025-09-12,North,T-08,239.08,139.94
J-006377,2025-09-12,South,T-02,883.62,530.99
J-006378,2025-09-12,South,T-03,2618.31,1856.34
J-006379,2025-09-12,North,T-05,1648.8,1274.32
J-006380,2025-09-12,South,T-11,1700.77,990.09
J-006381,2025-09-12,East,T-03,411.28,259.98
J-006382,2025-09-12,West,T-02,498.16,283.08
J-006383,2025-09-12,South,T-01,682.26,460.27
J-006384,2025-09-12,West,T-02,1114.5,743.51
J-006385,2025-09-12,West,T-05,292.99,196.67
J-006386,2025-09-12,South,T-09,707.36,394.97
J-006387,2025-09-12,North,T-02,748.26,487.64
J-006388,2025-09-12,North,T-09,914.06,547.29
J-006389,2025-09-12,South,T-11,952.8,663.33
J-006390,2025-09-12,East,T-10,257.85,187.94
J-006391,2025-09-13,North,T-01,911.53,698.79
J-006392,2025-09-13,East,T-10,822.01,535.86
J-006393,2025-09-13,West,T-05,446.09,259.57
J-006394,2025-09-13,North,T-09,509.61,339.31
J-006395,2025-09-13,East,T-01,1003.84,703.77
J-006396,2025-09-13,West,T-09,541.08,351.07
J-006397,2025-09-13,South,T-10,2399.15,1458.78
J-006398,2025-09-13,North,T-08,726.69,452.56
J-006399,2025-09-13,South,T-06,965.81,700.23
J-006400,2025-09-13,North,T-08,424.07,250.36
J-006401,2025-09-13,East,T-07,735.82,482.31
J-006402,2025-09-13,West,T-09,325.63,196.86
J-006403,2025-09-13,North,T-03,612.54,437.84
J-006404,2025-09-13,North,T-08,947.87,587.56
J-006405,2025-09-14,East,T-08,770.83,441.03
J-006406,2025-09-14,West,T-11,1291.02,925.5
J-006407,2025-09-14,East,T-12,866.81,533.26
J-006408,2025-09-14,South,T-02,554.55,367.65
J-006409,2025-09-15,West,T-10,378.12,266.68
J-006410,2025-09-15,West,T-10,1208.04,817.17
J-006411,2025-09-15,North,T-12,1819.84,1116.65
J-006412,2025-09-15,North,T-01,279.45,164.91
J-006413,2025-09-15,South,T-09,540.05,364.45
J-006414,2025-09-15,East,T-10,291.96,209.95
J-006415,2025-09-15,West,T-10,1462.16,862.05
J-006416,2025-09-15,North,T-04,277.31,178.19
J-006417,2025-09-15,North,T-12,1009.78,716.72
J-006418,2025-09-15,West,T-06,997.55,643.99
J-006419,2025-09-15,West,T-10,743.8,473.52
J-006420,2025-09-15,North,T-10,513.52,307.13
J-006421,2025-09-15,South,T-03,493.12,353.97
J-006422,2025-09-15,West,T-12,775.38,553.62
J-006423,2025-09-15,North,T-03,708.42,430.56
J-006424,2025-09-15,West,T-09,218.82,115.64
J-006425,2025-09-15,East,T-07,915.93,707.89
J-006426,2025-09-15,South,T-09,710.95,520.94
J-006427,2025-09-15,East,T-10,913.69,571.05
J-006428,2025-09-15,West,T-05,812.35,524.01
J-006429,2025-09-15,East,T-05,1093.38,623.73
J-006430,2025-09-15,East,T-05,1022.37,618.69
J-006431,2025-09-15,West,T-04,369.35,259.93
J-006432,2025-09-15,East,T-11,739.86,411.65
J-006433,2025-09-15,South,T-01,639.76,429.17
J-006434,2025-09-15,South,T-08,987.11,715.9
J-006435,2025-09-15,North,T-09,793.87,498.18
J-006436,2025-09-15,South,T-08,1593.56,1107.39
J-006437,2025-09-15,North,T-04,541.98,317.66
J-006438,2025-09-15,North,T-09,1609.69,793.32
J-006439,2025-09-15,East,T-10,837.64,581.77
J-006440,2025-09-15,South,T-01,1026.1,584.38
J-006441,2025-09-15,West,T-12,804.2,512.28
J-006442,2025-09-16,North,T-05,651.15,443.99
J-006443,2025-09-16,North,T-07,477.1,332.38
J-006444,2025-09-16,North,T-01,950.97,656.84
J-006445,2025-09-16,North,T-11,396.16,209.09
J-006446,2025-09-16,North,T-09,851.45,557.29
J-006447,2025-09-16,East,T-03,793.65,460.6
J-006448,2025-09-16,South,T-03,569.33,379.3
J-006449,2025-09-16,West,T-08,744.06,470.25
J-006450,2025-09-16,North,T-02,1049.87,647.28
J-006451,2025-09-16,North,T-01,607.48,395.96
J-006452,2025-09-16,North,T-02,527.88,327.59
J-006453,2025-09-16,South,T-04,250.58,158.77
J-006454,2025-09-16,West,T-07,228.4,150.16
J-006455,2025-09-16,North,T-01,620.59,397.07
J-006456,2025-09-16,East,T-02,554.37,321.26
J-006457,2025-09-16,South,T-09,261.93,180.71
J-006458,2025-09-16,South,T-11,522.85,379.51
J-006459,2025-09-16,South,T-12,578.95,358.38
J-006460,2025-09-16,South,T-11,351.97,248.13
J-006461,2025-09-16,West,T-03,1468.5,995.27
J-006462,2025-09-16,North,T-12,762.79,522.74
J-006463,2025-09-16,East,T-05,712.2,437.67
J-006464,2025-09-16,East,T-01,438.35,271.34
J-006465,2025-09-16,North,T-07,876.79,521.57
J-006466,2025-09-16,North,T-01,511.09,312.37
J-006467,2025-09-17,South,T-09,627.21,415.35
J-006468,2025-09-17,East,T-06,261.96,149.94
J-006469,2025-09-17,North,T-08,755.82,528.03
J-006470,2025-09-17,North,T-09,586.34,381.12
J-006471,2025-09-17,North,T-12,859.74,544.32
J-006472,2025-09-17,East,T-08,388.83,249.9
J-006473,2025-09-17,North,T-08,911.19,560.87
J-006474,2025-09-17,South,T-01,673.52,372.04
J-006475,2025-09-17,South,T-02,389.21,252.9
J-006476,2025-09-17,North,T-01,495.77,311.04
J-006477,2025-09-17,North,T-03,549.93,352.66
J-006478,2025-09-17,East,T-11,706.98,420.06
J-006479,2025-09-17,West,T-09,602.79,436.16
J-006480,2025-09-17,North,T-09,872.54,651.93
J-006481,2025-09-17,North,T-10,391.75,244.4
J-006482,2025-09-17,West,T-11,822.69,509.53
J-006483,2025-09-17,South,T-12,1094.43,626.66
J-006484,2025-09-17,West,T-02,386.53,261.58
J-006485,2025-09-17,West,T-08,1057.69,627.09
J-006486,2025-09-17,South,T-01,620.7,405.03
J-006487,2025-09-17,West,T-07,863.9,506.54
J-006488,2025-09-17,South,T-12,228.26,150.5
J-006489,2025-09-17,West,T-04,451.56,276.89
J-006490,2025-09-17,East,T-12,1158.01,872.16
J-006491,2025-09-17,East,T-04,308.6,196.53
J-006492,2025-09-18,North,T-03,427.89,252.92
J-006493,2025-09-18,North,T-08,761.97,452.22
J-006494,2025-09-18,South,T-08,549.43,309.94
J-006495,2025-09-18,West,T-02,455.71,310.53
J-006496,2025-09-18,South,T-07,1646.08,1091.35
J-006497,2025-09-18,North,T-01,507.87,289.04
J-006498,2025-09-18,East,T-07,261.1,145.74
J-006499,2025-09-18,South,T-08,392.68,252.34
J-006500,2025-09-18,North,T-10,895.32,541.58
J-006501,2025-09-18,North,T-07,411.76,270.56
J-006502,2025-09-18,North,T-06,629.27,401.31
J-006503,2025-09-18,West,T-03,797.24,475.73
J-006504,2025-09-18,East,T-12,473.33,270.48
J-006505,2025-09-18,North,T-01,325.8,212.57
J-006506,2025-09-18,North,T-12,394.42,271.05
J-006507,2025-09-18,East,T-06,205.23,127.25
J-006508,2025-09-18,North,T-08,439.93,296.42
J-006509,2025-09-18,North,T-11,330.03,200.29
J-006510,2025-09-18,South,T-05,1069.59,739.15
J-006511,2025-09-18,South,T-06,357.95,204.35
J-006512,2025-09-18,West,T-05,285.77,197.19
J-006513,2025-09-18,East,T-10,449.9,290.13
J-006514,2025-09-18,North,T-09,534.27,342.84
J-006515,2025-09-18,North,T-04,636.66,461.78
J-006516,2025-09-18,West,T-01,449.02,305.29
J-006517,2025-09-18,East,T-12,257.95,158.94
J-006518,2025-09-18,East,T-08,366.18,205.35
J-006519,2025-09-18,North,T-06,625.97,398.37
J-006520,2025-09-18,East,T-10,551.59,339.9
J-006521,2025-09-19,South,T-12,1167.77,742.6
J-006522,2025-09-19,East,T-10,1698.87,1094.85
J-006523,2025-09-19,North,T-01,1796.49,1293.09
J-006524,2025-09-19,East,T-11,503.8,266.99
J-006525,2025-09-19,North,T-01,706.69,375.92
J-006526,2025-09-19,East,T-02,504.14,312.44
J-006527,2025-09-19,North,T-03,319.13,213.67
J-006528,2025-09-19,East,T-07,551.68,440.02
J-006529,2025-09-19,West,T-08,474.08,323.56
J-006530,2025-09-19,West,T-01,1197.33,809.77
J-006531,2025-09-19,South,T-04,744.72,445.69
J-006532,2025-09-19,West,T-04,1038.16,690.95
J-006533,2025-09-19,North,T-11,1009.15,544.22
J-006534,2025-09-19,North,T-09,442.99,334.72
J-006535,2025-09-19,West,T-07,451.46,302.76
J-006536,2025-09-19,East,T-04,1389.73,944.02
J-006537,2025-09-19,West,T-01,636.02,427.3
J-006538,2025-09-19,North,T-09,687.09,454.61
J-006539,2025-09-19,West,T-11,649.35,392.01
J-006540,2025-09-20,West,T-10,240.23,141.84
J-006541,2025-09-20,West,T-04,614.94,437.98
J-006542,2025-09-20,East,T-04,3371.98,1660.6
J-006543,2025-09-20,South,T-03,704.08,442.98
J-006544,2025-09-20,East,T-04,567.58,364.24
J-006545,2025-09-20,North,T-08,856.48,557.84
J-006546,2025-09-20,North,T-08,813.91,558.14
J-006547,2025-09-21,North,T-02,747.61,486.62
J-006548,2025-09-21,East,T-07,470.84,284.38
J-006549,2025-09-21,North,T-08,695.08,503.12
J-006550,2025-09-21,East,T-01,406.12,250.73
J-006551,2025-09-21,North,T-06,791.81,571.04
J-006552,2025-09-21,South,T-04,548.73,330.46
J-006553,2025-09-21,South,T-09,488.06,288.69
J-006554,2025-09-22,South,T-08,1159.33,791.17
J-006555,2025-09-22,South,T-03,485.33,335.39
J-006556,2025-09-22,North,T-10,1547.18,1036.46
J-006557,2025-09-22,West,T-09,504.08,318.55
J-006558,2025-09-22,North,T-07,778.16,499.24
J-006559,2025-09-22,North,T-12,532.05,351.53
J-006560,2025-09-22,South,T-09,263.34,159.13
J-006561,2025-09-22,West,T-11,447.78,275.21
J-006562,2025-09-22,North,T-05,2033.87,1147.78
J-006563,2025-09-22,South,T-05,626.91,376.49
J-006564,2025-09-22,East,T-04,454.23,339.49
J-006565,2025-09-22,South,T-03,601.64,391.91
J-006566,2025-09-22,North,T-01,2572.41,1763.51
J-006567,2025-09-22,North,T-02,328.73,215.06
J-006568,2025-09-22,West,T-10,541.98,307.97
J-006569,2025-09-22,West,T-01,1041.12,539.95
J-006570,2025-09-22,South,T-04,576.16,320.19
J-006571,2025-09-22,East,T-05,533.21,292.78
J-006572,2025-09-22,North,T-06,325.71,214.03
J-006573,2025-09-22,West,T-04,1429.65,882.34
J-006574,2025-09-22,East,T-10,751.34,491.22
J-006575,2025-09-22,East,T-01,738.34,454.09
J-006576,2025-09-22,South,T-04,1016.65,735.31
J-006577,2025-09-22,South,T-01,2262.75,1351.41
J-006578,2025-09-22,North,T-01,847.99,546.37
J-006579,2025-09-22,North,T-01,771.55,589.43
J-006580,2025-09-22,North,T-06,516.07,344.88
J-006581,2025-09-22,West,T-04,753.95,444.1
J-006582,2025-09-23,South,T-05,690.01,516.57
J-006583,2025-09-23,North,T-05,2062.01,1378.16
J-006584,2025-09-23,North,T-04,547.47,363.75
J-006585,2025-09-23,East,T-08,1024.39,653.7
J-006586,2025-09-23,East,T-04,976.83,669.13
J-006587,2025-09-23,North,T-07,450.26,270.2
J-006588,2025-09-23,North,T-04,965.9,579.04
J-006589,2025-09-23,West,T-03,378.02,210.37
J-006590,2025-09-23,North,T-06,714.79,539.3
J-006591,2025-09-23,South,T-10,690.7,400.98
J-006592,2025-09-23,South,T-02,314.01,178.87
J-006593,2025-09-23,East,T-06,470.47,286.99
J-006594,2025-09-23,North,T-08,708.12,489.23
J-006595,2025-09-23,West,T-04,880.4,560.7
J-006596,2025-09-23,East,T-05,1554.37,1020.26
J-006597,2025-09-23,South,T-01,901.39,579.58
J-006598,2025-09-23,South,T-01,552.59,386.68
J-006599,2025-09-23,West,T-11,863.85,528.15
J-006600,2025-09-23,North,T-02,667.85,431.49
J-006601,2025-09-23,South,T-11,1018.52,557.33
J-006602,2025-09-23,West,T-10,758.66,508.41
J-006603,2025-09-23,East,T-12,414.46,299.23
J-006604,2025-09-23,North,T-05,358.84,263.33
J-006605,2025-09-23,North,T-02,1046.61,651.28
J-006606,2025-09-23,South,T-06,500.4,344.31
J-006607,2025-09-23,North,T-08,743.31,357.75
J-006608,2025-09-23,East,T-08,962.4,667.13
J-006609,2025-09-24,South,T-10,1572.2,1033.42
J-006610,2025-09-24,North,T-04,1078.57,731.03
J-006611,2025-09-24,West,T-11,782.76,566.41
J-006612,2025-09-24,West,T-06,496.56,297.68
J-006613,2025-09-24,South,T-10,236.62,178.28
J-006614,2025-09-24,South,T-06,257.56,178.23
J-006615,2025-09-24,North,T-06,570.57,354.96
J-006616,2025-09-24,South,T-11,251.55,141.5
J-006617,2025-09-24,South,T-03,780.36,542.97
J-006618,2025-09-24,North,T-03,927.25,559.22
J-006619,2025-09-24,East,T-07,1358.14,1007.89
J-006620,2025-09-24,South,T-01,556.02,335.86
J-006621,2025-09-24,South,T-09,926.01,679.34
J-006622,2025-09-24,South,T-01,323.87,212.03
J-006623,2025-09-24,North,T-09,1289.17,931.69
J-006624,2025-09-24,South,T-02,1291.06,740.29
J-006625,2025-09-24,West,T-07,1599.61,920.61
J-006626,2025-09-24,West,T-04,708.71,502.45
J-006627,2025-09-24,North,T-07,864.3,625.24
J-006628,2025-09-24,North,T-01,2263.55,1712.55
J-006629,2025-09-24,North,T-05,675.67,437.95
J-006630,2025-09-24,East,T-08,1705.6,1095.41
J-006631,2025-09-24,North,T-11,940.29,600.59
J-006632,2025-09-24,East,T-04,920.29,610.5
J-006633,2025-09-24,South,T-03,1811.05,1175.64
J-006634,2025-09-25,North,T-12,954.16,651.15
J-006635,2025-09-25,North,T-12,856.97,582.79
J-006636,2025-09-25,West,T-06,1099.68,759.06
J-006637,2025-09-25,North,T-01,448.19,251.05
J-006638,2025-09-25,West,T-04,1143.99,772.27
J-006639,2025-09-25,North,T-01,454.86,290.65
J-006640,2025-09-25,North,T-06,534.98,329.66
J-006641,2025-09-25,West,T-01,1476.9,866.99
J-006642,2025-09-25,East,T-03,388.06,238.25
J-006643,2025-09-25,South,T-04,654.12,442.96
J-006644,2025-09-25,South,T-12,556.22,368.47
J-006645,2025-09-25,West,T-04,339.65,227.22
J-006646,2025-09-25,South,T-09,549.86,338.71
J-006647,2025-09-25,South,T-10,1638.56,1254.18
J-006648,2025-09-25,East,T-08,1096.16,687.33
J-006649,2025-09-25,South,T-05,1554.92,867.16
J-006650,2025-09-25,North,T-08,366.21,231.84
J-006651,2025-09-25,North,T-04,1150.6,818.62
J-006652,2025-09-25,South,T-02,287.87,208.82
J-006653,2025-09-25,West,T-09,633.29,442.22
J-006654,2025-09-26,South,T-06,919.47,599.7
J-006655,2025-09-26,West,T-07,387.88,244.78
J-006656,2025-09-26,East,T-06,475.54,279.25
J-006657,2025-09-26,North,T-03,1371.08,922.51
J-006658,2025-09-26,East,T-06,545.14,365.55
J-006659,2025-09-26,East,T-11,442.25,281.14
J-006660,2025-09-26,South,T-06,436.63,249.98
J-006661,2025-09-26,West,T-08,1183.83,798.85
J-006662,2025-09-26,North,T-09,483.4,335.2
J-006663,2025-09-26,West,T-12,1057.98,717.53
J-006664,2025-09-26,North,T-03,891.96,492.25
J-006665,2025-09-26,West,T-02,720.42,444.93
J-006666,2025-09-26,East,T-04,521.84,369.17
J-006667,2025-09-26,South,T-03,508.95,291.31
J-006668,2025-09-26,South,T-12,927.61,536.96
J-006669,2025-09-26,South,T-12,791.32,476.35
J-006670,2025-09-26,North,T-03,704.77,514.89
J-006671,2025-09-26,East,T-04,1125.04,683.07
J-006672,2025-09-26,West,T-03,452.59,283.56
J-006673,2025-09-26,East,T-06,736.4,457.92
J-006674,2025-09-26,West,T-06,965.8,716.49
J-006675,2025-09-26,West,T-03,1761.72,1131.99
J-006676,2025-09-27,South,T-02,603.64,323.3
J-006677,2025-09-27,West,T-04,604.8,333.82
J-006678,2025-09-27,North,T-08,684.03,438.76
J-006679,2025-09-27,West,T-06,357.03,225.24
J-006680,2025-09-27,South,T-09,513.56,318.08
J-006681,2025-09-27,North,T-09,1318.8,960.56
J-006682,2025-09-27,North,T-06,778.33,495.74
J-006683,2025-09-27,West,T-02,1293.34,908.33
J-006684,2025-09-27,South,T-05,2116.22,1303.51
J-006685,2025-09-27,East,T-01,595.54,383.21
J-006686,2025-09-27,East,T-02,869.32,479.31
J-006687,2025-09-27,South,T-05,703.63,438.48
J-006688,2025-09-27,South,T-02,404.31,256.1
J-006689,2025-09-27,North,T-07,1828.96,1271.82
J-006690,2025-09-27,South,T-02,494.97,356.09
J-006691,2025-09-27,East,T-01,868.27,522.34
J-006692,2025-09-27,East,T-06,351.65,275.11
J-006693,2025-09-28,West,T-06,395.65,268.05
J-006694,2025-09-28,South,T-07,397.96,232.67
J-006695,2025-09-28,South,T-06,793.29,504.37
J-006696,2025-09-28,South,T-07,1026.85,631.93
J-006697,2025-09-28,West,T-07,735.27,468.15
J-006698,2025-09-28,North,T-06,937.49,533.71
J-006699,2025-09-28,North,T-09,1195.85,684.17
J-006700,2025-09-28,East,T-11,307.81,169.41
J-006701,2025-09-28,West,T-10,979.35,702.74
J-006702,2025-09-28,South,T-05,448.63,264.5
J-006703,2025-09-29,South,T-02,1384.02,800.15
J-006704,2025-09-29,South,T-06,826.38,523.74
J-006705,2025-09-29,West,T-03,690.72,406.68
J-006706,2025-09-29,East,T-10,1085.45,798.26
J-006707,2025-09-29,South,T-07,451.57,258.18
J-006708,2025-09-29,East,T-03,1018.84,706.3
J-006709,2025-09-29,West,T-03,1022.16,734.19
J-006710,2025-09-29,West,T-07,391.1,247.28
J-006711,2025-09-29,East,T-03,1166.04,755.71
J-006712,2025-09-29,East,T-07,715.72,448.79
J-006713,2025-09-29,West,T-07,767.69,466.74
J-006714,2025-09-29,East,T-08,478.42,359.19
J-006715,2025-09-29,East,T-04,220.3,164.56
J-006716,2025-09-29,West,T-09,483.79,326.15
J-006717,2025-09-29,West,T-11,1121.32,703.26
J-006718,2025-09-29,North,T-06,561.63,294.44
J-006719,2025-09-29,South,T-11,2854.0,1514.67
J-006720,2025-09-29,East,T-04,1703.27,976.55
J-006721,2025-09-29,South,T-12,958.33,603.02
J-006722,2025-09-29,West,T-08,582.51,361.89
J-006723,2025-09-29,North,T-07,1018.43,708.67
J-006724,2025-09-29,North,T-08,802.11,559.54
J-006725,2025-09-29,North,T-05,589.18,406.05
J-006726,2025-09-29,East,T-05,1694.76,1050.75
J-006727,2025-09-29,South,T-11,368.52,207.74
J-006728,2025-09-29,South,T-11,525.22,325.56
J-006729,2025-09-29,South,T-03,1218.03,843.01
J-006730,2025-09-29,South,T-04,601.53,372.8
J-006731,2025-09-29,East,T-05,937.96,550.08
J-006732,2025-09-29,North,T-11,745.2,478.53
J-006733,2025-09-30,West,T-10,863.68,469.3
J-006734,2025-09-30,South,T-03,2270.65,1365.41
J-006735,2025-09-30,East,T-12,514.61,338.59
J-006736,2025-09-30,West,T-11,406.64,248.5
J-006737,2025-09-30,North,T-10,520.71,250.67
J-006738,2025-09-30,North,T-09,1039.54,628.87
J-006739,2025-09-30,North,T-06,955.3,510.73
J-006740,2025-09-30,West,T-10,1509.2,926.11
J-006741,2025-09-30,East,T-09,466.35,209.86
J-006742,2025-09-30,North,T-10,982.58,669.95
J-006743,2025-09-30,East,T-12,597.46,374.46
J-006744,2025-09-30,East,T-05,274.95,155.93
J-006745,2025-09-30,South,T-11,221.77,115.22
J-006746,2025-09-30,North,T-11,581.39,289.07
J-006747,2025-09-30,East,T-05,331.62,195.96
J-006748,2025-09-30,North,T-09,839.5,513.44
J-006749,2025-09-30,East,T-02,743.89,420.45
J-006750,2025-09-30,South,T-09,881.75,590.02
J-006751,2025-09-30,East,T-04,243.65,152.33
J-006752,2025-09-30,East,T-01,598.13,361.7
J-006753,2025-09-30,West,T-03,1230.88,754.26
J-006754,2025-09-30,South,T-07,810.69,520.75
J-006755,2025-09-30,South,T-01,1174.31,829.36
J-006756,2025-09-30,West,T-10,871.89,559.89
J-006757,2025-10-01,South,T-03,1633.49,1134.09
J-006758,2025-10-01,East,T-06,991.57,715.49
J-006759,2025-10-01,North,T-08,1170.56,731.26
J-006760,2025-10-01,North,T-04,1071.47,663.15
J-006761,2025-10-01,North,T-01,1600.61,960.18
J-006762,2025-10-01,South,T-05,837.23,555.29
J-006763,2025-10-01,South,T-07,1434.52,848.06
J-006764,2025-10-01,West,T-09,341.43,206.67
J-006765,2025-10-01,North,T-10,1572.66,1181.92
J-006766,2025-10-01,North,T-03,1089.63,747.4
J-006767,2025-10-01,South,T-02,706.37,447.41
J-006768,2025-10-01,South,T-03,640.51,394.33
J-006769,2025-10-01,South,T-01,1046.68,702.3
J-006770,2025-10-01,East,T-12,559.25,370.32
J-006771,2025-10-01,North,T-06,497.14,319.58
J-006772,2025-10-01,South,T-10,326.02,194.2
J-006773,2025-10-01,East,T-01,984.6,542.37
J-006774,2025-10-01,North,T-03,542.56,328.13
J-006775,2025-10-01,East,T-01,729.6,516.27
J-006776,2025-10-01,West,T-08,619.31,314.85
J-006777,2025-10-01,North,T-10,916.83,673.19
J-006778,2025-10-01,West,T-03,730.82,396.76
J-006779,2025-10-01,West,T-11,928.52,522.87
J-006780,2025-10-02,West,T-12,1352.63,882.45
J-006781,2025-10-02,South,T-06,366.14,242.88
J-006782,2025-10-02,South,T-09,545.81,324.69
J-006783,2025-10-02,North,T-03,261.85,187.78
J-006784,2025-10-02,South,T-10,573.51,375.29
J-006785,2025-10-02,North,T-08,1154.34,814.89
J-006786,2025-10-02,West,T-10,568.98,365.91
J-006787,2025-10-02,South,T-11,485.45,337.68
J-006788,2025-10-02,South,T-04,817.13,535.14
J-006789,2025-10-02,East,T-02,502.07,289.83
J-006790,2025-10-02,South,T-02,909.24,503.76
J-006791,2025-10-02,East,T-10,764.26,523.25
J-006792,2025-10-02,North,T-04,661.11,445.68
J-006793,2025-10-02,North,T-01,436.92,325.63
J-006794,2025-10-02,South,T-10,488.39,344.99
J-006795,2025-10-02,South,T-09,795.86,454.36
J-006796,2025-10-02,East,T-09,1129.53,725.41
J-006797,2025-10-02,West,T-02,620.82,482.22
J-006798,2025-10-02,West,T-02,564.23,343.06
J-006799,2025-10-03,East,T-03,345.19,209.3
J-006800,2025-10-03,South,T-05,971.32,716.0
J-006801,2025-10-03,East,T-05,614.18,424.6
J-006802,2025-10-03,East,T-03,1107.9,723.06
J-006803,2025-10-03,West,T-02,444.04,318.41
J-006804,2025-10-03,West,T-01,754.28,498.44
J-006805,2025-10-03,North,T-04,560.92,370.14
J-006806,2025-10-03,West,T-05,788.03,543.87
J-006807,2025-10-03,East,T-02,887.36,611.48
J-006808,2025-10-03,East,T-04,235.72,167.26
J-006809,2025-10-03,West,T-08,386.32,221.67
J-006810,2025-10-03,North,T-01,403.95,241.96
J-006811,2025-10-03,North,T-04,891.85,585.73
J-006812,2025-10-03,North,T-05,500.95,352.07
J-006813,2025-10-03,East,T-04,465.18,316.94
J-006814,2025-10-03,North,T-05,979.59,663.92
J-006815,2025-10-03,North,T-09,969.87,608.27
J-006816,2025-10-03,East,T-08,806.73,518.79
J-006817,2025-10-03,East,T-09,954.81,558.83
J-006818,2025-10-03,South,T-08,599.26,399.29
J-006819,2025-10-03,North,T-01,884.38,571.49
J-006820,2025-10-03,North,T-06,1506.17,1003.58
J-006821,2025-10-03,South,T-09,830.16,579.91
J-006822,2025-10-04,South,T-05,875.54,628.25
J-006823,2025-10-04,South,T-07,833.68,500.49
J-006824,2025-10-04,East,T-02,461.75,215.15
J-006825,2025-10-04,North,T-08,973.08,627.17
J-006826,2025-10-04,North,T-12,1149.75,771.15
J-006827,2025-10-04,South,T-11,226.07,138.03
J-006828,2025-10-04,North,T-01,748.49,509.82
J-006829,2025-10-04,South,T-10,940.99,554.61
J-006830,2025-10-04,North,T-08,956.52,641.95
J-006831,2025-10-04,North,T-06,578.29,377.43
J-006832,2025-10-04,South,T-05,2504.04,1464.24
J-006833,2025-10-04,South,T-02,362.74,240.55
J-006834,2025-10-05,West,T-10,1111.15,713.31
J-006835,2025-10-05,East,T-08,550.18,284.45
J-006836,2025-10-05,North,T-08,535.01,329.23
J-006837,2025-10-05,South,T-05,452.52,299.8
J-006838,2025-10-05,North,T-11,1372.45,891.69
J-006839,2025-10-05,West,T-10,556.67,340.71
J-006840,2025-10-05,West,T-06,816.59,475.46
J-006841,2025-10-06,South,T-10,578.75,408.18
J-006842,2025-10-06,North,T-01,1320.95,795.79
J-006843,2025-10-06,North,T-06,404.29,279.52
J-006844,2025-10-06,West,T-12,495.83,337.35
J-006845,2025-10-06,East,T-07,657.01,442.33
J-006846,2025-10-06,North,T-08,381.55,228.88
J-006847,2025-10-06,South,T-07,1028.5,642.69
J-006848,2025-10-06,South,T-07,680.59,439.96
J-006849,2025-10-06,North,T-06,418.55,264.14
J-006850,2025-10-06,North,T-04,616.67,434.23
J-006851,2025-10-06,East,T-02,527.56,337.48
J-006852,2025-10-06,North,T-06,1609.7,878.57
J-006853,2025-10-06,West,T-02,692.35,416.67
J-006854,2025-10-06,East,T-08,772.85,500.09
J-006855,2025-10-06,South,T-12,356.62,232.01
J-006856,2025-10-06,East,T-01,868.44,617.79
J-006857,2025-10-06,West,T-09,548.93,322.82
J-006858,2025-10-06,West,T-11,1463.32,845.65
J-006859,2025-10-06,South,T-01,1040.31,723.21
J-006860,2025-10-06,West,T-02,910.12,633.23
J-006861,2025-10-06,South,T-09,1322.41,925.05
J-006862,2025-10-06,East,T-11,1021.11,705.66
J-006863,2025-10-06,West,T-04,676.45,446.38
J-006864,2025-10-06,North,T-06,1132.16,816.7
J-006865,2025-10-06,East,T-02,1100.06,771.28
J-006866,2025-10-06,North,T-09,857.15,461.25
J-006867,2025-10-06,South,T-07,463.35,249.95
J-006868,2025-10-06,East,T-10,1371.97,893.02
J-006869,2025-10-06,West,T-10,876.99,615.0
J-006870,2025-10-06,South,T-04,633.79,430.49
J-006871,2025-10-06,East,T-06,500.23,310.01
J-006872,2025-10-06,South,T-11,969.49,692.69
J-006873,2025-10-06,East,T-01,1821.83,1268.56
J-006874,2025-10-07,North,T-05,831.66,566.28
J-006875,2025-10-07,East,T-04,469.04,266.29
J-006876,2025-10-07,East,T-12,537.17,265.42
J-006877,2025-10-07,South,T-05,1210.9,780.71
J-006878,2025-10-07,North,T-08,864.36,547.32
J-006879,2025-10-07,North,T-05,900.85,568.91
J-006880,2025-10-07,South,T-01,606.26,427.86
J-006881,2025-10-07,East,T-03,687.29,399.56
J-006882,2025-10-07,East,T-10,433.5,288.83
J-006883,2025-10-07,West,T-07,224.78,151.4
J-006884,2025-10-07,North,T-07,1115.38,729.54
J-006885,2025-10-07,North,T-09,440.59,300.67
J-006886,2025-10-07,East,T-06,1028.35,728.05
J-006887,2025-10-07,East,T-03,2013.25,1381.92
J-006888,2025-10-07,East,T-09,436.42,235.53
J-006889,2025-10-07,South,T-08,1287.83,773.13
J-006890,2025-10-07,West,T-12,768.33,432.84
J-006891,2025-10-07,North,T-03,550.77,408.77
J-006892,2025-10-07,South,T-07,1644.12,1086.14
J-006893,2025-10-07,South,T-07,653.89,482.65
J-006894,2025-10-07,North,T-02,344.53,195.67
J-006895,2025-10-07,South,T-06,654.49,386.11
J-006896,2025-10-07,South,T-05,2076.02,1545.17
J-006897,2025-10-07,West,T-09,950.97,653.44
J-006898,2025-10-07,North,T-04,448.69,307.78
J-006899,2025-10-07,North,T-07,964.77,714.54
J-006900,2025-10-07,East,T-01,615.82,374.68
J-006901,2025-10-08,South,T-03,531.67,339.79
J-006902,2025-10-08,East,T-12,671.51,474.82
J-006903,2025-10-08,South,T-07,372.94,231.86
J-006904,2025-10-08,West,T-12,1411.22,927.75
J-006905,2025-10-08,South,T-05,1348.14,799.78
J-006906,2025-10-08,South,T-09,1043.45,699.78
J-006907,2025-10-08,South,T-08,348.71,209.64
J-006908,2025-10-08,North,T-08,565.44,365.12
J-006909,2025-10-08,East,T-07,301.54,208.99
J-006910,2025-10-08,West,T-12,352.26,206.85
J-006911,2025-10-08,West,T-07,1260.93,688.9
J-006912,2025-10-08,West,T-05,502.4,323.7
J-006913,2025-10-08,South,T-02,235.76,158.67
J-006914,2025-10-08,South,T-08,703.34,476.6
J-006915,2025-10-08,North,T-04,393.68,249.57
J-006916,2025-10-08,North,T-09,1164.18,815.73
J-006917,2025-10-08,East,T-04,1192.04,689.88
J-006918,2025-10-08,South,T-04,246.42,177.9
J-006919,2025-10-08,East,T-11,720.87,416.77
J-006920,2025-10-08,West,T-03,1473.46,950.83
J-006921,2025-10-08,East,T-07,662.2,468.39
J-006922,2025-10-08,North,T-12,540.05,334.38
J-006923,2025-10-08,North,T-09,748.69,461.72
J-006924,2025-10-08,South,T-10,1009.78,738.25
J-006925,2025-10-08,West,T-12,2061.64,1458.92
J-006926,2025-10-08,South,T-08,296.3,177.08
J-006927,2025-10-08,West,T-10,422.24,214.6
J-006928,2025-10-08,South,T-09,1081.96,834.34
J-006929,2025-10-08,North,T-01,825.41,508.52
J-006930,2025-10-08,South,T-09,636.64,450.27
J-006931,2025-10-08,South,T-03,329.44,209.88
J-006932,2025-10-09,North,T-09,355.71,229.33
J-006933,2025-10-09,North,T-03,721.99,572.0
J-006934,2025-10-09,North,T-03,919.13,599.82
J-006935,2025-10-09,West,T-02,768.15,471.61
J-006936,2025-10-09,East,T-02,263.48,186.66
J-006937,2025-10-09,North,T-11,729.81,433.78
J-006938,2025-10-09,North,T-09,1092.52,777.2
J-006939,2025-10-09,East,T-06,519.97,279.96
J-006940,2025-10-09,East,T-12,388.95,249.61
J-006941,2025-10-09,West,T-06,318.32,177.36
J-006942,2025-10-09,East,T-02,877.63,569.4
J-006943,2025-10-09,South,T-12,448.55,293.34
J-006944,2025-10-09,South,T-06,1194.75,645.19
J-006945,2025-10-09,East,T-02,290.11,172.86
J-006946,2025-10-09,East,T-07,629.2,380.21
J-006947,2025-10-09,North,T-02,370.56,244.05
J-006948,2025-10-09,North,T-03,1245.88,726.36
J-006949,2025-10-09,West,T-06,372.66,231.65
J-006950,2025-10-09,South,T-07,276.68,192.88
J-006951,2025-10-09,South,T-02,600.18,351.81
J-006952,2025-10-09,North,T-07,1039.46,564.03
J-006953,2025-10-09,North,T-04,832.3,485.0
J-006954,2025-10-09,South,T-06,1312.35,756.32
J-006955,2025-10-09,West,T-10,434.65,284.64
J-006956,2025-10-10,South,T-03,342.95,239.15
J-006957,2025-10-10,East,T-10,1221.37,722.51
J-006958,2025-10-10,East,T-04,755.36,402.36
J-006959,2025-10-10,North,T-02,756.16,423.13
J-006960,2025-10-10,North,T-12,1117.73,777.52
J-006961,2025-10-10,East,T-08,287.45,191.93
J-006962,2025-10-10,North,T-03,471.4,319.66
J-006963,2025-10-10,East,T-03,531.7,314.73
J-006964,2025-10-10,South,T-06,998.6,603.45
J-006965,2025-10-10,West,T-10,692.2,449.4
J-006966,2025-10-10,North,T-01,593.73,399.36
J-006967,2025-10-10,East,T-08,911.71,560.99
J-006968,2025-10-10,East,T-09,531.25,386.5
J-006969,2025-10-10,East,T-02,342.16,206.96
J-006970,2025-10-10,South,T-06,1001.11,637.04
J-006971,2025-10-10,North,T-04,650.83,450.13
J-006972,2025-10-10,West,T-07,617.8,371.98
J-006973,2025-10-10,South,T-04,1476.99,1043.29
J-006974,2025-10-10,West,T-11,418.68,245.82
J-006975,2025-10-10,West,T-07,268.04,195.74
J-006976,2025-10-10,East,T-12,656.41,448.56
J-006977,2025-10-10,South,T-07,576.53,356.98
J-006978,2025-10-10,West,T-07,576.62,349.84
J-006979,2025-10-10,East,T-11,612.07,408.25
J-006980,2025-10-10,East,T-07,1373.81,762.23
J-006981,2025-10-10,West,T-02,485.45,316.54
J-006982,2025-10-10,West,T-10,860.06,514.6
J-006983,2025-10-10,North,T-11,510.12,384.3
J-006984,2025-10-10,South,T-02,403.52,230.25
J-006985,2025-10-11,North,T-03,578.08,361.24
J-006986,2025-10-11,West,T-02,1475.46,868.78
J-006987,2025-10-11,West,T-06,120.29,71.2
J-006988,2025-10-11,South,T-11,1055.2,609.84
J-006989,2025-10-11,East,T-10,1240.1,894.65
J-006990,2025-10-11,East,T-12,433.9,297.64
J-006991,2025-10-11,North,T-05,661.78,399.44
J-006992,2025-10-11,West,T-11,368.05,232.92
J-006993,2025-10-11,South,T-04,656.49,451.44
J-006994,2025-10-11,South,T-12,470.91,293.41
J-006995,2025-10-11,South,T-11,934.93,736.69
J-006996,2025-10-11,East,T-01,476.64,335.92
J-006997,2025-10-11,North,T-06,543.63,415.3
J-006998,2025-10-11,South,T-09,1407.2,785.64
J-006999,2025-10-11,South,T-04,174.09,120.03
J-007000,2025-10-11,West,T-11,991.87,701.46
J-007001,2025-10-12,West,T-12,699.27,431.57
J-007002,2025-10-12,North,T-06,611.7,380.82
J-007003,2025-10-12,South,T-09,284.72,160.41
J-007004,2025-10-12,North,T-10,582.98,385.72
J-007005,2025-10-12,East,T-01,765.44,484.26
J-007006,2025-10-12,West,T-05,1149.97,668.77
J-007007,2025-10-12,North,T-06,808.67,477.66
J-007008,2025-10-12,East,T-06,599.52,468.71
J-007009,2025-10-12,West,T-05,292.66,180.47
J-007010,2025-10-13,North,T-02,702.93,501.79
J-007011,2025-10-13,East,T-08,1012.65,692.91
J-007012,2025-10-13,East,T-09,845.12,520.45
J-007013,2025-10-13,West,T-05,1427.0,880.66
J-007014,2025-10-13,North,T-08,627.99,333.43
J-007015,2025-10-13,West,T-02,677.97,341.53
J-007016,2025-10-13,South,T-07,426.85,297.03
J-007017,2025-10-13,North,T-04,475.82,295.98
J-007018,2025-10-13,East,T-09,601.67,401.67
J-007019,2025-10-13,North,T-12,681.61,455.38
J-007020,2025-10-13,North,T-05,476.09,312.37
J-007021,2025-10-13,West,T-03,709.64,435.68
J-007022,2025-10-13,West,T-09,2127.2,1339.05
J-007023,2025-10-13,South,T-12,453.82,363.59
J-007024,2025-10-13,East,T-06,963.36,744.2
J-007025,2025-10-13,South,T-08,390.94,293.82
J-007026,2025-10-13,East,T-01,1465.12,982.8
J-007027,2025-10-13,East,T-12,769.23,533.93
J-007028,2025-10-13,East,T-06,613.63,378.26
J-007029,2025-10-13,South,T-02,541.42,360.67
J-007030,2025-10-13,West,T-02,760.03,460.6
J-007031,2025-10-13,South,T-09,294.94,186.64
J-007032,2025-10-13,East,T-01,475.73,245.93
J-007033,2025-10-13,North,T-02,605.7,440.23
J-007034,2025-10-13,East,T-12,382.31,248.72
J-007035,2025-10-13,South,T-09,2496.05,1560.14
J-007036,2025-10-14,North,T-03,671.38,450.54
J-007037,2025-10-14,East,T-08,949.75,617.1
J-007038,2025-10-14,South,T-08,552.08,291.92
J-007039,2025-10-14,East,T-03,407.9,239.49
J-007040,2025-10-14,East,T-01,769.55,503.44
J-007041,2025-10-14,North,T-06,1117.72,751.18
J-007042,2025-10-14,North,T-04,570.96,410.14
J-007043,2025-10-14,East,T-12,1013.42,692.39
J-007044,2025-10-14,North,T-08,636.77,374.94
J-007045,2025-10-14,South,T-12,480.67,313.38
J-007046,2025-10-14,South,T-07,591.28,354.29
J-007047,2025-10-14,East,T-01,417.63,214.28
J-007048,2025-10-14,North,T-12,1721.13,1179.38
J-007049,2025-10-14,North,T-10,338.87,213.6
J-007050,2025-10-14,East,T-06,959.58,683.77
J-007051,2025-10-14,West,T-04,555.34,448.89
J-007052,2025-10-14,West,T-12,751.52,505.73
J-007053,2025-10-14,North,T-05,530.71,409.79
J-007054,2025-10-14,East,T-09,1583.68,1094.24
J-007055,2025-10-14,North,T-12,749.97,418.06
J-007056,2025-10-14,North,T-02,767.58,521.35
J-007057,2025-10-14,West,T-06,649.3,444.7
J-007058,2025-10-14,North,T-02,952.78,564.03
J-007059,2025-10-15,South,T-12,1172.57,755.98
J-007060,2025-10-15,West,T-09,896.34,529.02
J-007061,2025-10-15,East,T-08,882.63,608.48
J-007062,2025-10-15,East,T-04,371.5,283.23
J-007063,2025-10-15,West,T-07,249.5,144.26
J-007064,2025-10-15,West,T-03,206.93,130.95
J-007065,2025-10-15,South,T-07,164.85,112.89
J-007066,2025-10-15,East,T-11,382.01,224.72
J-007067,2025-10-15,East,T-05,577.67,377.32
J-007068,2025-10-15,East,T-05,715.78,469.27
J-007069,2025-10-15,South,T-04,985.96,707.36
J-007070,2025-10-15,West,T-03,1000.35,665.31
J-007071,2025-10-15,South,T-09,472.88,290.68
J-007072,2025-10-15,East,T-12,593.39,355.0
J-007073,2025-10-15,West,T-09,1680.5,1042.38
J-007074,2025-10-15,South,T-06,860.45,572.41
J-007075,2025-10-15,South,T-01,455.75,280.38
J-007076,2025-10-15,West,T-03,844.36,541.07
J-007077,2025-10-15,East,T-07,1529.44,1033.36
J-007078,2025-10-15,South,T-10,277.45,169.36
J-007079,2025-10-15,North,T-12,723.74,477.35
J-007080,2025-10-15,North,T-12,321.63,190.42
J-007081,2025-10-15,West,T-07,775.93,435.35
J-007082,2025-10-15,South,T-11,841.25,462.23
J-007083,2025-10-15,East,T-08,806.15,502.78
J-007084,2025-10-15,West,T-07,1947.62,1337.99
J-007085,2025-10-15,West,T-03,1077.4,788.5
J-007086,2025-10-15,East,T-04,488.89,279.97
J-007087,2025-10-15,East,T-02,741.9,457.56
J-007088,2025-10-15,West,T-08,642.94,484.59
J-007089,2025-10-16,South,T-02,418.48,236.25
J-007090,2025-10-16,West,T-10,505.17,291.06
J-007091,2025-10-16,West,T-12,329.27,230.69
J-007092,2025-10-16,West,T-10,1165.09,778.95
J-007093,2025-10-16,South,T-08,1366.68,898.38
J-007094,2025-10-16,South,T-02,1148.16,617.35
J-007095,2025-10-16,North,T-05,1117.92,713.34
J-007096,2025-10-16,North,T-12,698.66,466.31
J-007097,2025-10-16,North,T-07,763.57,426.31
J-007098,2025-10-16,West,T-05,366.25,205.87
J-007099,2025-10-16,West,T-07,352.23,243.19
J-007100,2025-10-16,North,T-10,1415.67,984.86
J-007101,2025-10-16,North,T-11,231.77,158.24
J-007102,2025-10-16,North,T-07,682.5,514.49
J-007103,2025-10-16,West,T-10,333.86,243.11
J-007104,2025-10-16,North,T-02,1431.25,1063.98
J-007105,2025-10-16,East,T-12,339.2,234.24
J-007106,2025-10-16,South,T-04,388.1,261.98
J-007107,2025-10-16,South,T-09,629.13,350.24
J-007108,2025-10-16,West,T-02,1189.17,611.02
J-007109,2025-10-16,East,T-07,475.16,305.13
J-007110,2025-10-16,South,T-09,686.19,439.69
J-007111,2025-10-16,East,T-09,432.17,305.66
J-007112,2025-10-16,South,T-09,1027.91,712.08
J-007113,2025-10-16,South,T-07,546.8,344.99
J-007114,2025-10-16,South,T-06,1266.46,772.53
J-007115,2025-10-17,South,T-08,654.1,417.06
J-007116,2025-10-17,West,T-08,915.32,473.53
J-007117,2025-10-17,North,T-05,1064.25,726.44
J-007118,2025-10-17,West,T-04,972.53,552.23
J-007119,2025-10-17,East,T-12,353.84,223.02
J-007120,2025-10-17,East,T-06,844.45,511.54
J-007121,2025-10-17,East,T-02,421.55,268.9
J-007122,2025-10-17,East,T-10,938.06,673.64
J-007123,2025-10-17,West,T-10,154.82,95.09
J-007124,2025-10-17,North,T-04,260.69,173.87
J-007125,2025-10-17,North,T-11,472.72,295.54
J-007126,2025-10-17,East,T-03,699.52,398.76
J-007127,2025-10-17,North,T-12,471.34,342.98
J-007128,2025-10-17,South,T-05,708.13,496.27
J-007129,2025-10-17,South,T-10,993.55,723.95
J-007130,2025-10-17,South,T-06,1338.96,876.91
J-007131,2025-10-17,South,T-06,765.21,478.51
J-007132,2025-10-17,North,T-12,407.62,252.6
J-007133,2025-10-17,South,T-08,343.59,233.48
J-007134,2025-10-17,South,T-01,601.7,370.41
J-007135,2025-10-17,East,T-12,693.4,445.63
J-007136,2025-10-17,North,T-08,1937.3,1292.9
J-007137,2025-10-17,East,T-07,397.96,267.46
J-007138,2025-10-18,South,T-06,1064.13,739.77
J-007139,2025-10-18,South,T-04,1077.96,710.76
J-007140,2025-10-18,South,T-05,860.69,516.09
J-007141,2025-10-18,South,T-07,1400.93,977.63
J-007142,2025-10-18,East,T-10,519.6,316.65
J-007143,2025-10-18,East,T-05,770.97,524.99
J-007144,2025-10-18,North,T-10,702.86,506.41
J-007145,2025-10-18,South,T-04,670.05,511.15
J-007146,2025-10-18,North,T-07,601.33,409.87
J-007147,2025-10-18,South,T-02,1039.67,671.72
J-007148,2025-10-18,South,T-03,458.63,238.89
J-007149,2025-10-18,North,T-01,1088.78,740.81
J-007150,2025-10-18,East,T-03,467.1,291.77
J-007151,2025-10-18,North,T-09,291.59,169.52
J-007152,2025-10-18,East,T-05,520.98,361.8
J-007153,2025-10-19,North,T-08,958.12,603.11
J-007154,2025-10-19,North,T-03,240.49,141.12
J-007155,2025-10-19,South,T-03,739.79,423.39
J-007156,2025-10-19,North,T-02,365.53,267.95
J-007157,2025-10-20,North,T-07,1647.29,966.3
J-007158,2025-10-20,East,T-08,1055.67,691.75
J-007159,2025-10-20,East,T-01,897.12,515.42
J-007160,2025-10-20,South,T-07,461.15,314.34
J-007161,2025-10-20,South,T-08,533.95,330.5
J-007162,2025-10-20,West,T-12,602.41,414.17
J-007163,2025-10-20,East,T-12,1388.51,871.56
J-007164,2025-10-20,East,T-01,1110.86,647.04
J-007165,2025-10-20,North,T-05,517.19,313.57
J-007166,2025-10-20,East,T-04,1150.47,735.56
J-007167,2025-10-20,West,T-04,741.35,536.9
J-007168,2025-10-20,South,T-09,585.41,400.83
J-007169,2025-10-20,East,T-12,872.44,680.74
J-007170,2025-10-20,East,T-05,531.65,382.93
J-007171,2025-10-20,East,T-06,918.05,579.24
J-007172,2025-10-20,North,T-10,682.14,429.04
J-007173,2025-10-20,South,T-08,335.88,215.42
J-007174,2025-10-20,South,T-02,687.87,545.99
J-007175,2025-10-20,West,T-05,651.16,360.07
J-007176,2025-10-20,South,T-02,566.43,310.59
J-007177,2025-10-20,North,T-12,826.09,569.87
J-007178,2025-10-20,North,T-11,620.35,417.67
J-007179,2025-10-20,North,T-03,825.57,501.77
J-007180,2025-10-20,North,T-05,477.78,309.79
J-007181,2025-10-20,East,T-04,925.82,641.02
J-007182,2025-10-20,East,T-02,419.77,252.62
J-007183,2025-10-20,East,T-02,518.36,360.53
J-007184,2025-10-20,West,T-01,914.15,603.09
J-007185,2025-10-21,East,T-02,1207.38,724.81
J-007186,2025-10-21,South,T-12,411.84,229.95
J-007187,2025-10-21,South,T-02,708.85,440.8
J-007188,2025-10-21,West,T-08,1649.89,943.36
J-007189,2025-10-21,West,T-01,445.58,283.25
J-007190,2025-10-21,North,T-07,1090.52,690.85
J-007191,2025-10-21,North,T-01,1538.9,727.82
J-007192,2025-10-21,South,T-10,1735.3,937.7
J-007193,2025-10-21,South,T-10,344.91,183.53
J-007194,2025-10-21,South,T-04,1242.74,755.7
J-007195,2025-10-21,North,T-04,615.99,414.81
J-007196,2025-10-21,South,T-03,1165.12,660.88
J-007197,2025-10-21,North,T-03,1140.17,793.34
J-007198,2025-10-21,North,T-05,790.91,527.21
J-007199,2025-10-21,East,T-03,1389.48,781.25
J-007200,2025-10-21,South,T-03,927.71,624.6
J-007201,2025-10-21,North,T-01,671.11,564.35
J-007202,2025-10-21,North,T-10,772.43,479.68
J-007203,2025-10-21,North,T-07,780.72,407.63
J-007204,2025-10-21,West,T-10,1634.51,1033.17
J-007205,2025-10-21,South,T-04,777.71,501.21
J-007206,2025-10-21,East,T-10,628.97,380.68
J-007207,2025-10-21,East,T-03,980.6,587.9
J-007208,2025-10-21,South,T-07,594.3,473.39
J-007209,2025-10-21,West,T-10,365.46,215.49
J-007210,2025-10-21,North,T-01,889.43,510.19
J-007211,2025-10-21,North,T-02,1204.07,733.06
J-007212,2025-10-22,West,T-02,564.98,331.55
J-007213,2025-10-22,South,T-10,405.33,309.75
J-007214,2025-10-22,South,T-06,1054.93,694.77
J-007215,2025-10-22,South,T-05,1719.13,1355.12
J-007216,2025-10-22,East,T-01,515.89,293.98
J-007217,2025-10-22,East,T-07,770.4,418.62
J-007218,2025-10-22,South,T-02,503.44,302.07
J-007219,2025-10-22,North,T-04,1520.1,1009.2
J-007220,2025-10-22,East,T-10,552.78,373.94
J-007221,2025-10-22,West,T-08,754.23,505.03
J-007222,2025-10-22,West,T-02,699.95,421.84
J-007223,2025-10-22,North,T-07,649.98,466.86
J-007224,2025-10-22,South,T-08,566.25,347.46
J-007225,2025-10-22,West,T-12,785.22,552.36
J-007226,2025-10-22,South,T-10,941.7,633.33
J-007227,2025-10-22,South,T-08,407.11,267.28
J-007228,2025-10-22,East,T-11,458.74,289.26
J-007229,2025-10-22,East,T-11,686.32,467.39
J-007230,2025-10-22,North,T-02,780.97,476.32
J-007231,2025-10-22,South,T-07,465.19,308.89
J-007232,2025-10-22,West,T-12,1094.79,682.89
J-007233,2025-10-22,West,T-10,724.84,457.57
J-007234,2025-10-22,North,T-12,971.91,594.99
J-007235,2025-10-22,South,T-11,621.34,375.74
J-007236,2025-10-22,West,T-09,536.98,330.42
J-007237,2025-10-22,West,T-06,604.25,388.61
J-007238,2025-10-23,West,T-03,431.17,231.27
J-007239,2025-10-23,North,T-02,337.47,235.42
J-007240,2025-10-23,North,T-03,1415.08,832.2
J-007241,2025-10-23,South,T-12,1323.37,861.98
J-007242,2025-10-23,West,T-01,1064.6,707.55
J-007243,2025-10-23,North,T-12,657.19,441.08
J-007244,2025-10-23,East,T-09,479.0,258.2
J-007245,2025-10-23,West,T-10,408.31,233.9
J-007246,2025-10-23,North,T-06,572.98,262.01
J-007247,2025-10-23,East,T-12,947.04,635.47
J-007248,2025-10-23,North,T-07,553.83,317.69
J-007249,2025-10-23,South,T-06,798.58,527.28
J-007250,2025-10-23,East,T-06,296.63,183.08
J-007251,2025-10-23,East,T-02,746.27,418.96
J-007252,2025-10-23,East,T-01,1507.83,1012.45
J-007253,2025-10-23,East,T-11,1938.1,1271.25
J-007254,2025-10-23,East,T-01,858.66,576.61
J-007255,2025-10-23,West,T-06,611.13,395.37
J-007256,2025-10-23,North,T-01,738.31,448.14
J-007257,2025-10-23,North,T-09,374.78,253.19
J-007258,2025-10-23,North,T-01,765.83,490.31
J-007259,2025-10-23,West,T-08,432.51,283.79
J-007260,2025-10-23,West,T-07,1213.27,813.28
J-007261,2025-10-23,South,T-07,631.21,464.55
J-007262,2025-10-24,South,T-05,947.82,618.84
J-007263,2025-10-24,South,T-01,468.9,299.81
J-007264,2025-10-24,North,T-09,326.82,243.73
J-007265,2025-10-24,South,T-10,1079.77,643.27
J-007266,2025-10-24,East,T-06,576.29,386.95
J-007267,2025-10-24,North,T-03,600.03,424.27
J-007268,2025-10-24,South,T-01,3221.51,2060.21
J-007269,2025-10-24,North,T-09,864.86,591.61
J-007270,2025-10-24,West,T-11,1426.83,1029.36
J-007271,2025-10-24,East,T-09,492.92,328.16
J-007272,2025-10-24,South,T-09,840.6,672.65
J-007273,2025-10-24,North,T-05,396.52,241.43
J-007274,2025-10-24,West,T-04,719.82,409.19
J-007275,2025-10-24,North,T-10,1213.24,756.71
J-007276,2025-10-24,East,T-08,1602.62,936.0
J-007277,2025-10-24,South,T-12,584.96,389.51
J-007278,2025-10-24,East,T-09,1803.06,1001.85
J-007279,2025-10-24,East,T-08,339.88,200.46
J-007280,2025-10-24,East,T-06,881.9,572.41
J-007281,2025-10-24,North,T-04,583.32,365.82
J-007282,2025-10-25,East,T-10,838.49,439.86
J-007283,2025-10-25,North,T-03,440.42,272.91
J-007284,2025-10-25,East,T-07,781.36,521.5
J-007285,2025-10-25,South,T-11,834.23,590.96
J-007286,2025-10-25,East,T-11,241.73,141.7
J-007287,2025-10-25,East,T-01,1096.44,662.3
J-007288,2025-10-25,North,T-11,359.75,258.03
J-007289,2025-10-25,West,T-08,801.36,468.19
J-007290,2025-10-26,North,T-02,597.17,444.02
J-007291,2025-10-26,East,T-02,311.77,190.56
J-007292,2025-10-26,North,T-06,896.99,605.66
J-007293,2025-10-26,North,T-09,2661.83,1776.73
J-007294,2025-10-26,North,T-07,359.77,211.27
J-007295,2025-10-26,North,T-07,1116.28,627.48
J-007296,2025-10-27,West,T-04,309.48,188.62
J-007297,2025-10-27,North,T-12,323.91,234.73
J-007298,2025-10-27,South,T-01,682.79,392.24
J-007299,2025-10-27,South,T-10,814.86,489.65
J-007300,2025-10-27,West,T-02,852.19,572.3
J-007301,2025-10-27,South,T-12,703.27,385.89
J-007302,2025-10-27,East,T-12,2753.29,1890.2
J-007303,2025-10-27,East,T-09,921.77,601.3
J-007304,2025-10-27,South,T-03,860.36,611.39
J-007305,2025-10-27,West,T-01,1265.83,824.0
J-007306,2025-10-27,East,T-07,1960.47,1322.17
J-007307,2025-10-27,East,T-03,377.11,223.07
J-007308,2025-10-27,North,T-10,359.64,258.07
J-007309,2025-10-27,East,T-10,704.27,401.49
J-007310,2025-10-27,North,T-03,1526.9,847.33
J-007311,2025-10-27,South,T-02,1378.4,914.23
J-007312,2025-10-27,West,T-07,1095.58,707.74
J-007313,2025-10-27,North,T-03,981.11,652.77
J-007314,2025-10-27,South,T-12,472.21,313.32
J-007315,2025-10-27,North,T-12,209.7,136.69
J-007316,2025-10-27,West,T-07,894.41,594.07
J-007317,2025-10-27,East,T-07,727.84,524.73
J-007318,2025-10-27,West,T-11,376.78,223.17
J-007319,2025-10-27,North,T-03,371.36,232.29
J-007320,2025-10-27,South,T-02,470.36,285.06
J-007321,2025-10-27,East,T-11,1310.37,759.89
J-007322,2025-10-27,North,T-09,293.4,171.74
J-007323,2025-10-27,North,T-01,668.6,373.16
J-007324,2025-10-27,West,T-04,488.26,361.14
J-007325,2025-10-27,East,T-01,411.44,303.33
J-007326,2025-10-27,South,T-08,533.1,361.15
J-007327,2025-10-28,North,T-05,550.96,347.33
J-007328,2025-10-28,South,T-11,362.56,231.23
J-007329,2025-10-28,East,T-05,638.92,446.03
J-007330,2025-10-28,South,T-07,364.9,222.4
J-007331,2025-10-28,North,T-05,575.97,348.64
J-007332,2025-10-28,East,T-06,847.24,485.94
J-007333,2025-10-28,West,T-06,1542.57,1067.76
J-007334,2025-10-28,East,T-07,717.91,434.6
J-007335,2025-10-28,South,T-10,534.3,340.56
J-007336,2025-10-28,North,T-05,1357.32,878.04
J-007337,2025-10-28,North,T-08,397.48,283.21
J-007338,2025-10-28,East,T-04,211.16,133.53
J-007339,2025-10-28,North,T-04,272.9,190.86
J-007340,2025-10-28,West,T-08,1379.28,823.16
J-007341,2025-10-28,North,T-10,1521.37,922.64
J-007342,2025-10-28,North,T-11,822.47,478.35
J-007343,2025-10-28,South,T-12,511.92,303.68
J-007344,2025-10-28,North,T-03,513.43,305.9
J-007345,2025-10-28,East,T-11,716.39,412.45
J-007346,2025-10-28,West,T-04,1441.32,943.29
J-007347,2025-10-28,North,T-04,531.98,360.09
J-007348,2025-10-28,West,T-01,1516.9,904.66
J-007349,2025-10-28,North,T-02,911.1,608.15
J-007350,2025-10-28,North,T-07,507.83,306.62
J-007351,2025-10-29,North,T-05,645.38,383.7
J-007352,2025-10-29,West,T-01,740.0,461.46
J-007353,2025-10-29,East,T-07,600.9,412.68
J-007354,2025-10-29,North,T-11,353.86,241.59
J-007355,2025-10-29,South,T-08,430.93,246.35
J-007356,2025-10-29,North,T-07,1438.57,865.16
J-007357,2025-10-29,West,T-08,816.34,467.88
J-007358,2025-10-29,North,T-07,592.94,422.08
J-007359,2025-10-29,West,T-02,364.64,209.32
J-007360,2025-10-29,East,T-06,441.75,313.72
J-007361,2025-10-29,West,T-02,396.3,254.14
J-007362,2025-10-29,South,T-01,1015.39,699.47
J-007363,2025-10-29,West,T-11,331.0,188.06
J-007364,2025-10-29,North,T-09,676.0,386.29
J-007365,2025-10-29,East,T-08,674.55,406.14
J-007366,2025-10-29,South,T-05,770.05,466.72
J-007367,2025-10-29,North,T-02,265.39,169.05
J-007368,2025-10-29,East,T-02,1768.72,1149.25
J-007369,2025-10-29,East,T-06,872.76,669.21
J-007370,2025-10-29,North,T-09,843.97,495.62
J-007371,2025-10-29,North,T-03,1589.02,1158.22
J-007372,2025-10-29,East,T-07,736.7,432.36
J-007373,2025-10-30,South,T-01,476.04,293.23
J-007374,2025-10-30,North,T-01,1241.39,787.03
J-007375,2025-10-30,West,T-01,931.38,596.19
J-007376,2025-10-30,North,T-02,1045.83,662.16
J-007377,2025-10-30,North,T-02,2091.5,1637.88
J-007378,2025-10-30,North,T-12,537.27,333.85
J-007379,2025-10-30,South,T-09,358.51,269.12
J-007380,2025-10-30,West,T-07,453.43,295.36
J-007381,2025-10-30,East,T-02,461.84,262.33
J-007382,2025-10-30,West,T-08,377.09,195.01
J-007383,2025-10-30,North,T-11,540.41,377.57
J-007384,2025-10-30,South,T-02,790.01,484.61
J-007385,2025-10-30,South,T-04,506.03,336.42
J-007386,2025-10-30,South,T-06,738.62,450.52
J-007387,2025-10-30,South,T-10,715.19,451.7
J-007388,2025-10-30,South,T-03,911.68,496.58
J-007389,2025-10-30,South,T-10,310.26,212.75
J-007390,2025-10-30,West,T-05,446.26,277.16
J-007391,2025-10-30,South,T-01,1152.87,796.38
J-007392,2025-10-30,South,T-03,771.82,459.94
J-007393,2025-10-30,North,T-05,357.37,260.88
J-007394,2025-10-30,West,T-02,628.87,396.67
J-007395,2025-10-30,North,T-04,1008.95,647.88
J-007396,2025-10-30,North,T-03,563.63,362.46
J-007397,2025-10-30,East,T-06,862.7,516.88
J-007398,2025-10-30,West,T-04,554.7,343.33
J-007399,2025-10-30,West,T-12,418.01,280.02
J-007400,2025-10-30,South,T-08,2018.99,1214.37
J-007401,2025-10-30,West,T-02,1023.21,712.58
J-007402,2025-10-30,South,T-01,2654.99,1715.87
J-007403,2025-10-30,North,T-11,1495.87,1182.07
J-007404,2025-10-31,North,T-09,458.45,294.09
J-007405,2025-10-31,West,T-06,264.92,144.07
J-007406,2025-10-31,South,T-06,403.94,296.27
J-007407,2025-10-31,North,T-01,773.35,475.67
J-007408,2025-10-31,South,T-11,993.03,677.72
J-007409,2025-10-31,East,T-05,359.86,254.81
J-007410,2025-10-31,West,T-04,570.45,377.07
J-007411,2025-10-31,West,T-06,628.19,463.06
J-007412,2025-10-31,West,T-05,389.56,265.08
J-007413,2025-10-31,South,T-04,693.23,388.57
J-007414,2025-10-31,South,T-01,728.49,502.47
J-007415,2025-10-31,South,T-05,499.99,325.09
J-007416,2025-10-31,North,T-09,451.0,257.76
J-007417,2025-10-31,North,T-06,882.99,604.84
J-007418,2025-10-31,South,T-08,734.56,469.02
J-007419,2025-10-31,East,T-04,829.88,577.04
J-007420,2025-10-31,South,T-06,1446.9,928.34
J-007421,2025-10-31,East,T-10,543.52,344.4
J-007422,2025-10-31,East,T-07,384.59,254.07
J-007423,2025-11-01,North,T-06,280.8,168.69
J-007424,2025-11-01,North,T-01,853.43,512.18
J-007425,2025-11-01,North,T-01,675.08,399.78
J-007426,2025-11-01,East,T-01,323.03,181.09
J-007427,2025-11-01,South,T-12,445.01,276.77
J-007428,2025-11-01,South,T-05,1924.33,1350.19
J-007429,2025-11-01,West,T-10,929.97,610.0
J-007430,2025-11-01,South,T-09,960.18,650.85
J-007431,2025-11-01,North,T-02,884.56,529.29
J-007432,2025-11-01,North,T-08,843.33,527.99
J-007433,2025-11-02,North,T-08,742.1,393.22
J-007434,2025-11-02,East,T-02,684.04,482.47
J-007435,2025-11-02,South,T-08,526.55,314.67
J-007436,2025-11-02,West,T-03,703.54,458.7
J-007437,2025-11-02,South,T-05,376.77,240.13
J-007438,2025-11-02,West,T-04,722.01,488.1
J-007439,2025-11-02,North,T-05,391.3,248.09
J-007440,2025-11-02,East,T-08,718.1,427.49
J-007441,2025-11-02,East,T-03,892.55,574.72
J-007442,2025-11-02,North,T-11,507.29,351.82
J-007443,2025-11-02,South,T-03,412.43,260.83
J-007444,2025-11-02,East,T-07,1709.37,1123.38
J-007445,2025-11-02,West,T-02,331.07,219.94
J-007446,2025-11-03,East,T-06,842.24,567.33
J-007447,2025-11-03,East,T-07,1191.39,591.26
J-007448,2025-11-03,South,T-10,1439.98,814.86
J-007449,2025-11-03,West,T-11,739.41,494.76
J-007450,2025-11-03,South,T-11,269.39,166.35
J-007451,2025-11-03,East,T-01,516.96,271.34
J-007452,2025-11-03,East,T-10,457.04,287.41
J-007453,2025-11-03,South,T-03,532.99,356.88
J-007454,2025-11-03,East,T-09,1151.77,725.26
J-007455,2025-11-03,West,T-01,1475.97,886.34
J-007456,2025-11-03,South,T-05,689.33,510.4
J-007457,2025-11-03,South,T-02,639.99,422.45
J-007458,2025-11-03,North,T-08,415.97,332.5
J-007459,2025-11-03,West,T-09,378.8,235.27
J-007460,2025-11-03,North,T-09,297.64,193.02
J-007461,2025-11-03,East,T-08,1427.26,971.73
J-007462,2025-11-03,North,T-10,828.14,419.25
J-007463,2025-11-03,West,T-04,825.07,551.67
J-007464,2025-11-03,North,T-05,599.87,368.47
J-007465,2025-11-03,North,T-02,610.13,394.12
J-007466,2025-11-03,South,T-01,1201.96,747.02
J-007467,2025-11-04,West,T-05,463.52,324.67
J-007468,2025-11-04,West,T-04,962.56,557.61
J-007469,2025-11-04,East,T-05,1730.15,1022.76
J-007470,2025-11-04,East,T-01,665.77,356.94
J-007471,2025-11-04,North,T-02,683.96,483.03
J-007472,2025-11-04,East,T-11,819.23,475.77
J-007473,2025-11-04,West,T-09,563.62,348.46
J-007474,2025-11-04,North,T-12,604.18,401.67
J-007475,2025-11-04,North,T-02,640.93,445.67
J-007476,2025-11-04,East,T-05,1014.58,687.18
J-007477,2025-11-04,East,T-04,638.29,362.01
J-007478,2025-11-04,South,T-11,1223.47,693.68
J-007479,2025-11-04,West,T-11,682.71,550.15
J-007480,2025-11-04,West,T-06,1874.31,1231.47
J-007481,2025-11-04,North,T-08,611.14,403.15
J-007482,2025-11-04,North,T-11,761.65,480.33
J-007483,2025-11-04,South,T-06,630.92,345.73
J-007484,2025-11-04,East,T-11,242.44,152.16
J-007485,2025-11-04,East,T-03,742.58,434.54
J-007486,2025-11-04,West,T-08,545.8,308.07
J-007487,2025-11-05,West,T-10,349.05,243.27
J-007488,2025-11-05,East,T-11,475.22,292.08
J-007489,2025-11-05,North,T-04,773.18,516.32
J-007490,2025-11-05,East,T-05,700.84,393.77
J-007491,2025-11-05,South,T-02,1540.69,1033.16
J-007492,2025-11-05,West,T-06,736.73,490.66
J-007493,2025-11-05,West,T-05,1152.5,701.31
J-007494,2025-11-05,North,T-09,603.79,432.35
J-007495,2025-11-05,East,T-02,341.32,224.28
J-007496,2025-11-05,South,T-12,491.06,359.89
J-007497,2025-11-05,North,T-05,360.19,226.77
J-007498,2025-11-05,South,T-03,661.25,455.66
J-007499,2025-11-05,North,T-09,525.33,266.67
J-007500,2025-11-05,South,T-08,347.62,249.23
J-007501,2025-11-06,East,T-03,749.16,461.52
J-007502,2025-11-06,East,T-04,504.26,297.52
J-007503,2025-11-06,South,T-12,1304.32,835.25
J-007504,2025-11-06,South,T-05,1182.41,716.72
J-007505,2025-11-06,South,T-08,995.69,645.02
J-007506,2025-11-06,South,T-10,793.27,538.1
J-007507,2025-11-06,North,T-09,1108.65,709.23
J-007508,2025-11-06,North,T-09,958.38,606.97
J-007509,2025-11-06,North,T-11,1184.99,801.53
J-007510,2025-11-06,West,T-10,522.82,382.1
J-007511,2025-11-06,East,T-09,691.8,425.9
J-007512,2025-11-06,West,T-12,387.36,297.92
J-007513,2025-11-06,East,T-05,422.61,243.96
J-007514,2025-11-06,North,T-09,884.57,644.26
J-007515,2025-11-06,South,T-12,945.25,587.75
J-007516,2025-11-06,North,T-06,291.77,221.59
J-007517,2025-11-06,North,T-06,304.53,182.24
J-007518,2025-11-06,North,T-10,244.24,157.73
J-007519,2025-11-06,North,T-11,941.68,542.31
J-007520,2025-11-06,West,T-08,750.31,508.25
J-007521,2025-11-06,East,T-05,530.39,396.19
J-007522,2025-11-06,East,T-11,538.53,391.98
J-007523,2025-11-06,West,T-02,363.64,289.0
J-007524,2025-11-06,North,T-11,446.39,266.9
J-007525,2025-11-06,South,T-08,519.1,362.87
J-007526,2025-11-06,South,T-05,1171.79,785.74
J-007527,2025-11-07,South,T-11,780.87,566.45
J-007528,2025-11-07,East,T-09,468.25,322.88
J-007529,2025-11-07,North,T-08,968.29,529.74
J-007530,2025-11-07,North,T-11,1393.9,936.94
J-007531,2025-11-07,West,T-11,1045.44,644.18
J-007532,2025-11-07,East,T-10,581.19,365.34
J-007533,2025-11-07,West,T-11,657.91,411.01
J-007534,2025-11-07,North,T-08,734.89,421.83
J-007535,2025-11-07,South,T-10,531.26,346.32
J-007536,2025-11-07,East,T-03,1533.04,1077.78
J-007537,2025-11-07,North,T-01,402.38,270.2
J-007538,2025-11-07,North,T-11,440.37,301.26
J-007539,2025-11-07,West,T-05,460.97,266.96
J-007540,2025-11-07,South,T-11,589.8,350.99
J-007541,2025-11-07,East,T-10,442.48,245.82
J-007542,2025-11-07,South,T-07,997.27,712.96
J-007543,2025-11-07,South,T-10,605.76,475.91
J-007544,2025-11-07,East,T-11,672.89,452.05
J-007545,2025-11-07,North,T-06,500.13,302.53
J-007546,2025-11-07,North,T-04,366.76,274.51
J-007547,2025-11-07,North,T-04,570.76,354.36
J-007548,2025-11-07,East,T-03,538.88,381.72
J-007549,2025-11-07,East,T-06,618.1,370.87
J-007550,2025-11-07,North,T-05,365.3,256.17
J-007551,2025-11-07,South,T-10,1049.79,513.5
J-007552,2025-11-07,East,T-02,681.75,460.78
J-007553,2025-11-07,South,T-01,809.12,518.02
J-007554,2025-11-07,South,T-06,1305.56,897.6
J-007555,2025-11-07,East,T-10,431.61,264.03
J-007556,2025-11-07,South,T-04,436.52,278.61
J-007557,2025-11-07,North,T-01,666.81,420.6
J-007558,2025-11-08,East,T-07,350.66,247.93
J-007559,2025-11-08,West,T-06,633.32,359.82
J-007560,2025-11-08,North,T-11,571.7,328.0
J-007561,2025-11-08,West,T-10,569.19,369.43
J-007562,2025-11-08,South,T-12,458.63,315.5
J-007563,2025-11-08,North,T-09,402.61,261.58
J-007564,2025-11-08,East,T-10,534.43,339.54
J-007565,2025-11-08,North,T-12,410.52,284.56
J-007566,2025-11-09,South,T-10,390.68,247.7
J-007567,2025-11-09,North,T-11,991.68,617.61
J-007568,2025-11-10,North,T-09,672.23,483.28
J-007569,2025-11-10,South,T-05,515.74,303.35
J-007570,2025-11-10,West,T-12,343.88,219.05
J-007571,2025-11-10,East,T-09,553.84,363.19
J-007572,2025-11-10,South,T-02,786.31,509.43
J-007573,2025-11-10,East,T-03,417.71,274.61
J-007574,2025-11-10,North,T-12,214.17,133.35
J-007575,2025-11-10,South,T-09,1335.16,861.46
J-007576,2025-11-10,West,T-12,1272.37,785.16
J-007577,2025-11-10,North,T-07,306.38,208.29
J-007578,2025-11-10,East,T-07,507.27,330.16
J-007579,2025-11-10,West,T-09,864.38,495.7
J-007580,2025-11-10,South,T-03,346.03,192.33
J-007581,2025-11-10,North,T-07,218.89,146.26
J-007582,2025-11-10,West,T-03,781.1,561.77
J-007583,2025-11-10,West,T-10,584.63,389.86
J-007584,2025-11-10,South,T-09,601.63,362.45
J-007585,2025-11-11,North,T-06,263.23,191.16
J-007586,2025-11-11,North,T-08,208.6,120.49
J-007587,2025-11-11,North,T-01,622.28,333.89
J-007588,2025-11-11,East,T-07,886.99,559.67
J-007589,2025-11-11,East,T-08,478.71,321.88
J-007590,2025-11-11,South,T-06,562.61,348.47
J-007591,2025-11-11,North,T-02,587.42,401.78
J-007592,2025-11-11,South,T-09,508.65,353.62
J-007593,2025-11-11,West,T-02,738.8,476.23
J-007594,2025-11-11,South,T-07,758.99,483.7
J-007595,2025-11-11,West,T-11,541.75,333.91
J-007596,2025-11-11,West,T-06,896.68,626.44
J-007597,2025-11-11,North,T-09,1008.85,695.97
J-007598,2025-11-11,North,T-11,270.73,155.4
J-007599,2025-11-11,East,T-10,1283.29,761.02
J-007600,2025-11-11,West,T-04,365.13,242.02
J-007601,2025-11-11,East,T-07,377.42,246.05
J-007602,2025-11-11,North,T-02,695.92,492.66
J-007603,2025-11-11,West,T-04,675.96,392.19
J-007604,2025-11-11,South,T-04,1928.34,1329.99
J-007605,2025-11-11,East,T-10,785.88,522.87
J-007606,2025-11-11,West,T-12,627.1,355.61
J-007607,2025-11-11,West,T-10,384.64,232.51
J-007608,2025-11-11,North,T-08,1099.02,784.51
J-007609,2025-11-11,West,T-05,318.76,184.76
J-007610,2025-11-11,South,T-12,528.01,343.21
J-007611,2025-11-11,West,T-09,481.68,324.72
J-007612,2025-11-11,South,T-11,390.37,275.34
J-007613,2025-11-11,South,T-02,954.8,541.4
J-007614,2025-11-11,West,T-10,244.73,173.78
J-007615,2025-11-12,West,T-12,755.62,564.65
J-007616,2025-11-12,South,T-12,622.08,444.17
J-007617,2025-11-12,East,T-07,568.02,350.31
J-007618,2025-11-12,North,T-05,929.97,560.43
J-007619,2025-11-12,North,T-02,607.69,410.79
J-007620,2025-11-12,West,T-03,1115.22,660.52
J-007621,2025-11-12,North,T-03,797.75,518.69
J-007622,2025-11-12,East,T-11,341.17,218.86
J-007623,2025-11-12,North,T-11,1917.83,1139.46
J-007624,2025-11-12,West,T-10,1258.57,730.38
J-007625,2025-11-12,East,T-04,1365.55,880.55
J-007626,2025-11-12,South,T-09,1138.08,702.57
J-007627,2025-11-12,North,T-05,250.63,145.44
J-007628,2025-11-12,East,T-04,384.38,247.17
J-007629,2025-11-12,East,T-06,661.22,378.24
J-007630,2025-11-12,South,T-09,1424.79,889.37
J-007631,2025-11-12,North,T-04,1484.06,829.46
J-007632,2025-11-12,South,T-12,634.04,506.29
J-007633,2025-11-12,North,T-12,354.24,206.82
J-007634,2025-11-12,East,T-07,477.49,306.2
J-007635,2025-11-12,East,T-06,692.06,456.25
J-007636,2025-11-12,East,T-09,464.23,284.03
J-007637,2025-11-12,East,T-07,273.58,177.35
J-007638,2025-11-12,East,T-07,769.57,504.44
J-007639,2025-11-13,North,T-02,785.57,529.09
J-007640,2025-11-13,North,T-06,366.57,209.57
J-007641,2025-11-13,South,T-06,888.42,610.04
J-007642,2025-11-13,North,T-10,717.93,445.83
J-007643,2025-11-13,South,T-05,703.68,429.04
J-007644,2025-11-13,North,T-02,1029.84,677.48
J-007645,2025-11-13,South,T-12,1010.98,643.81
J-007646,2025-11-13,West,T-07,482.02,281.55
J-007647,2025-11-13,West,T-10,1591.46,1053.98
J-007648,2025-11-13,South,T-08,908.44,533.4
J-007649,2025-11-13,North,T-03,652.79,442.07
J-007650,2025-11-13,East,T-05,796.21,495.1
J-007651,2025-11-13,South,T-05,486.67,343.08
J-007652,2025-11-13,South,T-05,628.8,442.52
J-007653,2025-11-13,East,T-10,791.22,446.81
J-007654,2025-11-13,North,T-04,324.7,214.39
J-007655,2025-11-13,South,T-03,605.76,383.89
J-007656,2025-11-13,East,T-06,581.1,407.23
J-007657,2025-11-13,South,T-03,1299.79,813.53
J-007658,2025-11-13,West,T-12,668.6,396.08
J-007659,2025-11-13,East,T-09,439.87,263.31
J-007660,2025-11-13,North,T-11,980.06,689.49
J-007661,2025-11-13,West,T-11,657.89,500.46
J-007662,2025-11-13,North,T-01,1182.51,817.72
J-007663,2025-11-13,South,T-01,666.65,486.53
J-007664,2025-11-13,West,T-10,1445.88,957.4
J-007665,2025-11-13,East,T-12,820.04,551.46
J-007666,2025-11-14,North,T-03,1390.02,851.99
J-007667,2025-11-14,East,T-04,1283.82,811.51
J-007668,2025-11-14,East,T-05,446.89,273.72
J-007669,2025-11-14,East,T-06,1137.57,709.15
J-007670,2025-11-14,North,T-03,569.88,368.29
J-007671,2025-11-14,South,T-12,1204.6,732.04
J-007672,2025-11-14,South,T-12,1051.27,588.23
J-007673,2025-11-14,North,T-03,1195.94,829.06
J-007674,2025-11-14,North,T-07,973.17,663.02
J-007675,2025-11-14,North,T-03,226.17,161.01
J-007676,2025-11-14,West,T-10,762.33,510.9
J-007677,2025-11-14,West,T-03,770.75,484.44
J-007678,2025-11-14,West,T-10,680.08,363.2
J-007679,2025-11-14,West,T-06,1221.48,856.53
J-007680,2025-11-14,West,T-08,731.38,520.36
J-007681,2025-11-14,North,T-03,1429.77,857.34
J-007682,2025-11-14,West,T-12,424.36,237.94
J-007683,2025-11-14,East,T-01,830.78,543.97
J-007684,2025-11-14,East,T-11,534.89,332.91
J-007685,2025-11-14,South,T-05,327.74,191.51
J-007686,2025-11-15,North,T-09,775.13,543.59
J-007687,2025-11-15,North,T-03,680.34,455.79
J-007688,2025-11-15,West,T-04,322.85,195.04
J-007689,2025-11-15,East,T-02,1277.21,758.16
J-007690,2025-11-15,East,T-04,703.97,393.65
J-007691,2025-11-15,East,T-10,420.06,257.17
J-007692,2025-11-15,West,T-06,452.96,290.23
J-007693,2025-11-16,South,T-11,721.13,456.53
J-007694,2025-11-16,South,T-03,893.04,517.77
J-007695,2025-11-16,North,T-06,487.08,303.47
J-007696,2025-11-16,North,T-08,653.41,466.98
J-007697,2025-11-16,East,T-08,299.79,221.79
J-007698,2025-11-16,East,T-11,305.6,216.26
J-007699,2025-11-16,South,T-01,1335.02,860.91
J-007700,2025-11-16,East,T-10,883.4,582.15
J-007701,2025-11-17,South,T-03,399.16,264.05
J-007702,2025-11-17,North,T-07,750.39,501.15
J-007703,2025-11-17,North,T-09,387.31,236.13
J-007704,2025-11-17,East,T-07,2431.09,1517.49
J-007705,2025-11-17,North,T-09,619.35,361.04
J-007706,2025-11-17,East,T-07,878.94,589.74
J-007707,2025-11-17,West,T-09,867.34,499.55
J-007708,2025-11-17,South,T-07,535.43,341.21
J-007709,2025-11-17,North,T-04,277.69,161.6
J-007710,2025-11-17,East,T-10,1194.19,857.25
J-007711,2025-11-17,West,T-01,700.62,514.93
J-007712,2025-11-17,West,T-03,632.32,437.32
J-007713,2025-11-17,East,T-03,1283.73,775.78
J-007714,2025-11-17,West,T-10,715.06,462.29
J-007715,2025-11-17,North,T-01,569.86,394.25
J-007716,2025-11-17,South,T-10,777.5,488.29
J-007717,2025-11-17,West,T-06,573.74,357.89
J-007718,2025-11-17,North,T-04,997.82,550.44
J-007719,2025-11-18,South,T-02,703.55,473.66
J-007720,2025-11-18,South,T-09,368.62,240.2
J-007721,2025-11-18,West,T-04,1051.42,638.95
J-007722,2025-11-18,North,T-02,343.21,211.09
J-007723,2025-11-18,North,T-06,1909.62,1028.23
J-007724,2025-11-18,South,T-08,760.16,461.27
J-007725,2025-11-18,South,T-03,1137.61,720.35
J-007726,2025-11-18,West,T-12,1364.27,869.6
J-007727,2025-11-18,East,T-06,463.11,272.22
J-007728,2025-11-18,South,T-12,546.78,287.67
J-007729,2025-11-18,North,T-08,413.63,248.09
J-007730,2025-11-18,South,T-06,891.24,516.55
J-007731,2025-11-18,South,T-07,1168.93,867.72
J-007732,2025-11-18,East,T-11,1232.5,925.88
J-007733,2025-11-18,South,T-07,1168.46,763.6
J-007734,2025-11-18,North,T-07,848.71,602.12
J-007735,2025-11-18,West,T-11,320.1,192.4
J-007736,2025-11-19,West,T-09,712.57,523.26
J-007737,2025-11-19,East,T-12,501.03,274.73
J-007738,2025-11-19,North,T-06,521.21,260.59
J-007739,2025-11-19,East,T-08,1881.87,1000.4
J-007740,2025-11-19,North,T-09,663.4,501.32
J-007741,2025-11-19,North,T-11,1401.17,998.47
J-007742,2025-11-19,East,T-12,412.08,205.77
J-007743,2025-11-19,East,T-07,861.99,555.77
J-007744,2025-11-19,East,T-09,789.18,478.81
J-007745,2025-11-19,South,T-05,1892.86,1282.09
J-007746,2025-11-19,East,T-11,857.3,527.01
J-007747,2025-11-19,West,T-02,676.16,494.37
J-007748,2025-11-19,North,T-02,1050.06,672.58
J-007749,2025-11-19,South,T-08,771.94,396.3
J-007750,2025-11-19,East,T-11,443.93,240.45
J-007751,2025-11-19,North,T-07,1079.67,714.17
J-007752,2025-11-19,North,T-10,429.52,294.91
J-007753,2025-11-19,North,T-07,641.21,412.64
J-007754,2025-11-19,North,T-07,1171.49,789.48
J-007755,2025-11-19,West,T-10,1462.22,822.26
J-007756,2025-11-19,East,T-06,813.33,578.23
J-007757,2025-11-19,East,T-10,3550.49,2131.13
J-007758,2025-11-20,North,T-11,695.88,412.28
J-007759,2025-11-20,West,T-07,443.69,236.87
J-007760,2025-11-20,East,T-06,1270.71,660.22
J-007761,2025-11-20,North,T-05,252.43,161.14
J-007762,2025-11-20,West,T-02,897.33,627.03
J-007763,2025-11-20,West,T-01,617.96,339.91
J-007764,2025-11-20,West,T-12,817.07,528.04
J-007765,2025-11-20,East,T-02,354.97,242.52
J-007766,2025-11-20,South,T-04,892.77,623.04
J-007767,2025-11-20,South,T-11,2024.63,1538.54
J-007768,2025-11-20,West,T-06,584.73,329.72
J-007769,2025-11-20,West,T-02,429.42,308.59
J-007770,2025-11-20,South,T-11,743.78,520.17
J-007771,2025-11-20,North,T-01,555.5,305.04
J-007772,2025-11-20,North,T-01,2697.07,1710.61
J-007773,2025-11-20,West,T-05,800.19,543.36
J-007774,2025-11-20,South,T-01,1028.57,637.75
J-007775,2025-11-20,East,T-12,713.69,473.97
J-007776,2025-11-20,East,T-08,329.04,205.32
J-007777,2025-11-20,North,T-05,234.92,148.84
J-007778,2025-11-20,North,T-10,384.69,248.24
J-007779,2025-11-20,East,T-09,510.18,342.93
J-007780,2025-11-21,North,T-12,779.32,553.14
J-007781,2025-11-21,West,T-04,1360.32,922.37
J-007782,2025-11-21,West,T-09,1717.05,1129.82
J-007783,2025-11-21,East,T-02,496.01,347.75
J-007784,2025-11-21,East,T-10,1676.13,1037.13
J-007785,2025-11-21,North,T-03,844.91,473.3
J-007786,2025-11-21,South,T-05,428.79,290.51
J-007787,2025-11-21,East,T-04,426.56,236.8
J-007788,2025-11-21,East,T-04,1281.57,779.35
J-007789,2025-11-21,North,T-12,835.29,453.55
J-007790,2025-11-21,East,T-03,1202.43,700.33
J-007791,2025-11-21,East,T-09,945.64,685.35
J-007792,2025-11-21,South,T-08,888.82,502.97
J-007793,2025-11-21,East,T-04,409.7,271.99
J-007794,2025-11-21,North,T-02,756.27,529.58
J-007795,2025-11-21,East,T-12,282.31,202.58
J-007796,2025-11-21,South,T-04,614.46,402.19
J-007797,2025-11-21,North,T-09,859.28,567.08
J-007798,2025-11-21,South,T-06,675.2,430.36
J-007799,2025-11-21,North,T-05,896.43,525.16
J-007800,2025-11-21,West,T-08,507.09,308.13
J-007801,2025-11-21,East,T-12,160.89,99.36
J-007802,2025-11-22,North,T-06,1354.28,781.69
J-007803,2025-11-22,South,T-02,838.34,646.01
J-007804,2025-11-22,North,T-11,1152.02,854.64
J-007805,2025-11-22,South,T-03,936.04,647.38
J-007806,2025-11-23,South,T-03,586.47,354.89
J-007807,2025-11-23,East,T-07,650.54,400.25
J-007808,2025-11-23,North,T-07,699.61,414.59
J-007809,2025-11-23,South,T-05,514.64,249.32
J-007810,2025-11-24,South,T-03,751.42,460.96
J-007811,2025-11-24,West,T-07,1024.27,616.7
J-007812,2025-11-24,West,T-03,739.65,474.52
J-007813,2025-11-24,East,T-10,429.5,254.01
J-007814,2025-11-24,North,T-07,772.63,411.14
J-007815,2025-11-24,North,T-02,922.87,584.94
J-007816,2025-11-24,East,T-02,646.82,415.08
J-007817,2025-11-24,North,T-03,733.99,456.14
J-007818,2025-11-24,South,T-04,1106.91,626.95
J-007819,2025-11-24,North,T-01,1683.6,1188.77
J-007820,2025-11-24,South,T-02,637.92,373.77
J-007821,2025-11-24,South,T-02,906.45,601.32
J-007822,2025-11-24,South,T-02,628.2,409.28
J-007823,2025-11-24,East,T-10,2101.05,1292.5
J-007824,2025-11-24,East,T-10,546.33,341.88
J-007825,2025-11-24,West,T-05,196.76,139.62
J-007826,2025-11-24,South,T-05,852.39,587.67
J-007827,2025-11-24,South,T-10,835.49,585.18
J-007828,2025-11-24,South,T-08,815.9,614.23
J-007829,2025-11-24,North,T-10,553.72,344.57
J-007830,2025-11-24,South,T-10,911.57,570.37
J-007831,2025-11-24,South,T-05,1196.83,764.34
J-007832,2025-11-24,East,T-07,286.71,185.22
J-007833,2025-11-24,South,T-08,452.16,239.6
J-007834,2025-11-24,East,T-11,828.33,480.93
J-007835,2025-11-24,West,T-09,621.91,430.28
J-007836,2025-11-24,East,T-03,1446.77,936.01
J-007837,2025-11-24,West,T-07,1006.3,582.1
J-007838,2025-11-24,North,T-07,1873.46,1064.56
J-007839,2025-11-25,West,T-09,617.38,393.85
J-007840,2025-11-25,North,T-03,840.1,596.37
J-007841,2025-11-25,North,T-04,521.84,291.63
J-007842,2025-11-25,East,T-10,756.09,562.25
J-007843,2025-11-25,West,T-03,635.14,380.59
J-007844,2025-11-25,South,T-09,847.86,578.52
J-007845,2025-11-25,East,T-01,414.77,235.12
J-007846,2025-11-25,North,T-05,780.99,493.69
J-007847,2025-11-25,West,T-05,236.51,161.83
J-007848,2025-11-25,North,T-10,514.45,301.07
J-007849,2025-11-25,West,T-03,1132.31,708.43
J-007850,2025-11-25,East,T-05,796.62,548.17
J-007851,2025-11-25,South,T-12,1344.8,927.11
J-007852,2025-11-25,West,T-12,775.66,411.02
J-007853,2025-11-25,North,T-04,497.92,304.19
J-007854,2025-11-25,North,T-10,594.65,445.61
J-007855,2025-11-25,East,T-04,525.72,283.9
J-007856,2025-11-25,North,T-03,349.49,230.99
J-007857,2025-11-25,North,T-09,685.92,399.93
J-007858,2025-11-25,North,T-03,650.63,448.81
J-007859,2025-11-25,East,T-12,848.88,442.59
J-007860,2025-11-25,North,T-08,1147.8,718.19
J-007861,2025-11-25,South,T-07,330.43,197.99
J-007862,2025-11-25,South,T-03,507.83,292.73
J-007863,2025-11-26,East,T-01,726.84,450.15
J-007864,2025-11-26,East,T-04,634.11,399.11
J-007865,2025-11-26,South,T-11,428.68,260.84
J-007866,2025-11-26,South,T-12,1090.58,699.18
J-007867,2025-11-26,West,T-11,1525.98,980.45
J-007868,2025-11-26,East,T-06,1338.8,783.83
J-007869,2025-11-26,South,T-02,540.94,284.87
J-007870,2025-11-26,South,T-03,944.39,606.26
J-007871,2025-11-26,North,T-03,385.45,288.74
J-007872,2025-11-26,South,T-09,510.04,306.59
J-007873,2025-11-26,East,T-11,605.69,392.35
J-007874,2025-11-26,North,T-08,394.21,269.62
J-007875,2025-11-26,East,T-11,678.04,407.51
J-007876,2025-11-26,East,T-12,691.85,436.48
J-007877,2025-11-26,North,T-09,368.18,176.71
J-007878,2025-11-26,East,T-12,472.83,265.8
J-007879,2025-11-26,North,T-11,399.27,278.6
J-007880,2025-11-26,East,T-02,693.9,482.76
J-007881,2025-11-26,East,T-08,1509.25,1008.57
J-007882,2025-11-26,East,T-06,689.28,432.76
J-007883,2025-11-26,South,T-12,990.01,507.83
J-007884,2025-11-27,West,T-07,769.86,440.68
J-007885,2025-11-27,South,T-09,1591.7,1000.82
J-007886,2025-11-27,East,T-03,457.28,224.03
J-007887,2025-11-27,South,T-05,667.45,445.22
J-007888,2025-11-27,East,T-05,743.16,519.59
J-007889,2025-11-27,West,T-06,848.5,557.73
J-007890,2025-11-27,East,T-02,982.4,580.41
J-007891,2025-11-27,North,T-11,604.05,378.22
J-007892,2025-11-27,North,T-06,510.17,322.99
J-007893,2025-11-27,North,T-10,216.9,116.0
J-007894,2025-11-27,West,T-07,679.17,380.34
J-007895,2025-11-27,South,T-10,563.55,339.76
J-007896,2025-11-27,South,T-02,1822.75,1128.34
J-007897,2025-11-27,West,T-03,616.4,382.95
J-007898,2025-11-27,North,T-02,819.45,485.62
J-007899,2025-11-27,South,T-02,1164.5,546.95
J-007900,2025-11-27,South,T-09,467.42,303.48
J-007901,2025-11-27,South,T-02,367.43,253.71
J-007902,2025-11-27,North,T-04,716.63,489.05
J-007903,2025-11-27,North,T-10,922.48,635.25
J-007904,2025-11-27,West,T-03,326.72,175.04
J-007905,2025-11-27,East,T-04,945.93,459.27
J-007906,2025-11-27,West,T-05,986.51,656.74
J-007907,2025-11-27,South,T-12,396.26,234.42
J-007908,2025-11-27,North,T-05,498.56,323.4
J-007909,2025-11-27,North,T-05,1894.88,1278.03
J-007910,2025-11-27,West,T-12,1130.27,725.51
J-007911,2025-11-27,East,T-11,1294.96,830.84
J-007912,2025-11-28,East,T-04,425.87,228.23
J-007913,2025-11-28,West,T-12,471.76,314.24
J-007914,2025-11-28,North,T-11,666.23,485.68
J-007915,2025-11-28,West,T-08,621.53,486.88
J-007916,2025-11-28,North,T-08,829.26,612.79
J-007917,2025-11-28,East,T-02,1316.79,771.68
J-007918,2025-11-28,North,T-11,468.34,305.98
J-007919,2025-11-28,West,T-10,1730.45,1147.08
J-007920,2025-11-28,North,T-12,664.07,371.36
J-007921,2025-11-28,East,T-05,601.84,369.95
J-007922,2025-11-28,East,T-05,197.77,106.57
J-007923,2025-11-28,South,T-06,507.09,286.91
J-007924,2025-11-28,North,T-10,660.42,431.91
J-007925,2025-11-28,West,T-11,363.28,254.97
J-007926,2025-11-28,East,T-05,761.51,502.76
J-007927,2025-11-28,North,T-01,1940.55,1473.51
J-007928,2025-11-28,West,T-12,573.61,346.07
J-007929,2025-11-28,South,T-03,876.14,663.84
J-007930,2025-11-28,East,T-09,204.09,107.78
J-007931,2025-11-28,East,T-04,1528.1,1028.75
J-007932,2025-11-29,East,T-05,991.17,702.0
J-007933,2025-11-29,North,T-07,807.35,602.67
J-007934,2025-11-29,South,T-06,692.48,447.59
J-007935,2025-11-29,North,T-06,486.48,288.94
J-007936,2025-11-29,East,T-02,304.01,207.9
J-007937,2025-11-29,North,T-03,1042.04,534.42
J-007938,2025-11-29,North,T-02,846.72,543.42
J-007939,2025-11-29,West,T-06,1284.09,862.11
J-007940,2025-11-29,South,T-12,994.93,588.98
J-007941,2025-11-30,North,T-12,1045.83,748.81
J-007942,2025-11-30,East,T-02,717.33,500.79
J-007943,2025-11-30,East,T-01,688.35,512.05
J-007944,2025-11-30,North,T-03,750.93,458.41
J-007945,2025-11-30,North,T-01,506.82,304.45
J-007946,2025-11-30,North,T-03,1442.04,955.19
J-007947,2025-12-01,East,T-11,677.7,421.42
J-007948,2025-12-01,North,T-03,875.64,528.62
J-007949,2025-12-01,South,T-02,279.76,207.23
J-007950,2025-12-01,North,T-10,747.28,496.3
J-007951,2025-12-01,East,T-08,464.9,276.95
J-007952,2025-12-01,North,T-12,844.48,494.85
J-007953,2025-12-01,West,T-01,653.13,404.25
J-007954,2025-12-01,East,T-12,474.44,293.79
J-007955,2025-12-01,South,T-11,859.69,616.18
J-007956,2025-12-01,West,T-06,785.44,478.74
J-007957,2025-12-01,East,T-02,458.29,285.03
J-007958,2025-12-01,West,T-07,675.38,531.39
J-007959,2025-12-01,South,T-04,1200.73,767.14
J-007960,2025-12-01,West,T-06,995.73,551.18
J-007961,2025-12-01,North,T-03,1624.18,914.46
J-007962,2025-12-01,North,T-10,238.65,135.48
J-007963,2025-12-02,North,T-08,831.05,453.05
J-007964,2025-12-02,East,T-08,1120.33,689.26
J-007965,2025-12-02,West,T-01,1162.48,803.44
J-007966,2025-12-02,East,T-12,583.84,377.63
J-007967,2025-12-02,North,T-12,779.11,462.93
J-007968,2025-12-02,East,T-02,528.44,337.06
J-007969,2025-12-02,West,T-12,944.69,689.0
J-007970,2025-12-02,South,T-06,632.43,392.64
J-007971,2025-12-02,East,T-02,398.85,251.07
J-007972,2025-12-02,East,T-01,401.67,248.88
J-007973,2025-12-02,South,T-12,660.28,487.85
J-007974,2025-12-02,South,T-06,490.52,341.05
J-007975,2025-12-02,South,T-11,850.82,478.88
J-007976,2025-12-02,South,T-09,582.1,377.45
J-007977,2025-12-02,South,T-06,313.93,219.71
J-007978,2025-12-02,East,T-11,349.59,203.4
J-007979,2025-12-02,North,T-01,467.1,310.19
J-007980,2025-12-03,South,T-11,871.36,571.91
J-007981,2025-12-03,East,T-08,800.82,522.95
J-007982,2025-12-03,West,T-02,1741.17,1068.1
J-007983,2025-12-03,East,T-06,482.76,332.44
J-007984,2025-12-03,North,T-11,487.06,299.18
J-007985,2025-12-03,South,T-10,798.73,509.27
J-007986,2025-12-03,East,T-05,615.15,370.81
J-007987,2025-12-03,West,T-01,1038.27,752.49
J-007988,2025-12-03,West,T-05,588.73,309.59
J-007989,2025-12-03,West,T-01,754.74,429.56
J-007990,2025-12-03,West,T-08,1002.72,626.91
J-007991,2025-12-03,East,T-04,925.55,656.17
J-007992,2025-12-03,East,T-05,980.37,600.39
J-007993,2025-12-03,South,T-04,1493.26,875.66
J-007994,2025-12-03,East,T-04,761.78,450.62
J-007995,2025-12-03,North,T-08,591.51,424.81
J-007996,2025-12-03,North,T-06,510.64,294.08
J-007997,2025-12-03,East,T-03,954.92,621.93
J-007998,2025-12-03,South,T-11,713.05,436.23
J-007999,2025-12-03,East,T-06,1285.51,789.89
J-008000,2025-12-03,East,T-09,1899.16,1244.1
J-008001,2025-12-03,East,T-11,678.08,415.44
J-008002,2025-12-03,South,T-03,1072.19,680.53
J-008003,2025-12-03,West,T-04,641.59,396.49
J-008004,2025-12-03,North,T-07,638.34,409.82
J-008005,2025-12-03,North,T-12,792.45,566.58
J-008006,2025-12-03,East,T-09,765.81,530.67
J-008007,2025-12-03,East,T-06,424.66,273.61
J-008008,2025-12-03,North,T-06,1272.59,822.45
J-008009,2025-12-03,North,T-07,489.55,269.41
J-008010,2025-12-03,East,T-06,395.04,217.99
J-008011,2025-12-04,East,T-02,982.47,543.44
J-008012,2025-12-04,East,T-11,462.57,268.32
J-008013,2025-12-04,West,T-10,466.39,298.35
J-008014,2025-12-04,North,T-06,1084.91,705.07
J-008015,2025-12-04,North,T-07,858.3,583.11
J-008016,2025-12-04,North,T-02,2344.16,1318.39
J-008017,2025-12-04,East,T-05,1147.23,710.74
J-008018,2025-12-04,West,T-08,680.08,471.95
J-008019,2025-12-04,West,T-03,3220.81,1973.83
J-008020,2025-12-04,East,T-10,717.9,522.81
J-008021,2025-12-04,North,T-12,841.08,502.14
J-008022,2025-12-04,East,T-03,419.97,227.14
J-008023,2025-12-04,West,T-11,657.97,409.23
J-008024,2025-12-04,West,T-02,595.07,489.77
J-008025,2025-12-04,East,T-12,2308.82,1420.16
J-008026,2025-12-04,South,T-10,576.43,348.72
J-008027,2025-12-05,North,T-04,480.99,301.08
J-008028,2025-12-05,East,T-11,433.54,301.36
J-008029,2025-12-05,North,T-04,639.88,338.66
J-008030,2025-12-05,South,T-11,504.0,307.43
J-008031,2025-12-05,North,T-06,2016.91,1331.88
J-008032,2025-12-05,South,T-05,569.61,394.95
J-008033,2025-12-05,South,T-10,308.95,218.08
J-008034,2025-12-05,North,T-09,525.25,345.64
J-008035,2025-12-05,East,T-05,662.8,439.98
J-008036,2025-12-05,East,T-07,739.59,453.37
J-008037,2025-12-05,West,T-07,604.78,391.88
J-008038,2025-12-05,South,T-09,535.74,373.64
J-008039,2025-12-05,North,T-01,843.4,429.36
J-008040,2025-12-05,South,T-04,830.29,501.48
J-008041,2025-12-05,North,T-06,547.21,356.52
J-008042,2025-12-05,West,T-01,425.69,319.38
J-008043,2025-12-05,South,T-01,498.15,331.5
J-008044,2025-12-05,East,T-07,587.4,410.64
J-008045,2025-12-05,North,T-11,245.69,175.38
J-008046,2025-12-05,North,T-04,1336.64,642.54
J-008047,2025-12-05,East,T-04,1291.22,773.03
J-008048,2025-12-06,West,T-02,282.56,187.94
J-008049,2025-12-06,North,T-12,829.14,558.74
J-008050,2025-12-06,North,T-12,477.16,288.81
J-008051,2025-12-06,North,T-12,314.87,212.42
J-008052,2025-12-06,North,T-07,854.51,506.15
J-008053,2025-12-06,North,T-03,554.47,376.14
J-008054,2025-12-06,South,T-02,716.9,470.08
J-008055,2025-12-06,South,T-06,415.22,269.62
J-008056,2025-12-07,South,T-06,835.33,616.95
J-008057,2025-12-07,North,T-11,446.37,263.21
J-008058,2025-12-07,West,T-10,582.08,388.74
J-008059,2025-12-07,North,T-12,515.62,282.23
J-008060,2025-12-07,South,T-04,692.87,449.32
J-008061,2025-12-07,West,T-06,1364.03,974.79
J-008062,2025-12-07,East,T-02,553.77,322.26
J-008063,2025-12-08,East,T-01,972.02,672.75
J-008064,2025-12-08,East,T-01,489.09,370.43
J-008065,2025-12-08,South,T-11,1380.71,917.17
J-008066,2025-12-08,East,T-12,481.85,320.46
J-008067,2025-12-08,South,T-11,1479.26,928.28
J-008068,2025-12-08,East,T-10,1530.03,939.01
J-008069,2025-12-08,North,T-09,337.44,218.05
J-008070,2025-12-08,West,T-02,2161.22,1450.57
J-008071,2025-12-08,East,T-05,854.04,471.6
J-008072,2025-12-08,East,T-08,685.5,436.23
J-008073,2025-12-08,South,T-02,647.14,375.24
J-008074,2025-12-08,North,T-11,693.2,452.7
J-008075,2025-12-08,North,T-07,873.18,564.63
J-008076,2025-12-08,West,T-02,327.85,208.91
J-008077,2025-12-08,South,T-10,472.4,335.26
J-008078,2025-12-08,East,T-06,1097.49,706.34
J-008079,2025-12-08,North,T-10,812.33,614.81
J-008080,2025-12-08,West,T-01,361.39,246.0
J-008081,2025-12-08,East,T-01,370.67,208.7
J-008082,2025-12-08,North,T-06,2315.39,1469.17
J-008083,2025-12-08,North,T-03,736.96,502.11
J-008084,2025-12-08,South,T-08,401.72,198.11
J-008085,2025-12-08,South,T-06,275.77,198.19
J-008086,2025-12-08,South,T-04,2623.73,1676.28
J-008087,2025-12-08,South,T-06,988.39,680.93
J-008088,2025-12-09,South,T-08,889.04,553.35
J-008089,2025-12-09,East,T-05,696.56,370.1
J-008090,2025-12-09,East,T-10,535.58,338.34
J-008091,2025-12-09,South,T-11,1202.83,690.73
J-008092,2025-12-09,South,T-11,399.22,259.32
J-008093,2025-12-09,South,T-09,336.96,226.29
J-008094,2025-12-09,East,T-11,645.77,408.47
J-008095,2025-12-09,East,T-03,1220.65,788.11
J-008096,2025-12-09,North,T-03,1095.55,740.7
J-008097,2025-12-09,West,T-10,679.0,470.96
J-008098,2025-12-09,North,T-08,1064.06,689.89
J-008099,2025-12-09,West,T-09,737.28,475.5
J-008100,2025-12-09,West,T-05,392.87,251.52
J-008101,2025-12-09,North,T-03,1080.06,751.57
J-008102,2025-12-09,West,T-08,505.75,331.26
J-008103,2025-12-09,East,T-03,687.78,557.78
J-008104,2025-12-09,West,T-12,821.4,550.66
J-008105,2025-12-09,North,T-06,879.97,534.96
J-008106,2025-12-09,East,T-01,948.04,551.77
J-008107,2025-12-10,North,T-03,508.82,275.47
J-008108,2025-12-10,East,T-01,575.82,367.55
J-008109,2025-12-10,West,T-03,768.38,429.64
J-008110,2025-12-10,West,T-08,956.02,550.77
J-008111,2025-12-10,North,T-09,670.53,427.11
J-008112,2025-12-10,East,T-03,752.58,495.06
J-008113,2025-12-10,West,T-03,745.91,450.56
J-008114,2025-12-10,South,T-11,799.18,549.51
J-008115,2025-12-10,North,T-12,772.57,486.37
J-008116,2025-12-10,East,T-03,218.98,153.71
J-008117,2025-12-10,North,T-11,521.35,317.91
J-008118,2025-12-10,North,T-11,425.64,254.33
J-008119,2025-12-10,East,T-09,1333.25,857.75
J-008120,2025-12-10,East,T-06,912.83,526.07
J-008121,2025-12-10,East,T-12,1930.29,1243.8
J-008122,2025-12-10,East,T-03,838.96,559.07
J-008123,2025-12-10,North,T-04,783.65,527.54
J-008124,2025-12-10,North,T-06,847.95,411.78
J-008125,2025-12-10,East,T-02,1539.64,745.52
J-008126,2025-12-10,South,T-04,331.31,222.38
J-008127,2025-12-11,North,T-10,377.58,225.63
J-008128,2025-12-11,North,T-12,518.81,330.73
J-008129,2025-12-11,East,T-12,688.4,483.81
J-008130,2025-12-11,West,T-08,668.95,396.0
J-008131,2025-12-11,East,T-06,1241.16,916.3
J-008132,2025-12-11,North,T-04,1044.78,592.7
J-008133,2025-12-11,South,T-04,509.57,384.25
J-008134,2025-12-11,South,T-04,327.82,225.01
J-008135,2025-12-11,North,T-09,1266.6,730.14
J-008136,2025-12-11,North,T-02,928.6,592.23
J-008137,2025-12-11,East,T-10,850.47,528.28
J-008138,2025-12-11,East,T-08,381.79,288.44
J-008139,2025-12-11,West,T-09,622.62,424.62
J-008140,2025-12-11,North,T-02,583.12,370.12
J-008141,2025-12-11,East,T-10,1001.72,715.8
J-008142,2025-12-11,East,T-10,811.0,470.49
J-008143,2025-12-11,West,T-10,495.84,332.96
J-008144,2025-12-12,North,T-01,1317.72,873.16
J-008145,2025-12-12,West,T-09,1073.42,801.01
J-008146,2025-12-12,West,T-08,1447.67,984.64
J-008147,2025-12-12,East,T-11,475.46,325.72
J-008148,2025-12-12,West,T-05,1721.68,1040.9
J-008149,2025-12-12,West,T-11,567.65,349.03
J-008150,2025-12-12,North,T-04,985.66,712.9
J-008151,2025-12-12,East,T-05,845.83,533.1
J-008152,2025-12-12,East,T-07,1092.51,688.8
J-008153,2025-12-12,South,T-10,594.23,374.74
J-008154,2025-12-12,North,T-07,929.81,636.2
J-008155,2025-12-12,North,T-06,581.14,335.29
J-008156,2025-12-12,South,T-05,1354.79,818.36
J-008157,2025-12-12,East,T-01,567.37,328.53
J-008158,2025-12-12,West,T-05,803.49,501.82
J-008159,2025-12-12,East,T-11,445.14,255.88
J-008160,2025-12-12,North,T-03,1675.32,1259.69
J-008161,2025-12-12,North,T-04,531.63,318.94
J-008162,2025-12-13,North,T-04,835.52,631.51
J-008163,2025-12-13,East,T-02,2123.92,1215.71
J-008164,2025-12-13,North,T-08,415.74,286.07
J-008165,2025-12-13,North,T-12,2045.56,1359.64
J-008166,2025-12-13,West,T-05,985.42,616.77
J-008167,2025-12-13,West,T-01,533.99,337.47
J-008168,2025-12-13,North,T-09,360.23,219.49
J-008169,2025-12-13,East,T-10,1704.89,1180.2
J-008170,2025-12-13,North,T-05,590.14,350.92
J-008171,2025-12-13,West,T-05,1128.66,740.59
J-008172,2025-12-13,South,T-07,695.1,425.8
J-008173,2025-12-13,East,T-08,898.87,492.57
J-008174,2025-12-13,North,T-01,1487.37,1027.36
J-008175,2025-12-13,East,T-04,831.51,527.1
J-008176,2025-12-13,South,T-04,1288.83,720.05
J-008177,2025-12-14,West,T-03,780.07,522.34
J-008178,2025-12-15,North,T-03,668.85,424.93
J-008179,2025-12-15,West,T-07,1617.64,1120.34
J-008180,2025-12-15,North,T-01,1443.79,946.81
J-008181,2025-12-15,South,T-10,630.36,421.16
J-008182,2025-12-15,South,T-08,462.91,326.76
J-008183,2025-12-15,East,T-01,843.33,597.84
J-008184,2025-12-15,South,T-05,731.18,489.01
J-008185,2025-12-15,North,T-05,975.71,551.14
J-008186,2025-12-15,North,T-09,818.18,476.86
J-008187,2025-12-15,East,T-12,817.36,560.1
J-008188,2025-12-15,West,T-12,321.03,186.67
J-008189,2025-12-15,North,T-02,1488.47,1072.32
J-008190,2025-12-15,North,T-06,1289.93,699.43
J-008191,2025-12-15,East,T-12,296.62,188.3
J-008192,2025-12-15,North,T-02,246.84,136.84
J-008193,2025-12-15,South,T-02,928.16,481.54
J-008194,2025-12-15,North,T-10,368.68,235.63
J-008195,2025-12-15,North,T-05,1030.54,534.83
J-008196,2025-12-15,West,T-11,922.52,564.72
J-008197,2025-12-15,North,T-06,605.25,340.54
J-008198,2025-12-16,North,T-11,551.76,386.25
J-008199,2025-12-16,West,T-10,290.01,176.46
J-008200,2025-12-16,South,T-10,630.5,360.91
J-008201,2025-12-16,South,T-09,532.68,322.79
J-008202,2025-12-16,North,T-08,521.03,367.69
J-008203,2025-12-16,North,T-01,344.92,155.22
J-008204,2025-12-16,South,T-02,1061.92,573.85
J-008205,2025-12-16,East,T-01,927.47,671.21
J-008206,2025-12-16,South,T-09,868.07,579.26
J-008207,2025-12-16,South,T-07,1024.77,573.93
J-008208,2025-12-16,North,T-02,1374.99,840.56
J-008209,2025-12-16,North,T-01,616.16,430.83
J-008210,2025-12-16,South,T-01,648.35,368.84
J-008211,2025-12-16,North,T-02,1316.78,762.22
J-008212,2025-12-16,North,T-04,293.89,215.65
J-008213,2025-12-16,East,T-10,1142.8,730.62
J-008214,2025-12-16,North,T-04,520.99,378.41
J-008215,2025-12-16,North,T-09,616.2,328.06
J-008216,2025-12-16,East,T-07,542.39,341.74
J-008217,2025-12-17,East,T-04,694.32,497.84
J-008218,2025-12-17,North,T-12,757.27,501.65
J-008219,2025-12-17,East,T-10,475.04,316.7
J-008220,2025-12-17,East,T-03,348.22,224.64
J-008221,2025-12-17,South,T-01,1123.99,800.5
J-008222,2025-12-17,West,T-09,679.27,384.06
J-008223,2025-12-17,East,T-12,662.14,413.17
J-008224,2025-12-17,South,T-03,382.36,262.5
J-008225,2025-12-17,East,T-05,484.93,313.12
J-008226,2025-12-17,West,T-02,362.74,232.18
J-008227,2025-12-17,South,T-04,735.23,448.6
J-008228,2025-12-17,North,T-06,482.21,288.48
J-008229,2025-12-17,North,T-11,1420.98,901.78
J-008230,2025-12-17,East,T-11,1232.64,819.02
J-008231,2025-12-17,East,T-12,331.69,180.76
J-008232,2025-12-17,South,T-06,2282.03,1257.04
J-008233,2025-12-17,East,T-10,407.56,242.73
J-008234,2025-12-17,North,T-02,487.89,313.23
J-008235,2025-12-17,West,T-09,1195.21,814.6
J-008236,2025-12-17,East,T-01,511.64,344.0
J-008237,2025-12-17,North,T-02,721.73,415.33
J-008238,2025-12-18,West,T-06,556.58,333.64
J-008239,2025-12-18,North,T-01,650.94,321.94
J-008240,2025-12-18,East,T-09,732.04,436.73
J-008241,2025-12-18,North,T-11,493.98,298.97
J-008242,2025-12-18,North,T-11,764.82,498.47
J-008243,2025-12-18,South,T-11,269.28,162.74
J-008244,2025-12-18,West,T-05,2048.38,1245.18
J-008245,2025-12-18,West,T-10,1017.49,659.91
J-008246,2025-12-18,North,T-07,253.54,167.58
J-008247,2025-12-18,South,T-06,911.34,586.71
J-008248,2025-12-18,East,T-03,1416.98,822.88
J-008249,2025-12-18,North,T-09,955.78,582.17
J-008250,2025-12-18,West,T-06,721.38,453.84
J-008251,2025-12-18,East,T-05,2095.67,1235.64
J-008252,2025-12-19,North,T-09,726.14,448.31
J-008253,2025-12-19,West,T-06,1111.19,689.93
J-008254,2025-12-19,South,T-02,669.14,365.44
J-008255,2025-12-19,North,T-03,1384.02,914.24
J-008256,2025-12-19,South,T-09,744.69,465.05
J-008257,2025-12-19,North,T-03,978.13,678.71
J-008258,2025-12-19,West,T-02,526.42,372.68
J-008259,2025-12-19,East,T-12,613.0,437.8
J-008260,2025-12-19,West,T-08,553.75,400.64
J-008261,2025-12-19,South,T-03,715.72,430.83
J-008262,2025-12-19,South,T-10,1099.2,707.03
J-008263,2025-12-19,North,T-06,1292.27,829.37
J-008264,2025-12-19,East,T-01,904.32,516.19
J-008265,2025-12-19,South,T-12,599.03,368.27
J-008266,2025-12-19,North,T-10,1274.0,787.53
J-008267,2025-12-19,North,T-10,726.04,415.32
J-008268,2025-12-19,East,T-05,921.19,578.08
J-008269,2025-12-19,North,T-11,1392.51,746.22
J-008270,2025-12-19,West,T-04,2000.64,1227.56
J-008271,2025-12-19,West,T-12,2084.45,1243.24
J-008272,2025-12-19,East,T-04,730.47,469.51
J-008273,2025-12-19,West,T-07,533.56,343.18
J-008274,2025-12-19,East,T-02,513.12,321.36
J-008275,2025-12-19,East,T-11,1575.18,903.72
J-008276,2025-12-19,South,T-10,301.86,160.19
J-008277,2025-12-19,North,T-06,1406.38,852.06
J-008278,2025-12-19,South,T-06,995.37,635.34
J-008279,2025-12-20,North,T-02,753.3,419.31
J-008280,2025-12-20,West,T-05,804.83,483.55
J-008281,2025-12-20,South,T-01,1118.98,786.71
J-008282,2025-12-20,East,T-04,846.56,565.7
J-008283,2025-12-20,West,T-10,837.56,518.06
J-008284,2025-12-20,East,T-03,548.46,315.95
J-008285,2025-12-20,East,T-04,888.18,469.23
J-008286,2025-12-20,East,T-09,311.12,185.06
J-008287,2025-12-20,South,T-11,576.26,406.24
J-008288,2025-12-21,South,T-03,776.87,593.16
J-008289,2025-12-21,North,T-03,2219.09,1335.42
J-008290,2025-12-21,North,T-02,577.29,391.64
J-008291,2025-12-21,North,T-12,651.85,436.16
J-008292,2025-12-21,North,T-07,975.95,682.67
J-008293,2025-12-21,South,T-07,780.57,518.41
J-008294,2025-12-21,North,T-04,527.08,334.98
J-008295,2025-12-22,North,T-02,236.81,133.69
J-008296,2025-12-22,North,T-10,1128.52,693.88
J-008297,2025-12-22,West,T-09,885.74,549.44
J-008298,2025-12-22,West,T-04,389.35,282.37
J-008299,2025-12-22,West,T-12,421.72,279.92
J-008300,2025-12-22,North,T-10,438.89,303.85
J-008301,2025-12-22,South,T-04,423.44,272.72
J-008302,2025-12-22,North,T-01,486.72,330.82
J-008303,2025-12-22,South,T-07,309.34,192.04
J-008304,2025-12-22,North,T-03,494.5,289.38
J-008305,2025-12-22,West,T-02,1674.12,1156.02
J-008306,2025-12-22,North,T-10,351.57,204.99
J-008307,2025-12-22,West,T-09,523.8,313.91
J-008308,2025-12-22,North,T-03,727.77,519.04
J-008309,2025-12-22,North,T-05,484.91,315.82
J-008310,2025-12-22,North,T-06,937.95,657.6
J-008311,2025-12-22,South,T-12,559.16,312.84
J-008312,2025-12-22,North,T-01,786.57,503.18
J-008313,2025-12-22,West,T-01,389.73,255.34
J-008314,2025-12-22,East,T-12,1605.22,1022.71
J-008315,2025-12-22,West,T-06,579.94,352.53
J-008316,2025-12-22,West,T-05,333.58,222.17
J-008317,2025-12-22,North,T-09,536.05,347.89
J-008318,2025-12-22,West,T-07,607.89,388.31
J-008319,2025-12-22,North,T-09,758.3,536.58
J-008320,2025-12-22,North,T-06,2310.33,1472.93
J-008321,2025-12-22,North,T-10,361.55,215.92
J-008322,2025-12-22,East,T-07,940.75,620.49
J-008323,2025-12-23,East,T-11,412.58,276.15
J-008324,2025-12-23,North,T-04,567.33,330.65
J-008325,2025-12-23,West,T-11,798.26,534.73
J-008326,2025-12-23,East,T-07,474.37,317.91
J-008327,2025-12-23,West,T-08,566.39,391.92
J-008328,2025-12-23,East,T-12,696.92,405.96
J-008329,2025-12-23,South,T-01,140.64,91.67
J-008330,2025-12-23,North,T-02,379.83,287.68
J-008331,2025-12-23,East,T-02,521.42,325.54
J-008332,2025-12-23,South,T-07,342.91,233.17
J-008333,2025-12-23,East,T-03,656.53,378.25
J-008334,2025-12-23,North,T-10,712.45,416.15
J-008335,2025-12-23,East,T-11,614.39,344.24
J-008336,2025-12-23,East,T-08,1131.38,783.06
J-008337,2025-12-23,West,T-06,402.76,232.16
J-008338,2025-12-23,East,T-04,587.44,340.01
J-008339,2025-12-23,South,T-10,648.66,447.88
J-008340,2025-12-23,East,T-04,824.54,605.96
J-008341,2025-12-23,North,T-12,1113.84,679.1
J-008342,2025-12-23,East,T-12,601.15,376.13
J-008343,2025-12-23,West,T-07,450.35,248.64
J-008344,2025-12-23,North,T-07,719.34,500.64
J-008345,2025-12-23,West,T-06,782.71,484.5
J-008346,2025-12-24,East,T-02,1290.79,852.45
J-008347,2025-12-24,South,T-03,985.59,663.22
J-008348,2025-12-24,North,T-09,797.66,554.08
J-008349,2025-12-24,North,T-10,665.48,388.38
J-008350,2025-12-24,West,T-03,1120.85,818.34
J-008351,2025-12-24,North,T-09,444.56,266.69
J-008352,2025-12-24,South,T-09,411.94,250.9
J-008353,2025-12-24,West,T-07,474.93,333.97
J-008354,2025-12-24,North,T-10,1257.22,701.94
J-008355,2025-12-24,East,T-06,747.55,488.44
J-008356,2025-12-24,North,T-02,519.89,330.08
J-008357,2025-12-24,South,T-04,403.74,246.85
J-008358,2025-12-24,North,T-08,408.29,281.28
J-008359,2025-12-24,South,T-03,526.26,345.01
J-008360,2025-12-24,West,T-07,708.51,424.59
J-008361,2025-12-24,East,T-10,563.89,361.86
J-008362,2025-12-24,East,T-01,1783.02,1062.2
J-008363,2025-12-25,North,T-11,323.72,235.96
J-008364,2025-12-25,South,T-08,994.27,639.45
J-008365,2025-12-25,East,T-02,471.62,335.45
J-008366,2025-12-25,North,T-03,484.0,288.44
J-008367,2025-12-25,West,T-09,845.85,581.94
J-008368,2025-12-25,East,T-09,949.54,552.32
J-008369,2025-12-25,East,T-09,735.8,419.19
J-008370,2025-12-25,East,T-11,1346.45,1046.71
J-008371,2025-12-25,North,T-05,938.68,592.03
J-008372,2025-12-25,North,T-01,1343.56,923.3
J-008373,2025-12-25,North,T-08,827.08,491.11
J-008374,2025-12-25,North,T-06,373.27,287.46
J-008375,2025-12-25,East,T-01,538.63,346.93
J-008376,2025-12-25,North,T-02,705.38,437.52
J-008377,2025-12-25,East,T-05,608.74,341.58
J-008378,2025-12-25,East,T-11,360.03,202.72
J-008379,2025-12-25,North,T-07,832.89,562.83
J-008380,2025-12-25,North,T-07,1224.17,813.42
J-008381,2025-12-25,South,T-06,667.47,451.17
J-008382,2025-12-25,North,T-03,694.69,367.85
J-008383,2025-12-25,North,T-08,591.42,366.48
J-008384,2025-12-25,North,T-03,436.67,328.2
J-008385,2025-12-25,South,T-09,455.14,308.97
J-008386,2025-12-25,East,T-10,411.25,318.4
J-008387,2025-12-25,South,T-02,364.42,237.8
J-008388,2025-12-25,North,T-02,243.76,138.54
J-008389,2025-12-25,East,T-07,448.75,277.79
J-008390,2025-12-25,South,T-11,588.09,405.32
J-008391,2025-12-25,North,T-03,491.71,277.68
J-008392,2025-12-25,North,T-11,936.2,553.88
J-008393,2025-12-25,East,T-04,716.73,399.25
J-008394,2025-12-25,North,T-07,264.02,200.74
J-008395,2025-12-25,West,T-10,298.13,193.28
J-008396,2025-12-26,South,T-01,794.64,609.64
J-008397,2025-12-26,North,T-07,3020.98,2162.65
J-008398,2025-12-26,North,T-10,579.62,379.64
J-008399,2025-12-26,South,T-05,555.58,309.57
J-008400,2025-12-26,South,T-02,334.81,217.71
J-008401,2025-12-26,North,T-04,1079.18,645.74
J-008402,2025-12-26,South,T-05,825.87,482.99
J-008403,2025-12-26,East,T-07,585.74,350.75
J-008404,2025-12-26,South,T-01,613.62,416.66
J-008405,2025-12-26,South,T-12,576.42,354.07
J-008406,2025-12-26,East,T-03,347.97,234.33
J-008407,2025-12-26,West,T-08,520.6,312.92
J-008408,2025-12-26,West,T-01,712.49,498.37
J-008409,2025-12-26,East,T-05,887.55,542.27
J-008410,2025-12-26,South,T-12,559.57,374.64
J-008411,2025-12-26,North,T-05,692.39,377.02
J-008412,2025-12-26,South,T-02,1182.37,698.7
J-008413,2025-12-26,North,T-06,492.76,307.86
J-008414,2025-12-26,West,T-08,403.73,257.2
J-008415,2025-12-26,North,T-05,896.19,618.85
J-008416,2025-12-27,North,T-09,831.89,531.92
J-008417,2025-12-27,North,T-11,1251.76,834.96
J-008418,2025-12-27,North,T-01,1039.97,622.55
J-008419,2025-12-27,North,T-03,604.88,344.37
J-008420,2025-12-27,South,T-08,657.01,406.24
J-008421,2025-12-27,South,T-05,1088.36,690.2
J-008422,2025-12-28,South,T-10,507.66,295.49
J-008423,2025-12-28,East,T-11,836.35,559.78
J-008424,2025-12-28,West,T-01,336.25,203.41
J-008425,2025-12-29,East,T-02,428.87,224.71
J-008426,2025-12-29,South,T-10,286.73,184.79
J-008427,2025-12-29,North,T-01,1571.97,1014.44
J-008428,2025-12-29,South,T-10,504.38,308.05
J-008429,2025-12-29,West,T-05,988.3,544.24
J-008430,2025-12-29,North,T-03,1155.33,619.39
J-008431,2025-12-29,South,T-02,829.87,538.43
J-008432,2025-12-29,West,T-08,719.69,398.24
J-008433,2025-12-29,West,T-02,298.78,212.74
J-008434,2025-12-29,West,T-11,633.04,350.97
J-008435,2025-12-29,North,T-09,414.74,264.3
J-008436,2025-12-29,North,T-03,532.68,269.43
J-008437,2025-12-29,South,T-04,1232.0,805.6
J-008438,2025-12-29,West,T-11,467.16,265.24
J-008439,2025-12-29,West,T-10,1605.73,948.49
J-008440,2025-12-29,North,T-05,631.66,428.07
J-008441,2025-12-29,North,T-10,378.83,271.55
J-008442,2025-12-29,North,T-08,596.67,414.89
J-008443,2025-12-29,West,T-06,983.64,580.43
J-008444,2025-12-29,East,T-09,455.1,265.05
J-008445,2025-12-29,East,T-08,547.06,315.65
J-008446,2025-12-30,West,T-08,857.13,506.41
J-008447,2025-12-30,South,T-12,640.85,400.72
J-008448,2025-12-30,North,T-03,802.0,467.93
J-008449,2025-12-30,North,T-08,583.42,372.22
J-008450,2025-12-30,North,T-05,205.7,124.32
J-008451,2025-12-30,West,T-04,150.78,112.3
J-008452,2025-12-30,North,T-01,589.55,392.2
J-008453,2025-12-30,South,T-01,1021.73,665.5
J-008454,2025-12-30,East,T-11,1414.9,919.74
J-008455,2025-12-30,North,T-01,804.47,538.47
J-008456,2025-12-30,West,T-08,399.01,257.69
J-008457,2025-12-30,North,T-07,599.87,359.82
J-008458,2025-12-30,North,T-08,383.73,245.48
J-008459,2025-12-31,East,T-01,857.75,553.91
J-008460,2025-12-31,South,T-10,610.8,449.15
J-008461,2025-12-31,West,T-03,773.43,518.65
J-008462,2025-12-31,North,T-07,1347.8,693.67
J-008463,2025-12-31,South,T-08,947.55,556.39
J-008464,2025-12-31,North,T-04,459.1,311.37
J-008465,2025-12-31,North,T-07,710.7,499.82
J-008466,2025-12-31,East,T-05,1334.18,932.07
J-008467,2025-12-31,South,T-02,506.27,351.87
J-008468,2025-12-31,West,T-03,1309.67,775.79
J-008469,2025-12-31,West,T-01,1712.78,1146.35
J-008470,2025-12-31,East,T-10,238.41,155.57
J-008471,2025-12-31,West,T-02,698.08,448.04
J-008472,2025-12-31,North,T-07,747.38,492.82
J-008473,2025-12-31,North,T-01,696.84,453.2
J-008474,2025-12-31,West,T-01,783.27,588.22
J-008475,2025-12-31,East,T-11,563.75,418.07
J-008476,2025-12-31,South,T-06,727.67,455.76
J-008477,2025-12-31,South,T-08,881.22,482.87
J-008478,2025-12-31,North,T-09,1283.91,956.79
J-008479,2025-12-31,West,T-11,813.1,497.86
J-008480,2025-12-31,North,T-10,2196.99,1563.51
J-008481,2025-12-31,South,T-03,1119.48,683.44
J-008482,2025-12-31,South,T-02,708.83,444.8
J-008483,2026-01-01,North,T-08,684.46,457.52
J-008484,2026-01-01,North,T-03,1050.0,646.38
J-008485,2026-01-01,East,T-06,1133.66,795.54
J-008486,2026-01-01,East,T-02,1062.15,584.11
J-008487,2026-01-01,North,T-06,591.38,331.19
J-008488,2026-01-01,West,T-07,710.27,452.15
J-008489,2026-01-01,North,T-07,905.6,575.72
J-008490,2026-01-01,East,T-05,669.92,529.99
J-008491,2026-01-01,North,T-07,427.93,246.33
J-008492,2026-01-01,North,T-05,510.58,354.23
J-008493,2026-01-01,South,T-11,1086.96,774.14
J-008494,2026-01-01,West,T-09,356.76,233.67
J-008495,2026-01-01,North,T-11,669.8,380.26
J-008496,2026-01-01,North,T-03,989.66,548.36
J-008497,2026-01-01,North,T-07,1676.21,1310.29
J-008498,2026-01-02,South,T-05,523.62,405.96
J-008499,2026-01-02,South,T-06,1163.78,765.74
J-008500,2026-01-02,West,T-08,500.47,389.87
J-008501,2026-01-02,West,T-03,1152.03,639.27
J-008502,2026-01-02,South,T-03,394.06,250.69
J-008503,2026-01-02,West,T-12,1027.94,682.46
J-008504,2026-01-02,South,T-11,606.83,424.9
J-008505,2026-01-02,West,T-03,929.78,485.11
J-008506,2026-01-02,West,T-08,922.96,624.55
J-008507,2026-01-02,South,T-11,393.46,245.58
J-008508,2026-01-02,North,T-01,1131.8,731.75
J-008509,2026-01-02,North,T-04,993.43,557.19
J-008510,2026-01-02,South,T-05,704.93,395.66
J-008511,2026-01-02,East,T-10,1063.19,647.17
J-008512,2026-01-02,East,T-07,668.46,404.06
J-008513,2026-01-02,West,T-08,907.44,565.75
J-008514,2026-01-02,South,T-07,952.59,544.64
J-008515,2026-01-02,North,T-07,523.33,335.36
J-008516,2026-01-02,East,T-01,2006.64,1310.69
J-008517,2026-01-03,South,T-06,673.34,436.7
J-008518,2026-01-03,South,T-09,605.17,361.01
J-008519,2026-01-03,South,T-10,259.63,168.61
J-008520,2026-01-03,North,T-04,557.04,295.78
J-008521,2026-01-03,South,T-10,193.23,123.31
J-008522,2026-01-03,East,T-03,304.0,185.15
J-008523,2026-01-03,North,T-12,1209.2,866.81
J-008524,2026-01-03,South,T-03,527.29,349.25
J-008525,2026-01-03,East,T-01,253.29,160.74
J-008526,2026-01-03,South,T-09,326.36,217.47
J-008527,2026-01-03,South,T-05,278.52,192.72
J-008528,2026-01-03,North,T-08,417.05,295.67
J-008529,2026-01-04,East,T-10,500.47,262.83
J-008530,2026-01-04,South,T-09,1399.18,836.45
J-008531,2026-01-04,South,T-07,830.83,487.17
J-008532,2026-01-04,South,T-02,661.51,378.92
J-008533,2026-01-04,North,T-04,510.37,266.03
J-008534,2026-01-04,West,T-04,759.05,493.62
J-008535,2026-01-05,West,T-08,604.0,369.69
J-008536,2026-01-05,East,T-06,611.16,401.85
J-008537,2026-01-05,North,T-06,380.32,293.54
J-008538,2026-01-05,South,T-05,318.75,218.09
J-008539,2026-01-05,North,T-08,1573.52,1176.75
J-008540,2026-01-05,East,T-04,619.17,394.5
J-008541,2026-01-05,South,T-08,711.21,497.07
J-008542,2026-01-05,North,T-08,550.47,327.66
J-008543,2026-01-05,North,T-01,841.65,450.96
J-008544,2026-01-05,North,T-12,485.04,292.02
J-008545,2026-01-05,North,T-11,458.61,278.35
J-008546,2026-01-05,North,T-03,429.08,300.85
J-008547,2026-01-05,East,T-06,285.06,168.91
J-008548,2026-01-05,North,T-06,396.91,257.21
J-008549,2026-01-05,West,T-09,1508.18,895.83
J-008550,2026-01-05,West,T-08,411.45,287.8
J-008551,2026-01-05,West,T-10,953.18,677.75
J-008552,2026-01-06,East,T-03,786.18,458.04
J-008553,2026-01-06,East,T-02,395.25,269.59
J-008554,2026-01-06,North,T-11,474.18,298.65
J-008555,2026-01-06,East,T-09,735.31,430.14
J-008556,2026-01-06,East,T-11,926.0,576.33
J-008557,2026-01-06,South,T-03,1221.12,748.66
J-008558,2026-01-06,West,T-08,727.77,446.92
J-008559,2026-01-06,East,T-02,3867.55,2394.25
J-008560,2026-01-06,West,T-02,1222.91,640.91
J-008561,2026-01-06,South,T-01,806.42,503.15
J-008562,2026-01-06,North,T-08,383.05,189.46
J-008563,2026-01-06,South,T-05,608.3,366.94
J-008564,2026-01-06,South,T-12,532.21,361.19
J-008565,2026-01-06,North,T-08,363.1,252.02
J-008566,2026-01-06,West,T-06,667.28,430.95
J-008567,2026-01-06,North,T-03,1822.09,1130.73
J-008568,2026-01-06,East,T-07,424.53,227.83
J-008569,2026-01-06,North,T-08,885.13,566.61
J-008570,2026-01-06,East,T-01,771.47,501.6
J-008571,2026-01-07,West,T-08,799.46,530.54
J-008572,2026-01-07,North,T-07,864.71,463.01
J-008573,2026-01-07,West,T-01,585.91,377.77
J-008574,2026-01-07,North,T-06,197.35,143.93
J-008575,2026-01-07,North,T-05,262.29,199.91
J-008576,2026-01-07,West,T-05,550.52,369.99
J-008577,2026-01-07,North,T-02,554.17,266.66
J-008578,2026-01-07,North,T-07,222.7,147.11
J-008579,2026-01-07,West,T-09,578.09,341.28
J-008580,2026-01-07,East,T-11,811.96,558.06
J-008581,2026-01-07,South,T-09,772.85,517.25
J-008582,2026-01-07,West,T-08,1382.98,996.67
J-008583,2026-01-07,West,T-06,652.33,447.7
J-008584,2026-01-07,West,T-01,403.02,264.56
J-008585,2026-01-07,West,T-03,257.13,151.91
J-008586,2026-01-07,South,T-03,477.09,301.78
J-008587,2026-01-07,East,T-09,491.66,293.21
J-008588,2026-01-07,East,T-02,463.31,290.88
J-008589,2026-01-07,North,T-05,318.77,201.51
J-008590,2026-01-07,East,T-07,1008.69,641.09
J-008591,2026-01-07,South,T-02,655.89,457.86
J-008592,2026-01-07,West,T-01,352.22,223.2
J-008593,2026-01-07,West,T-09,511.01,331.82
J-008594,2026-01-07,East,T-01,409.96,256.12
J-008595,2026-01-07,North,T-03,478.61,310.2
J-008596,2026-01-08,East,T-08,389.26,229.78
J-008597,2026-01-08,South,T-06,479.81,246.44
J-008598,2026-01-08,West,T-03,768.17,487.5
J-008599,2026-01-08,West,T-07,646.96,405.26
J-008600,2026-01-08,East,T-02,350.5,206.97
J-008601,2026-01-08,South,T-12,535.07,323.89
J-008602,2026-01-08,South,T-11,611.3,377.3
J-008603,2026-01-08,North,T-08,1061.55,756.47
J-008604,2026-01-09,North,T-03,486.19,289.21
J-008605,2026-01-09,North,T-12,900.65,572.56
J-008606,2026-01-09,West,T-04,497.92,316.62
J-008607,2026-01-09,South,T-09,348.47,213.43
J-008608,2026-01-09,East,T-02,1063.27,596.1
J-008609,2026-01-09,South,T-01,589.63,457.75
J-008610,2026-01-09,South,T-07,784.5,504.63
J-008611,2026-01-09,North,T-12,443.17,319.93
J-008612,2026-01-09,North,T-07,450.32,289.36
J-008613,2026-01-09,North,T-09,288.85,181.93
J-008614,2026-01-09,South,T-05,330.6,214.79
J-008615,2026-01-09,South,T-02,987.97,705.13
J-008616,2026-01-09,South,T-08,1063.07,768.55
J-008617,2026-01-09,North,T-01,1393.52,888.76
J-008618,2026-01-09,East,T-05,655.92,364.42
J-008619,2026-01-09,South,T-07,1541.87,1012.57
J-008620,2026-01-09,East,T-06,455.45,245.49
J-008621,2026-01-09,South,T-11,834.98,513.97
J-008622,2026-01-09,South,T-05,622.32,392.07
J-008623,2026-01-09,West,T-10,554.66,373.29
J-008624,2026-01-09,South,T-01,1096.51,696.19
J-008625,2026-01-09,South,T-03,1329.28,922.81
J-008626,2026-01-10,North,T-01,808.34,494.55
J-008627,2026-01-10,South,T-11,513.08,406.68
J-008628,2026-01-10,North,T-01,440.27,326.73
J-008629,2026-01-10,North,T-07,698.25,370.1
J-008630,2026-01-10,East,T-03,375.57,266.84
J-008631,2026-01-10,East,T-07,932.74,580.84
J-008632,2026-01-10,South,T-04,1083.36,773.81
J-008633,2026-01-10,North,T-06,670.24,384.27
J-008634,2026-01-10,South,T-05,992.26,572.85
J-008635,2026-01-10,East,T-01,826.0,569.8
J-008636,2026-01-11,North,T-05,250.44,176.92
J-008637,2026-01-11,West,T-05,1130.13,730.03
J-008638,2026-01-11,West,T-11,1145.93,734.5
J-008639,2026-01-11,West,T-02,832.53,626.66
J-008640,2026-01-11,North,T-11,512.91,346.67
J-008641,2026-01-11,North,T-06,473.9,366.99
J-008642,2026-01-11,East,T-04,363.24,256.78
J-008643,2026-01-11,East,T-05,468.32,290.81
J-008644,2026-01-11,East,T-07,435.96,265.14
J-008645,2026-01-11,West,T-10,604.2,407.0
J-008646,2026-01-12,South,T-02,1279.58,753.49
J-008647,2026-01-12,South,T-06,1468.14,1067.07
J-008648,2026-01-12,South,T-12,694.74,475.0
J-008649,2026-01-12,East,T-06,1390.12,1019.58
J-008650,2026-01-12,South,T-03,598.55,387.64
J-008651,2026-01-12,West,T-08,409.93,273.1
J-008652,2026-01-12,South,T-10,732.78,474.04
J-008653,2026-01-12,West,T-10,973.98,753.24
J-008654,2026-01-12,South,T-10,757.26,492.29
J-008655,2026-01-12,West,T-08,376.29,240.97
J-008656,2026-01-12,East,T-06,491.92,306.04
J-008657,2026-01-12,East,T-11,396.6,274.52
J-008658,2026-01-12,East,T-06,858.22,535.15
J-008659,2026-01-12,East,T-07,565.07,301.41
J-008660,2026-01-12,East,T-03,1060.08,717.59
J-008661,2026-01-12,East,T-01,2024.61,1409.42
J-008662,2026-01-13,West,T-02,374.33,196.83
J-008663,2026-01-13,West,T-10,918.62,484.53
J-008664,2026-01-13,West,T-04,440.15,262.52
J-008665,2026-01-13,South,T-11,1990.6,1291.51
J-008666,2026-01-13,South,T-12,513.52,259.93
J-008667,2026-01-13,North,T-10,655.43,454.16
J-008668,2026-01-13,South,T-12,1071.71,775.02
J-008669,2026-01-13,East,T-08,780.57,497.84
J-008670,2026-01-13,West,T-11,1221.81,753.82
J-008671,2026-01-13,West,T-01,518.68,290.24
J-008672,2026-01-13,East,T-01,477.92,335.62
J-008673,2026-01-13,South,T-02,316.01,228.29
J-008674,2026-01-13,West,T-06,1059.47,617.92
J-008675,2026-01-13,East,T-10,1140.52,855.52
J-008676,2026-01-13,South,T-12,1576.97,949.97
J-008677,2026-01-13,South,T-02,549.06,360.26
J-008678,2026-01-13,South,T-01,496.93,337.78
J-008679,2026-01-13,South,T-05,1055.95,623.49
J-008680,2026-01-13,West,T-01,1044.66,577.96
J-008681,2026-01-13,East,T-10,452.81,314.5
J-008682,2026-01-14,South,T-06,489.86,321.26
J-008683,2026-01-14,North,T-07,1087.81,701.36
J-008684,2026-01-14,South,T-02,375.34,223.49
J-008685,2026-01-14,West,T-02,823.83,519.51
J-008686,2026-01-14,South,T-04,478.56,290.08
J-008687,2026-01-14,West,T-08,952.08,687.48
J-008688,2026-01-14,North,T-11,961.71,625.87
J-008689,2026-01-14,East,T-02,624.5,414.74
J-008690,2026-01-14,North,T-01,855.42,549.85
J-008691,2026-01-14,South,T-07,486.47,292.7
J-008692,2026-01-14,West,T-04,1128.6,691.01
J-008693,2026-01-14,East,T-01,776.51,476.4
J-008694,2026-01-14,South,T-04,680.61,432.27
J-008695,2026-01-14,South,T-05,316.5,186.89
J-008696,2026-01-14,East,T-11,467.91,288.44
J-008697,2026-01-14,North,T-01,952.38,672.23
J-008698,2026-01-14,East,T-08,282.03,174.9
J-008699,2026-01-14,South,T-02,334.72,222.12
J-008700,2026-01-14,East,T-12,447.95,267.47
J-008701,2026-01-15,East,T-12,580.39,389.2
J-008702,2026-01-15,North,T-02,1509.49,987.47
J-008703,2026-01-15,North,T-12,520.84,343.24
J-008704,2026-01-15,North,T-07,558.65,369.36
J-008705,2026-01-15,North,T-05,510.83,330.39
J-008706,2026-01-15,East,T-01,678.31,410.73
J-008707,2026-01-15,West,T-09,1147.05,707.12
J-008708,2026-01-15,South,T-10,451.12,320.11
J-008709,2026-01-15,South,T-02,1823.96,1192.09
J-008710,2026-01-15,East,T-04,776.68,486.4
J-008711,2026-01-15,South,T-03,805.88,565.31
J-008712,2026-01-15,North,T-12,918.43,563.72
J-008713,2026-01-15,East,T-06,1727.06,1202.59
J-008714,2026-01-15,East,T-03,1202.45,751.46
J-008715,2026-01-15,North,T-04,809.8,509.78
J-008716,2026-01-15,South,T-09,1184.55,871.8
J-008717,2026-01-15,East,T-05,352.68,260.5
J-008718,2026-01-15,South,T-10,1666.38,1099.24
J-008719,2026-01-15,East,T-08,352.84,197.84
J-008720,2026-01-15,South,T-02,509.11,322.57
J-008721,2026-01-15,East,T-04,517.28,308.86
J-008722,2026-01-15,North,T-07,656.61,431.26
J-008723,2026-01-15,North,T-12,2817.85,1911.69
J-008724,2026-01-15,North,T-08,817.58,526.29
J-008725,2026-01-15,East,T-08,559.01,364.5
J-008726,2026-01-15,South,T-05,362.96,266.35
J-008727,2026-01-15,West,T-05,978.14,600.7
J-008728,2026-01-16,South,T-03,613.38,458.01
J-008729,2026-01-16,South,T-03,761.74,503.77
J-008730,2026-01-16,East,T-03,361.37,244.66
J-008731,2026-01-16,West,T-03,644.39,364.95
J-008732,2026-01-16,South,T-07,1079.25,763.53
J-008733,2026-01-16,North,T-10,792.7,439.53
J-008734,2026-01-16,West,T-09,657.58,472.76
J-008735,2026-01-16,North,T-01,767.21,479.52
J-008736,2026-01-16,West,T-09,355.85,248.99
J-008737,2026-01-16,West,T-03,396.06,255.1
J-008738,2026-01-16,North,T-01,774.34,471.48
J-008739,2026-01-16,South,T-03,1606.04,1023.13
J-008740,2026-01-16,West,T-02,653.05,434.48
J-008741,2026-01-16,South,T-05,795.7,554.3
J-008742,2026-01-16,South,T-01,1034.55,627.89
J-008743,2026-01-16,West,T-06,537.48,330.83
J-008744,2026-01-16,East,T-03,855.5,602.05
J-008745,2026-01-16,North,T-10,1093.16,667.41
J-008746,2026-01-16,East,T-10,842.0,533.18
J-008747,2026-01-16,East,T-11,357.31,222.16
J-008748,2026-01-16,East,T-05,1032.88,724.3
J-008749,2026-01-16,North,T-06,289.89,181.03
J-008750,2026-01-16,East,T-07,522.67,304.15
J-008751,2026-01-17,North,T-05,518.15,272.63
J-008752,2026-01-17,South,T-05,647.52,401.58
J-008753,2026-01-17,East,T-05,510.65,309.81
J-008754,2026-01-17,South,T-01,3312.68,2054.06
J-008755,2026-01-17,North,T-01,582.35,361.02
J-008756,2026-01-17,South,T-06,282.8,163.64
J-008757,2026-01-17,South,T-10,525.07,288.53
J-008758,2026-01-17,South,T-12,724.49,495.41
J-008759,2026-01-17,North,T-10,632.66,462.25
J-008760,2026-01-17,North,T-09,470.58,344.13
J-008761,2026-01-17,North,T-04,1495.89,1079.27
J-008762,2026-01-17,East,T-09,621.49,367.21
J-008763,2026-01-17,West,T-10,892.58,484.56
J-008764,2026-01-17,South,T-01,1415.11,967.25
J-008765,2026-01-18,West,T-05,401.36,248.54
J-008766,2026-01-18,East,T-08,1154.47,695.69
J-008767,2026-01-18,East,T-04,425.0,267.05
J-008768,2026-01-18,East,T-09,1592.27,1156.92
J-008769,2026-01-18,East,T-11,313.73,170.17
J-008770,2026-01-18,North,T-08,940.54,588.68
J-008771,2026-01-18,East,T-08,560.81,393.46
J-008772,2026-01-18,West,T-09,450.53,257.83
J-008773,2026-01-18,South,T-09,836.24,521.93
J-008774,2026-01-18,North,T-05,292.73,197.36
J-008775,2026-01-19,North,T-05,509.63,268.31
J-008776,2026-01-19,West,T-08,373.17,213.58
J-008777,2026-01-19,South,T-03,627.95,432.48
J-008778,2026-01-19,East,T-05,822.01,479.46
J-008779,2026-01-19,South,T-05,1447.2,1032.79
J-008780,2026-01-19,East,T-11,858.04,566.4
J-008781,2026-01-19,North,T-08,1590.04,973.3
J-008782,2026-01-19,East,T-08,332.53,249.04
J-008783,2026-01-19,North,T-12,611.4,394.17
J-008784,2026-01-19,East,T-04,328.0,204.11
J-008785,2026-01-19,East,T-07,852.99,627.24
J-008786,2026-01-19,East,T-11,1803.4,1063.21
J-008787,2026-01-19,East,T-12,715.52,468.27
J-008788,2026-01-19,West,T-10,351.17,279.26
J-008789,2026-01-19,South,T-02,697.87,523.76
J-008790,2026-01-19,North,T-09,515.18,342.15
J-008791,2026-01-20,North,T-04,211.42,117.15
J-008792,2026-01-20,East,T-07,1849.89,1329.35
J-008793,2026-01-20,East,T-07,582.8,430.63
J-008794,2026-01-20,South,T-10,1467.29,1029.75
J-008795,2026-01-20,South,T-03,715.27,428.92
J-008796,2026-01-20,South,T-06,1767.88,1132.61
J-008797,2026-01-20,East,T-12,1122.49,686.14
J-008798,2026-01-20,East,T-12,349.58,228.66
J-008799,2026-01-20,North,T-06,467.24,257.99
J-008800,2026-01-20,South,T-11,439.28,296.73
J-008801,2026-01-20,North,T-06,581.6,341.91
J-008802,2026-01-20,North,T-04,483.68,270.11
J-008803,2026-01-20,West,T-11,1200.83,834.04
J-008804,2026-01-20,West,T-01,1017.49,713.91
J-008805,2026-01-20,East,T-09,568.51,330.54
J-008806,2026-01-20,South,T-07,554.92,345.54
J-008807,2026-01-20,East,T-10,1010.01,563.12
J-008808,2026-01-20,West,T-09,631.33,415.99
J-008809,2026-01-20,North,T-09,1071.27,779.62
J-008810,2026-01-20,North,T-01,430.31,252.38
J-008811,2026-01-20,West,T-05,667.07,391.17
J-008812,2026-01-21,East,T-07,966.02,579.17
J-008813,2026-01-21,East,T-09,629.0,441.02
J-008814,2026-01-21,South,T-02,898.76,682.81
J-008815,2026-01-21,East,T-09,752.48,508.31
J-008816,2026-01-21,North,T-02,413.3,288.5
J-008817,2026-01-21,South,T-02,428.63,243.03
J-008818,2026-01-21,North,T-01,564.65,410.81
J-008819,2026-01-21,East,T-04,1084.77,582.86
J-008820,2026-01-21,North,T-05,797.15,472.98
J-008821,2026-01-21,East,T-05,1185.1,867.09
J-008822,2026-01-21,East,T-05,592.5,426.94
J-008823,2026-01-22,East,T-06,749.36,455.78
J-008824,2026-01-22,West,T-06,328.76,205.82
J-008825,2026-01-22,North,T-02,705.52,430.85
J-008826,2026-01-22,West,T-01,387.1,249.85
J-008827,2026-01-22,North,T-03,532.01,315.61
J-008828,2026-01-22,North,T-12,1040.44,604.48
J-008829,2026-01-22,North,T-08,563.97,337.04
J-008830,2026-01-22,North,T-01,486.58,289.07
J-008831,2026-01-22,North,T-04,1028.02,736.31
J-008832,2026-01-22,South,T-06,726.01,471.93
J-008833,2026-01-22,East,T-01,1412.76,906.05
J-008834,2026-01-22,West,T-10,832.19,482.46
J-008835,2026-01-22,South,T-10,2126.99,1563.83
J-008836,2026-01-22,South,T-03,224.35,136.89
J-008837,2026-01-22,South,T-10,580.24,362.73
J-008838,2026-01-22,North,T-09,779.32,493.61
J-008839,2026-01-22,South,T-04,1570.49,1075.58
J-008840,2026-01-22,East,T-12,339.46,203.74
J-008841,2026-01-22,West,T-05,810.66,532.01
J-008842,2026-01-22,West,T-09,595.3,414.44
J-008843,2026-01-22,West,T-12,487.04,308.88
J-008844,2026-01-22,South,T-10,278.68,146.18
J-008845,2026-01-22,South,T-05,535.5,313.48
J-008846,2026-01-22,West,T-01,1304.04,845.06
J-008847,2026-01-22,East,T-10,564.02,375.98
J-008848,2026-01-22,North,T-08,688.89,425.41
J-008849,2026-01-23,West,T-06,1067.66,705.81
J-008850,2026-01-23,East,T-09,663.73,417.14
J-008851,2026-01-23,West,T-06,720.89,529.38
J-008852,2026-01-23,East,T-11,384.07,231.2
J-008853,2026-01-23,South,T-11,355.48,202.69
J-008854,2026-01-23,East,T-07,313.4,167.25
J-008855,2026-01-23,East,T-12,944.61,612.67
J-008856,2026-01-23,East,T-12,723.6,458.44
J-008857,2026-01-23,East,T-02,462.59,350.37
J-008858,2026-01-23,South,T-06,561.7,363.5
J-008859,2026-01-23,North,T-08,927.63,556.03
J-008860,2026-01-23,South,T-06,544.31,344.17
J-008861,2026-01-23,North,T-07,1163.8,638.79
J-008862,2026-01-23,West,T-08,511.21,309.51
J-008863,2026-01-23,North,T-04,888.41,680.87
J-008864,2026-01-23,West,T-04,793.89,550.77
J-008865,2026-01-23,North,T-10,712.58,409.25
J-008866,2026-01-23,West,T-05,1192.1,659.49
J-008867,2026-01-23,North,T-01,992.94,558.41
J-008868,2026-01-24,East,T-07,608.76,378.73
J-008869,2026-01-24,North,T-11,399.66,225.47
J-008870,2026-01-24,North,T-01,955.22,593.51
J-008871,2026-01-24,North,T-05,478.29,315.23
J-008872,2026-01-24,South,T-11,1155.8,785.65
J-008873,2026-01-24,North,T-12,632.53,387.8
J-008874,2026-01-24,North,T-11,724.72,507.89
J-008875,2026-01-24,South,T-07,502.97,306.26
J-008876,2026-01-24,South,T-08,679.56,381.3
J-008877,2026-01-24,East,T-10,724.97,400.09
J-008878,2026-01-25,South,T-11,1554.17,893.11
J-008879,2026-01-25,North,T-10,396.97,223.8
J-008880,2026-01-25,North,T-11,725.63,450.7
J-008881,2026-01-25,West,T-12,694.02,448.78
J-008882,2026-01-25,East,T-06,1584.06,1146.9
J-008883,2026-01-26,East,T-01,519.28,311.09
J-008884,2026-01-26,North,T-01,679.93,413.0
J-008885,2026-01-26,North,T-05,470.53,262.88
J-008886,2026-01-26,West,T-12,675.36,323.43
J-008887,2026-01-26,South,T-05,664.85,365.01
J-008888,2026-01-26,North,T-02,852.21,581.29
J-008889,2026-01-26,North,T-03,596.47,373.19
J-008890,2026-01-26,South,T-03,620.55,390.74
J-008891,2026-01-26,South,T-12,311.72,216.7
J-008892,2026-01-26,East,T-02,856.79,531.58
J-008893,2026-01-26,East,T-04,450.62,287.52
J-008894,2026-01-26,South,T-01,1160.56,895.13
J-008895,2026-01-26,East,T-11,860.29,509.17
J-008896,2026-01-26,North,T-02,3276.91,1768.73
J-008897,2026-01-26,East,T-10,1116.22,639.22
J-008898,2026-01-26,West,T-10,581.1,326.7
J-008899,2026-01-26,South,T-11,662.32,456.87
J-008900,2026-01-26,West,T-04,171.7,116.57
J-008901,2026-01-26,East,T-03,1688.03,1076.84
J-008902,2026-01-26,West,T-08,928.47,578.89
J-008903,2026-01-27,West,T-11,612.04,443.65
J-008904,2026-01-27,North,T-05,1029.35,630.1
J-008905,2026-01-27,East,T-07,409.93,235.66
J-008906,2026-01-27,South,T-01,400.21,275.12
J-008907,2026-01-27,West,T-02,643.99,450.91
J-008908,2026-01-27,West,T-11,737.28,436.84
J-008909,2026-01-27,East,T-04,763.93,461.84
J-008910,2026-01-27,East,T-06,381.33,233.77
J-008911,2026-01-27,South,T-06,454.87,325.26
J-008912,2026-01-27,North,T-11,375.87,211.64
J-008913,2026-01-27,North,T-08,773.69,527.21
J-008914,2026-01-27,West,T-03,1419.72,855.22
J-008915,2026-01-27,South,T-03,819.67,531.7
J-008916,2026-01-27,South,T-06,717.09,472.41
J-008917,2026-01-27,South,T-02,776.99,520.32
J-008918,2026-01-27,North,T-05,467.97,296.18
J-008919,2026-01-27,West,T-11,519.27,314.59
J-008920,2026-01-27,West,T-06,848.13,514.16
J-008921,2026-01-27,North,T-07,904.4,539.8
J-008922,2026-01-27,East,T-07,1764.23,995.5
J-008923,2026-01-27,North,T-11,643.14,411.64
J-008924,2026-01-27,East,T-05,192.83,121.11
J-008925,2026-01-28,East,T-05,602.79,359.8
J-008926,2026-01-28,North,T-06,797.31,501.08
J-008927,2026-01-28,South,T-09,440.44,297.8
J-008928,2026-01-28,North,T-04,385.62,257.68
J-008929,2026-01-28,South,T-12,712.53,362.28
J-008930,2026-01-28,East,T-02,1066.98,777.2
J-008931,2026-01-28,East,T-04,636.91,382.42
J-008932,2026-01-28,South,T-10,862.95,482.46
J-008933,2026-01-28,West,T-03,900.76,541.55
J-008934,2026-01-28,West,T-06,785.24,466.19
J-008935,2026-01-28,East,T-01,1096.71,656.1
J-008936,2026-01-28,West,T-07,892.77,589.22
J-008937,2026-01-28,East,T-11,516.63,329.1
J-008938,2026-01-28,South,T-08,792.63,459.57
J-008939,2026-01-28,South,T-11,626.15,325.65
J-008940,2026-01-28,West,T-01,686.08,426.96
J-008941,2026-01-28,West,T-07,426.03,237.23
J-008942,2026-01-28,West,T-01,660.51,391.12
J-008943,2026-01-29,East,T-04,188.19,121.83
J-008944,2026-01-29,West,T-09,929.42,681.0
J-008945,2026-01-29,North,T-09,777.68,510.64
J-008946,2026-01-29,North,T-07,1264.0,948.26
J-008947,2026-01-29,South,T-01,385.5,278.14
J-008948,2026-01-29,South,T-06,492.04,322.92
J-008949,2026-01-29,West,T-05,678.22,419.9
J-008950,2026-01-29,East,T-10,231.85,148.36
J-008951,2026-01-29,East,T-10,536.52,307.88
J-008952,2026-01-29,West,T-06,906.7,523.39
J-008953,2026-01-29,North,T-04,1096.82,734.16
J-008954,2026-01-29,East,T-04,711.5,421.57
J-008955,2026-01-29,East,T-11,903.86,661.45
J-008956,2026-01-29,East,T-10,371.6,257.38
J-008957,2026-01-29,South,T-10,994.43,698.12
J-008958,2026-01-29,West,T-12,356.95,231.62
J-008959,2026-01-29,West,T-06,393.17,280.41
J-008960,2026-01-29,South,T-04,300.78,193.64
J-008961,2026-01-30,North,T-11,1247.18,876.39
J-008962,2026-01-30,North,T-09,843.14,517.4
J-008963,2026-01-30,South,T-06,1058.84,593.31
J-008964,2026-01-30,North,T-07,369.15,208.88
J-008965,2026-01-30,West,T-12,1116.65,779.86
J-008966,2026-01-30,West,T-02,1931.07,1173.4
J-008967,2026-01-30,East,T-11,506.54,285.06
J-008968,2026-01-30,West,T-07,962.47,601.77
J-008969,2026-01-30,West,T-04,413.01,293.17
J-008970,2026-01-30,East,T-09,525.14,368.25
J-008971,2026-01-30,North,T-01,972.47,599.24
J-008972,2026-01-30,East,T-12,549.54,339.06
J-008973,2026-01-30,North,T-06,1056.77,790.87
J-008974,2026-01-30,West,T-04,433.76,294.98
J-008975,2026-01-30,North,T-07,1123.12,732.79
J-008976,2026-01-30,South,T-03,1211.22,792.06
J-008977,2026-01-31,West,T-04,482.25,383.57
J-008978,2026-01-31,East,T-03,738.15,463.47
J-008979,2026-01-31,East,T-08,1153.61,654.26
J-008980,2026-01-31,East,T-09,1006.62,670.11
J-008981,2026-02-01,South,T-02,757.7,433.73
J-008982,2026-02-01,West,T-04,731.31,474.26
J-008983,2026-02-01,East,T-11,839.41,590.46
J-008984,2026-02-01,East,T-09,879.1,562.29
J-008985,2026-02-01,South,T-11,545.5,333.61
J-008986,2026-02-01,North,T-01,1487.86,933.62
J-008987,2026-02-01,North,T-09,711.7,530.12
J-008988,2026-02-01,West,T-09,583.78,394.08
J-008989,2026-02-01,North,T-09,318.71,191.13
J-008990,2026-02-01,South,T-03,508.13,316.17
J-008991,2026-02-02,North,T-11,460.99,292.5
J-008992,2026-02-02,East,T-07,792.6,455.41
J-008993,2026-02-02,North,T-01,488.19,352.43
J-008994,2026-02-02,West,T-06,671.07,476.48
J-008995,2026-02-02,South,T-03,550.64,370.23
J-008996,2026-02-02,North,T-07,779.56,424.76
J-008997,2026-02-02,North,T-05,851.9,501.27
J-008998,2026-02-02,North,T-11,712.57,513.43
J-008999,2026-02-02,East,T-10,416.97,231.2
J-009000,2026-02-02,West,T-12,661.19,404.77
J-009001,2026-02-02,South,T-03,723.51,433.12
J-009002,2026-02-02,East,T-02,276.25,149.15
J-009003,2026-02-02,South,T-04,560.84,341.48
J-009004,2026-02-02,East,T-02,417.91,252.63
J-009005,2026-02-02,West,T-03,739.25,494.55
J-009006,2026-02-02,South,T-02,1093.64,703.0
J-009007,2026-02-03,West,T-01,604.45,364.46
J-009008,2026-02-03,North,T-05,851.92,499.78
J-009009,2026-02-03,North,T-02,617.93,461.39
J-009010,2026-02-03,North,T-09,1077.19,654.14
J-009011,2026-02-03,West,T-03,736.33,469.28
J-009012,2026-02-03,West,T-04,281.22,175.79
J-009013,2026-02-03,East,T-12,557.2,310.27
J-009014,2026-02-03,North,T-12,1582.85,1170.82
J-009015,2026-02-03,West,T-12,1134.33,743.75
J-009016,2026-02-03,East,T-01,935.94,795.55
J-009017,2026-02-03,East,T-11,769.16,514.59
J-009018,2026-02-03,North,T-11,992.6,626.01
J-009019,2026-02-03,North,T-09,865.17,585.65
J-009020,2026-02-03,South,T-05,1099.42,700.21
J-009021,2026-02-03,East,T-06,476.96,297.99
J-009022,2026-02-03,East,T-04,813.88,505.04
J-009023,2026-02-03,East,T-12,438.1,283.02
J-009024,2026-02-03,South,T-03,644.41,410.7
J-009025,2026-02-04,East,T-09,818.62,597.15
J-009026,2026-02-04,North,T-04,310.35,221.4
J-009027,2026-02-04,North,T-11,322.03,181.45
J-009028,2026-02-04,North,T-12,781.52,480.08
J-009029,2026-02-04,North,T-07,485.5,282.96
J-009030,2026-02-04,South,T-02,587.46,390.82
J-009031,2026-02-04,South,T-08,923.08,613.75
J-009032,2026-02-04,North,T-12,1096.54,648.27
J-009033,2026-02-04,East,T-02,690.65,422.83
J-009034,2026-02-04,South,T-04,929.69,602.21
J-009035,2026-02-04,North,T-06,294.41,168.77
J-009036,2026-02-04,West,T-03,1089.54,585.11
J-009037,2026-02-04,West,T-10,350.79,223.65
J-009038,2026-02-04,East,T-03,777.51,477.78
J-009039,2026-02-04,North,T-07,956.93,747.21
J-009040,2026-02-04,South,T-09,768.25,529.49
J-009041,2026-02-04,North,T-10,1372.23,905.37
J-009042,2026-02-05,North,T-12,1194.5,764.49
J-009043,2026-02-05,South,T-04,642.02,414.67
J-009044,2026-02-05,South,T-11,1317.64,655.69
J-009045,2026-02-05,West,T-03,717.72,549.55
J-009046,2026-02-05,South,T-05,723.86,467.37
J-009047,2026-02-05,South,T-04,390.05,234.02
J-009048,2026-02-05,North,T-10,590.21,375.24
J-009049,2026-02-05,South,T-03,866.65,517.58
J-009050,2026-02-05,South,T-01,860.32,534.03
J-009051,2026-02-05,West,T-03,951.73,640.43
J-009052,2026-02-05,North,T-02,352.12,223.87
J-009053,2026-02-05,West,T-11,557.79,305.41
J-009054,2026-02-05,East,T-04,529.65,312.71
J-009055,2026-02-05,West,T-05,2228.21,1418.51
J-009056,2026-02-05,North,T-01,239.7,133.99
J-009057,2026-02-05,South,T-01,340.44,211.83
J-009058,2026-02-05,West,T-01,1192.39,719.28
J-009059,2026-02-05,South,T-08,452.22,269.19
J-009060,2026-02-05,West,T-10,335.41,207.98
J-009061,2026-02-06,North,T-04,1071.69,714.21
J-009062,2026-02-06,South,T-03,1080.04,635.03
J-009063,2026-02-06,South,T-01,1337.21,884.72
J-009064,2026-02-06,North,T-03,648.5,359.1
J-009065,2026-02-06,South,T-08,673.83,396.52
J-009066,2026-02-06,East,T-11,344.88,217.75
J-009067,2026-02-06,West,T-03,640.67,425.51
J-009068,2026-02-06,West,T-06,1050.47,658.47
J-009069,2026-02-06,South,T-06,507.44,275.7
J-009070,2026-02-06,West,T-10,1240.07,816.68
J-009071,2026-02-06,West,T-05,618.72,434.82
J-009072,2026-02-06,North,T-04,954.42,658.51
J-009073,2026-02-06,East,T-02,134.79,85.71
J-009074,2026-02-06,East,T-01,590.16,412.31
J-009075,2026-02-06,West,T-12,527.6,291.18
J-009076,2026-02-06,South,T-09,636.98,489.41
J-009077,2026-02-06,West,T-08,592.44,387.42
J-009078,2026-02-06,North,T-08,534.48,327.73
J-009079,2026-02-06,West,T-01,417.0,277.74
J-009080,2026-02-06,East,T-11,814.18,537.12
J-009081,2026-02-06,East,T-09,488.79,307.2
J-009082,2026-02-06,East,T-04,1108.93,785.38
J-009083,2026-02-06,East,T-10,637.8,370.77
J-009084,2026-02-06,West,T-09,861.57,565.02
J-009085,2026-02-06,West,T-11,755.46,424.09
J-009086,2026-02-06,South,T-10,1149.97,710.92
J-009087,2026-02-06,East,T-11,764.16,485.59
J-009088,2026-02-07,North,T-04,434.37,288.5
J-009089,2026-02-07,North,T-11,829.45,513.22
J-009090,2026-02-07,North,T-07,640.8,364.45
J-009091,2026-02-07,East,T-02,1789.76,1069.85
J-009092,2026-02-07,North,T-02,421.27,215.06
J-009093,2026-02-07,West,T-02,676.5,411.87
J-009094,2026-02-07,North,T-07,2986.39,1816.2
J-009095,2026-02-07,West,T-03,1297.53,930.65
J-009096,2026-02-07,East,T-08,630.2,321.11
J-009097,2026-02-07,North,T-08,691.25,473.16
J-009098,2026-02-07,East,T-07,1161.44,742.1
J-009099,2026-02-07,West,T-01,683.8,484.43
J-009100,2026-02-08,North,T-01,314.73,222.08
J-009101,2026-02-08,North,T-06,966.21,636.55
J-009102,2026-02-08,West,T-03,536.53,358.44
J-009103,2026-02-08,North,T-12,907.26,594.33
J-009104,2026-02-08,South,T-11,511.7,315.88
J-009105,2026-02-09,East,T-05,777.66,408.09
J-009106,2026-02-09,East,T-05,552.77,316.39
J-009107,2026-02-09,East,T-01,523.52,375.06
J-009108,2026-02-09,West,T-10,405.97,266.12
J-009109,2026-02-09,East,T-04,874.5,502.24
J-009110,2026-02-09,East,T-05,876.52,537.33
J-009111,2026-02-09,South,T-10,910.91,652.03
J-009112,2026-02-09,North,T-05,320.2,165.37
J-009113,2026-02-09,East,T-07,664.96,413.29
J-009114,2026-02-09,North,T-07,1114.29,771.46
J-009115,2026-02-09,South,T-03,411.73,216.17
J-009116,2026-02-09,North,T-10,321.78,208.45
J-009117,2026-02-09,North,T-02,725.25,449.53
J-009118,2026-02-10,South,T-01,1180.57,770.18
J-009119,2026-02-10,West,T-09,404.9,246.25
J-009120,2026-02-10,South,T-10,737.01,538.84
J-009121,2026-02-10,East,T-02,467.67,319.8
J-009122,2026-02-10,North,T-04,878.46,536.16
J-009123,2026-02-10,East,T-10,1513.4,911.69
J-009124,2026-02-10,West,T-02,1674.26,985.59
J-009125,2026-02-10,North,T-05,1445.51,1059.76
J-009126,2026-02-10,West,T-02,708.6,453.56
J-009127,2026-02-10,North,T-06,963.44,571.7
J-009128,2026-02-10,North,T-06,1600.77,975.46
J-009129,2026-02-10,West,T-08,406.16,293.28
J-009130,2026-02-10,South,T-11,578.93,369.77
J-009131,2026-02-10,North,T-08,485.07,355.39
J-009132,2026-02-10,South,T-03,391.59,232.43
J-009133,2026-02-10,East,T-12,989.84,574.06
J-009134,2026-02-10,East,T-06,377.99,267.01
J-009135,2026-02-10,West,T-01,1282.53,707.6
J-009136,2026-02-10,East,T-03,598.8,333.84
J-009137,2026-02-10,West,T-02,703.3,474.14
J-009138,2026-02-11,South,T-08,1092.8,657.4
J-009139,2026-02-11,West,T-11,352.03,222.92
J-009140,2026-02-11,North,T-06,778.86,525.81
J-009141,2026-02-11,East,T-11,600.08,352.5
J-009142,2026-02-11,North,T-05,331.61,234.11
J-009143,2026-02-11,North,T-08,335.94,203.0
J-009144,2026-02-11,East,T-04,365.35,243.65
J-009145,2026-02-11,East,T-01,716.96,396.73
J-009146,2026-02-11,South,T-10,254.33,143.96
J-009147,2026-02-11,North,T-12,720.4,554.51
J-009148,2026-02-11,North,T-10,512.94,287.65
J-009149,2026-02-11,West,T-05,2002.23,1330.9
J-009150,2026-02-11,North,T-08,631.42,416.99
J-009151,2026-02-11,North,T-10,1562.06,950.73
J-009152,2026-02-11,West,T-07,1134.7,889.61
J-009153,2026-02-11,West,T-06,1013.55,703.88
J-009154,2026-02-11,North,T-05,292.77,197.91
J-009155,2026-02-12,North,T-03,1094.19,736.46
J-009156,2026-02-12,East,T-05,675.12,441.11
J-009157,2026-02-12,North,T-12,498.39,292.15
J-009158,2026-02-12,West,T-09,1019.17,647.46
J-009159,2026-02-12,East,T-12,742.81,493.86
J-009160,2026-02-12,East,T-06,433.87,314.79
J-009161,2026-02-12,East,T-08,689.64,472.57
J-009162,2026-02-12,South,T-03,1286.21,812.63
J-009163,2026-02-12,East,T-04,760.74,454.49
J-009164,2026-02-12,East,T-04,939.34,717.24
J-009165,2026-02-12,West,T-08,561.89,373.61
J-009166,2026-02-12,East,T-02,1014.69,697.68
J-009167,2026-02-12,South,T-03,991.1,698.13
J-009168,2026-02-12,West,T-09,592.1,394.5
J-009169,2026-02-12,West,T-03,1076.26,735.92
J-009170,2026-02-12,East,T-02,748.85,479.08
J-009171,2026-02-12,East,T-06,548.42,353.37
J-009172,2026-02-12,North,T-06,1419.77,788.97
J-009173,2026-02-12,North,T-11,1917.97,1142.0
J-009174,2026-02-12,West,T-10,1865.25,1118.6
J-009175,2026-02-12,North,T-02,827.25,433.72
J-009176,2026-02-12,North,T-08,954.4,710.4
J-009177,2026-02-13,East,T-09,572.38,452.79
J-009178,2026-02-13,South,T-03,1354.08,862.5
J-009179,2026-02-13,North,T-03,2075.27,1153.48
J-009180,2026-02-13,South,T-07,804.07,487.92
J-009181,2026-02-13,East,T-03,980.67,628.23
J-009182,2026-02-13,North,T-03,754.46,407.22
J-009183,2026-02-13,South,T-07,1328.59,903.47
J-009184,2026-02-13,East,T-09,363.69,235.74
J-009185,2026-02-13,West,T-06,404.41,273.95
J-009186,2026-02-13,South,T-08,399.14,243.36
J-009187,2026-02-13,North,T-05,991.5,640.83
J-009188,2026-02-13,West,T-02,1350.2,717.03
J-009189,2026-02-13,South,T-09,527.42,353.47
J-009190,2026-02-13,North,T-02,1501.04,837.19
J-009191,2026-02-13,East,T-08,658.63,403.31
J-009192,2026-02-13,East,T-01,965.89,593.99
J-009193,2026-02-13,South,T-06,664.52,408.03
J-009194,2026-02-13,South,T-08,500.27,324.84
J-009195,2026-02-13,North,T-10,718.63,545.15
J-009196,2026-02-13,East,T-09,1107.92,810.46
J-009197,2026-02-13,North,T-10,281.86,184.88
J-009198,2026-02-14,East,T-02,557.46,338.6
J-009199,2026-02-14,East,T-09,713.93,496.92
J-009200,2026-02-14,North,T-07,479.65,278.36
J-009201,2026-02-14,North,T-05,807.3,577.58
J-009202,2026-02-14,West,T-01,1225.57,697.68
J-009203,2026-02-14,East,T-03,546.0,372.74
J-009204,2026-02-14,East,T-04,1520.22,961.87
J-009205,2026-02-14,North,T-01,780.09,462.47
J-009206,2026-02-14,South,T-01,335.69,224.09
J-009207,2026-02-14,East,T-06,1020.75,740.84
J-009208,2026-02-14,North,T-12,559.47,386.22
J-009209,2026-02-14,North,T-10,673.97,395.97
J-009210,2026-02-14,North,T-12,256.38,128.09
J-009211,2026-02-14,North,T-07,520.79,347.95
J-009212,2026-02-15,South,T-01,295.09,183.97
J-009213,2026-02-15,North,T-09,671.43,451.39
J-009214,2026-02-16,East,T-11,1154.21,785.14
J-009215,2026-02-16,East,T-04,934.22,511.27
J-009216,2026-02-16,West,T-08,373.07,229.44
J-009217,2026-02-16,East,T-07,463.25,307.89
J-009218,2026-02-16,East,T-05,441.33,280.76
J-009219,2026-02-16,East,T-11,532.6,305.48
J-009220,2026-02-16,North,T-09,708.96,501.93
J-009221,2026-02-16,South,T-11,364.81,218.9
J-009222,2026-02-16,South,T-09,499.94,305.37
J-009223,2026-02-16,West,T-09,271.9,182.59
J-009224,2026-02-16,East,T-04,334.45,242.39
J-009225,2026-02-16,South,T-08,969.3,543.52
J-009226,2026-02-16,North,T-01,1136.69,650.47
J-009227,2026-02-16,South,T-02,307.5,183.86
J-009228,2026-02-16,South,T-07,237.27,170.65
J-009229,2026-02-16,South,T-08,1298.92,885.76
J-009230,2026-02-16,West,T-12,460.03,298.16
J-009231,2026-02-16,North,T-01,646.12,441.43
J-009232,2026-02-16,North,T-05,372.3,239.91
J-009233,2026-02-16,West,T-12,509.36,346.52
J-009234,2026-02-17,West,T-01,1031.94,639.56
J-009235,2026-02-17,North,T-06,684.9,426.66
J-009236,2026-02-17,East,T-02,311.1,203.13
J-009237,2026-02-17,East,T-02,298.71,183.66
J-009238,2026-02-17,North,T-11,670.25,426.52
J-009239,2026-02-17,South,T-07,933.6,587.6
J-009240,2026-02-17,North,T-12,1010.34,635.41
J-009241,2026-02-17,North,T-09,575.17,298.36
J-009242,2026-02-17,East,T-07,1042.53,669.82
J-009243,2026-02-17,South,T-10,886.1,615.6
J-009244,2026-02-17,North,T-09,732.06,384.31
J-009245,2026-02-17,South,T-10,375.17,221.21
J-009246,2026-02-17,South,T-01,627.1,413.39
J-009247,2026-02-17,South,T-01,2287.98,1505.6
J-009248,2026-02-17,West,T-03,1264.19,750.36
J-009249,2026-02-17,North,T-03,369.39,221.56
J-009250,2026-02-17,West,T-07,551.68,346.19
J-009251,2026-02-17,South,T-04,923.33,613.17
J-009252,2026-02-17,South,T-11,759.81,442.04
J-009253,2026-02-17,East,T-04,332.87,216.1
J-009254,2026-02-17,East,T-05,777.24,546.59
J-009255,2026-02-17,West,T-06,406.69,247.64
J-009256,2026-02-17,East,T-09,602.1,396.23
J-009257,2026-02-17,North,T-01,680.11,396.8
J-009258,2026-02-17,East,T-04,464.44,261.21
J-009259,2026-02-18,North,T-05,1629.75,1065.99
J-009260,2026-02-18,South,T-05,860.29,539.71
J-009261,2026-02-18,North,T-11,453.63,271.52
J-009262,2026-02-18,East,T-05,935.17,665.47
J-009263,2026-02-18,North,T-04,693.37,522.85
J-009264,2026-02-18,North,T-12,221.76,143.28
J-009265,2026-02-18,South,T-02,908.11,524.69
J-009266,2026-02-18,South,T-01,697.95,400.84
J-009267,2026-02-18,East,T-11,452.51,238.78
J-009268,2026-02-18,West,T-05,914.19,555.77
J-009269,2026-02-18,South,T-10,1133.6,844.81
J-009270,2026-02-18,North,T-10,341.09,216.12
J-009271,2026-02-18,North,T-03,451.54,341.95
J-009272,2026-02-18,South,T-09,1019.77,702.4
J-009273,2026-02-18,North,T-10,998.34,568.85
J-009274,2026-02-18,North,T-06,351.1,221.14
J-009275,2026-02-18,North,T-08,474.6,310.64
J-009276,2026-02-18,East,T-12,1708.19,1367.43
J-009277,2026-02-18,South,T-07,643.48,428.85
J-009278,2026-02-18,East,T-12,664.34,468.31
J-009279,2026-02-18,West,T-02,415.63,251.49
J-009280,2026-02-18,East,T-02,453.7,292.85
J-009281,2026-02-19,East,T-03,584.92,372.67
J-009282,2026-02-19,South,T-12,989.23,606.04
J-009283,2026-02-19,South,T-09,773.12,497.49
J-009284,2026-02-19,North,T-11,369.48,199.37
J-009285,2026-02-19,West,T-06,617.73,427.87
J-009286,2026-02-19,West,T-06,1002.43,623.79
J-009287,2026-02-19,East,T-05,691.47,520.44
J-009288,2026-02-19,South,T-12,1014.4,632.61
J-009289,2026-02-19,West,T-04,814.49,616.15
J-009290,2026-02-19,West,T-09,315.61,201.55
J-009291,2026-02-19,North,T-01,987.84,644.67
J-009292,2026-02-19,East,T-10,616.31,434.91
J-009293,2026-02-19,East,T-09,533.61,302.95
J-009294,2026-02-19,East,T-07,202.62,136.27
J-009295,2026-02-19,North,T-08,585.69,366.62
J-009296,2026-02-19,North,T-05,1561.57,1064.91
J-009297,2026-02-19,West,T-11,1195.68,782.72
J-009298,2026-02-19,South,T-12,725.07,504.95
J-009299,2026-02-19,North,T-01,700.17,406.96
J-009300,2026-02-19,East,T-03,854.38,584.3
J-009301,2026-02-19,West,T-10,391.85,261.13
J-009302,2026-02-19,East,T-09,490.97,304.31
J-009303,2026-02-19,North,T-07,475.15,304.18
J-009304,2026-02-19,West,T-02,292.7,178.35
J-009305,2026-02-19,South,T-08,1374.87,810.21
J-009306,2026-02-19,West,T-12,544.14,319.6
J-009307,2026-02-19,North,T-04,536.3,376.96
J-009308,2026-02-19,North,T-06,754.95,483.41
J-009309,2026-02-19,East,T-10,772.08,447.36
J-009310,2026-02-19,East,T-10,632.15,427.2
J-009311,2026-02-19,West,T-06,1037.91,578.96
J-009312,2026-02-20,East,T-05,883.12,574.95
J-009313,2026-02-20,South,T-05,499.61,321.83
J-009314,2026-02-20,East,T-10,641.17,334.19
J-009315,2026-02-20,South,T-08,589.3,372.56
J-009316,2026-02-20,West,T-04,343.56,189.17
J-009317,2026-02-20,East,T-12,724.29,506.68
J-009318,2026-02-20,West,T-02,545.07,379.41
J-009319,2026-02-20,West,T-04,394.14,207.6
J-009320,2026-02-20,South,T-12,444.24,266.06
J-009321,2026-02-20,West,T-10,1290.01,826.59
J-009322,2026-02-20,East,T-12,855.15,548.76
J-009323,2026-02-20,West,T-11,1668.3,948.51
J-009324,2026-02-20,South,T-10,513.37,345.52
J-009325,2026-02-20,West,T-10,1150.07,770.71
J-009326,2026-02-20,South,T-03,853.83,536.7
J-009327,2026-02-20,East,T-08,877.37,568.81
J-009328,2026-02-20,South,T-09,793.45,470.15
J-009329,2026-02-20,North,T-05,391.02,260.56
J-009330,2026-02-20,North,T-05,1057.82,676.87
J-009331,2026-02-20,South,T-01,619.18,429.03
J-009332,2026-02-20,North,T-08,426.61,273.53
J-009333,2026-02-20,North,T-06,1055.08,632.79
J-009334,2026-02-20,East,T-08,764.0,502.15
J-009335,2026-02-21,East,T-05,525.52,343.96
J-009336,2026-02-21,South,T-08,494.99,312.4
J-009337,2026-02-21,South,T-07,455.76,253.37
J-009338,2026-02-21,West,T-10,456.47,265.76
J-009339,2026-02-21,West,T-10,687.41,441.03
J-009340,2026-02-21,North,T-01,488.29,314.56
J-009341,2026-02-21,North,T-11,292.32,222.67
J-009342,2026-02-21,North,T-04,805.22,614.49
J-009343,2026-02-21,South,T-04,809.55,483.71
J-009344,2026-02-21,South,T-03,565.64,384.47
J-009345,2026-02-21,South,T-04,925.34,563.61
J-009346,2026-02-21,East,T-09,223.32,147.01
J-009347,2026-02-22,South,T-09,587.78,287.24
J-009348,2026-02-22,North,T-02,495.18,280.54
J-009349,2026-02-22,East,T-03,1003.6,662.96
J-009350,2026-02-22,East,T-07,705.47,544.39
J-009351,2026-02-22,South,T-07,910.04,540.52
J-009352,2026-02-22,East,T-09,1575.85,861.21
J-009353,2026-02-22,West,T-04,909.28,494.46
J-009354,2026-02-22,North,T-11,351.3,232.52
J-009355,2026-02-22,South,T-07,613.77,374.19
J-009356,2026-02-22,North,T-11,1012.84,667.96
J-009357,2026-02-23,North,T-12,566.78,364.49
J-009358,2026-02-23,North,T-06,1599.13,1108.31
J-009359,2026-02-23,East,T-08,321.83,173.12
J-009360,2026-02-23,North,T-11,721.46,468.15
J-009361,2026-02-23,East,T-12,404.61,295.55
J-009362,2026-02-23,East,T-05,489.8,322.62
J-009363,2026-02-23,North,T-07,414.65,237.62
J-009364,2026-02-23,North,T-08,523.95,302.61
J-009365,2026-02-23,East,T-07,1484.25,936.58
J-009366,2026-02-23,North,T-11,940.04,679.08
J-009367,2026-02-23,North,T-11,679.1,394.22
J-009368,2026-02-23,South,T-02,438.93,286.0
J-009369,2026-02-23,North,T-09,977.82,623.6
J-009370,2026-02-23,East,T-10,661.03,411.55
J-009371,2026-02-23,West,T-11,543.52,323.3
J-009372,2026-02-23,West,T-10,489.58,293.95
J-009373,2026-02-23,South,T-03,366.0,255.59
J-009374,2026-02-23,South,T-03,1060.29,698.26
J-009375,2026-02-23,South,T-01,368.4,243.33
J-009376,2026-02-23,South,T-10,1120.38,702.81
J-009377,2026-02-23,West,T-06,630.8,312.67
J-009378,2026-02-23,West,T-01,1168.42,737.03
J-009379,2026-02-23,West,T-02,506.97,371.94
J-009380,2026-02-23,West,T-05,318.58,169.35
J-009381,2026-02-23,West,T-04,727.56,431.51
J-009382,2026-02-23,East,T-11,1011.87,624.39
J-009383,2026-02-24,West,T-07,566.0,348.6
J-009384,2026-02-24,West,T-05,1186.97,771.03
J-009385,2026-02-24,South,T-01,511.72,273.22
J-009386,2026-02-24,West,T-12,1250.45,785.23
J-009387,2026-02-24,North,T-04,534.24,320.26
J-009388,2026-02-24,South,T-08,798.87,506.78
J-009389,2026-02-24,East,T-02,938.68,478.16
J-009390,2026-02-24,East,T-03,408.43,219.92
J-009391,2026-02-24,North,T-06,882.24,540.26
J-009392,2026-02-24,East,T-05,259.71,160.23
J-009393,2026-02-24,North,T-12,946.34,567.05
J-009394,2026-02-24,North,T-01,349.99,190.82
J-009395,2026-02-24,North,T-10,1283.51,901.4
J-009396,2026-02-24,South,T-08,1031.88,830.96
J-009397,2026-02-24,East,T-12,372.65,266.26
J-009398,2026-02-24,North,T-06,181.77,113.02
J-009399,2026-02-24,North,T-07,1276.03,741.92
J-009400,2026-02-24,West,T-10,723.99,486.04
J-009401,2026-02-24,West,T-08,491.86,290.83
J-009402,2026-02-25,East,T-01,1573.68,1019.6
J-009403,2026-02-25,East,T-04,776.76,469.43
J-009404,2026-02-25,East,T-08,820.27,521.11
J-009405,2026-02-25,East,T-04,1427.48,844.71
J-009406,2026-02-25,West,T-02,895.26,572.02
J-009407,2026-02-25,North,T-11,628.55,380.47
J-009408,2026-02-25,East,T-01,788.67,450.83
J-009409,2026-02-25,West,T-07,639.29,426.25
J-009410,2026-02-25,East,T-10,484.73,242.53
J-009411,2026-02-25,East,T-11,483.42,276.24
J-009412,2026-02-25,East,T-01,272.37,176.83
J-009413,2026-02-25,East,T-06,816.88,483.61
J-009414,2026-02-25,West,T-04,1024.3,748.32
J-009415,2026-02-25,South,T-06,328.41,228.34
J-009416,2026-02-25,East,T-12,468.82,269.92
J-009417,2026-02-25,West,T-06,436.6,271.36
J-009418,2026-02-25,South,T-07,1010.74,606.71
J-009419,2026-02-25,North,T-03,972.61,709.83
J-009420,2026-02-25,North,T-01,710.49,395.5
J-009421,2026-02-25,North,T-12,377.7,254.1
J-009422,2026-02-25,West,T-02,285.29,156.62
J-009423,2026-02-25,North,T-06,439.69,260.31
J-009424,2026-02-26,South,T-05,546.83,341.77
J-009425,2026-02-26,East,T-08,957.72,543.41
J-009426,2026-02-26,South,T-06,1975.29,1103.4
J-009427,2026-02-26,South,T-02,618.34,392.07
J-009428,2026-02-26,South,T-06,967.14,765.37
J-009429,2026-02-26,South,T-03,283.76,216.59
J-009430,2026-02-26,North,T-07,747.11,415.62
J-009431,2026-02-26,West,T-01,653.25,460.17
J-009432,2026-02-26,West,T-07,748.08,550.78
J-009433,2026-02-26,East,T-06,520.89,308.08
J-009434,2026-02-26,West,T-04,349.42,226.88
J-009435,2026-02-26,West,T-09,363.41,208.78
J-009436,2026-02-26,South,T-01,484.99,249.98
J-009437,2026-02-26,East,T-05,1189.15,827.57
J-009438,2026-02-26,North,T-04,635.61,458.5
J-009439,2026-02-26,West,T-12,924.9,640.91
J-009440,2026-02-26,South,T-07,1594.0,1097.09
J-009441,2026-02-26,South,T-12,521.41,381.91
J-009442,2026-02-26,East,T-05,756.02,480.06
J-009443,2026-02-26,West,T-03,448.23,314.04
J-009444,2026-02-26,West,T-09,765.76,522.57
J-009445,2026-02-26,East,T-02,1375.33,917.73
J-009446,2026-02-26,East,T-08,423.42,265.26
J-009447,2026-02-27,South,T-01,954.25,693.8
J-009448,2026-02-27,South,T-01,637.48,470.11
J-009449,2026-02-27,South,T-08,828.73,528.61
J-009450,2026-02-27,South,T-06,361.94,235.53
J-009451,2026-02-27,North,T-02,745.69,519.36
J-009452,2026-02-27,South,T-06,612.23,400.79
J-009453,2026-02-27,West,T-04,1157.81,740.22
J-009454,2026-02-27,West,T-07,1158.09,841.17
J-009455,2026-02-27,South,T-09,830.92,526.41
J-009456,2026-02-27,West,T-12,222.43,152.49
J-009457,2026-02-27,South,T-03,1254.5,731.78
J-009458,2026-02-27,South,T-01,260.99,157.31
J-009459,2026-02-27,East,T-12,803.8,435.75
J-009460,2026-02-27,South,T-08,999.42,806.2
J-009461,2026-02-27,North,T-04,405.87,243.22
J-009462,2026-02-27,East,T-06,1176.68,772.38
J-009463,2026-02-27,East,T-11,292.85,203.59
J-009464,2026-02-27,North,T-11,628.61,342.58
J-009465,2026-02-27,North,T-01,371.28,223.09
J-009466,2026-02-27,West,T-06,673.82,395.51
J-009467,2026-02-27,West,T-09,487.7,249.59
J-009468,2026-02-27,West,T-12,706.41,390.24
J-009469,2026-02-27,South,T-04,949.94,609.36
J-009470,2026-02-27,East,T-01,775.16,467.3
J-009471,2026-02-27,West,T-01,768.26,493.75
J-009472,2026-02-28,North,T-10,589.0,437.89
J-009473,2026-02-28,West,T-08,727.47,476.92
J-009474,2026-02-28,East,T-02,855.75,571.71
J-009475,2026-02-28,West,T-10,985.65,675.72
J-009476,2026-02-28,South,T-08,362.53,210.19
J-009477,2026-02-28,North,T-04,1384.24,946.88
J-009478,2026-02-28,East,T-12,544.72,311.09
J-009479,2026-02-28,East,T-07,1297.28,764.58
J-009480,2026-03-01,East,T-04,1000.06,462.15
J-009481,2026-03-01,West,T-02,343.33,234.66
J-009482,2026-03-01,South,T-01,926.54,660.57
J-009483,2026-03-01,East,T-11,2252.43,1303.36
J-009484,2026-03-02,South,T-07,570.89,375.08
J-009485,2026-03-02,West,T-07,903.11,607.45
J-009486,2026-03-02,East,T-05,804.79,544.32
J-009487,2026-03-02,West,T-07,611.71,315.75
J-009488,2026-03-02,South,T-12,660.62,391.79
J-009489,2026-03-02,East,T-04,852.88,547.54
J-009490,2026-03-02,East,T-03,537.51,301.39
J-009491,2026-03-02,South,T-05,1263.46,954.36
J-009492,2026-03-02,West,T-07,845.67,570.31
J-009493,2026-03-02,South,T-11,926.59,711.99
J-009494,2026-03-02,North,T-02,750.79,473.79
J-009495,2026-03-02,South,T-12,620.54,439.74
J-009496,2026-03-02,South,T-03,672.04,441.75
J-009497,2026-03-02,North,T-09,751.36,531.81
J-009498,2026-03-02,West,T-10,1844.53,1331.34
J-009499,2026-03-02,West,T-01,1036.0,626.01
J-009500,2026-03-02,East,T-03,384.85,268.17
J-009501,2026-03-02,North,T-07,844.97,581.58
J-009502,2026-03-03,North,T-02,235.94,155.45
J-009503,2026-03-03,South,T-06,666.48,435.58
J-009504,2026-03-03,North,T-09,468.3,259.02
J-009505,2026-03-03,South,T-06,408.77,226.41
J-009506,2026-03-03,South,T-03,267.87,164.99
J-009507,2026-03-03,North,T-10,1410.41,913.91
J-009508,2026-03-03,North,T-08,709.51,443.93
J-009509,2026-03-03,West,T-09,417.52,293.14
J-009510,2026-03-03,West,T-02,683.54,406.71
J-009511,2026-03-03,North,T-12,546.79,287.59
J-009512,2026-03-03,South,T-10,321.58,218.54
J-009513,2026-03-03,West,T-07,487.76,289.2
J-009514,2026-03-03,North,T-02,635.32,437.66
J-009515,2026-03-03,East,T-05,1389.01,887.57
J-009516,2026-03-03,South,T-04,199.97,141.59
J-009517,2026-03-03,North,T-01,873.11,645.97
J-009518,2026-03-03,East,T-02,661.64,365.8
J-009519,2026-03-03,East,T-06,665.7,491.77
J-009520,2026-03-03,North,T-07,1090.32,625.7
J-009521,2026-03-03,East,T-09,1070.09,671.18
J-009522,2026-03-03,East,T-09,1370.12,1005.13
J-009523,2026-03-03,North,T-10,508.99,311.35
J-009524,2026-03-03,West,T-05,384.49,229.6
J-009525,2026-03-04,West,T-04,1058.15,729.08
J-009526,2026-03-04,West,T-05,190.99,116.99
J-009527,2026-03-04,West,T-12,526.46,302.43
J-009528,2026-03-04,West,T-09,2881.45,1825.22
J-009529,2026-03-04,South,T-09,295.19,158.58
J-009530,2026-03-04,West,T-01,680.59,427.97
J-009531,2026-03-04,South,T-01,638.05,383.71
J-009532,2026-03-04,East,T-12,748.49,446.69
J-009533,2026-03-04,North,T-07,280.78,188.18
J-009534,2026-03-04,South,T-07,737.19,513.12
J-009535,2026-03-04,East,T-11,703.06,394.9
J-009536,2026-03-04,North,T-01,671.58,464.0
J-009537,2026-03-04,North,T-10,1170.81,721.47
J-009538,2026-03-04,South,T-12,564.81,365.45
J-009539,2026-03-04,East,T-01,1365.86,940.55
J-009540,2026-03-05,West,T-12,1097.62,790.72
J-009541,2026-03-05,North,T-05,945.18,678.82
J-009542,2026-03-05,West,T-04,867.36,532.79
J-009543,2026-03-05,East,T-12,546.26,351.61
J-009544,2026-03-05,North,T-12,757.54,454.8
J-009545,2026-03-05,East,T-03,372.1,229.86
J-009546,2026-03-05,South,T-04,1064.13,532.67
J-009547,2026-03-05,East,T-11,623.12,396.4
J-009548,2026-03-05,East,T-06,313.75,204.89
J-009549,2026-03-05,South,T-07,831.69,485.52
J-009550,2026-03-05,North,T-08,685.1,428.34
J-009551,2026-03-05,North,T-06,605.23,430.25
J-009552,2026-03-05,North,T-02,1153.35,794.87
J-009553,2026-03-05,North,T-09,660.15,370.28
J-009554,2026-03-05,North,T-12,994.7,621.41
J-009555,2026-03-05,North,T-11,829.28,532.12
J-009556,2026-03-05,North,T-09,1091.79,767.38
J-009557,2026-03-05,East,T-03,556.01,378.1
J-009558,2026-03-05,North,T-01,577.58,327.48
J-009559,2026-03-05,West,T-04,573.28,384.93
J-009560,2026-03-05,East,T-06,1800.44,990.01
J-009561,2026-03-05,West,T-05,1320.86,808.23
J-009562,2026-03-05,South,T-11,458.49,301.83
J-009563,2026-03-05,South,T-05,567.83,311.78
J-009564,2026-03-05,South,T-06,1469.15,880.08
J-009565,2026-03-05,South,T-08,966.03,561.16
J-009566,2026-03-05,South,T-04,559.62,314.59
J-009567,2026-03-05,East,T-11,481.89,305.11
J-009568,2026-03-05,South,T-01,498.42,350.12
J-009569,2026-03-05,East,T-07,477.79,291.05
J-009570,2026-03-05,North,T-04,320.8,185.95
J-009571,2026-03-06,East,T-03,378.0,260.18
J-009572,2026-03-06,North,T-08,428.63,278.86
J-009573,2026-03-06,South,T-10,714.48,478.01
J-009574,2026-03-06,West,T-05,1069.69,638.9
J-009575,2026-03-06,North,T-01,583.43,384.39
J-009576,2026-03-06,East,T-08,535.72,345.58
J-009577,2026-03-06,North,T-09,722.28,477.6
J-009578,2026-03-06,North,T-09,472.07,358.21
J-009579,2026-03-06,West,T-08,904.64,596.31
J-009580,2026-03-06,North,T-04,293.84,198.73
J-009581,2026-03-06,South,T-09,759.16,522.54
J-009582,2026-03-06,West,T-06,1255.04,779.61
J-009583,2026-03-06,North,T-08,300.31,181.15
J-009584,2026-03-06,North,T-06,684.87,395.83
J-009585,2026-03-06,North,T-10,638.44,434.06
J-009586,2026-03-06,East,T-05,513.39,398.11
J-009587,2026-03-06,North,T-01,683.2,486.08
J-009588,2026-03-06,North,T-07,273.03,169.94
J-009589,2026-03-06,West,T-11,578.92,407.04
J-009590,2026-03-06,South,T-09,653.4,500.89
J-009591,2026-03-06,South,T-04,243.59,165.64
J-009592,2026-03-06,North,T-07,877.69,635.36
J-009593,2026-03-06,West,T-02,802.62,530.32
J-009594,2026-03-06,North,T-12,1695.56,1010.29
J-009595,2026-03-07,East,T-06,530.58,302.77
J-009596,2026-03-07,West,T-09,645.09,406.95
J-009597,2026-03-07,North,T-04,2035.5,1455.73
J-009598,2026-03-07,North,T-12,930.45,632.97
J-009599,2026-03-07,West,T-08,384.37,265.6
J-009600,2026-03-07,North,T-12,957.59,566.22
J-009601,2026-03-07,East,T-02,423.16,261.92
J-009602,2026-03-08,South,T-11,1061.32,756.69
J-009603,2026-03-08,East,T-01,814.05,467.36
J-009604,2026-03-08,North,T-10,428.73,288.77
J-009605,2026-03-08,South,T-05,734.56,524.09
J-009606,2026-03-08,East,T-12,1399.03,1011.35
J-009607,2026-03-08,East,T-04,418.12,249.78
J-009608,2026-03-08,West,T-06,988.45,639.57
J-009609,2026-03-09,East,T-12,566.49,409.46
J-009610,2026-03-09,East,T-03,3555.04,2345.21
J-009611,2026-03-09,East,T-06,392.11,258.14
J-009612,2026-03-09,East,T-04,629.47,373.23
J-009613,2026-03-09,East,T-12,1365.5,1015.85
J-009614,2026-03-09,East,T-05,673.17,418.16
J-009615,2026-03-09,West,T-07,652.46,408.74
J-009616,2026-03-09,North,T-04,723.56,481.02
J-009617,2026-03-09,South,T-01,956.3,701.09
J-009618,2026-03-09,South,T-12,646.07,401.82
J-009619,2026-03-09,East,T-05,1300.32,786.04
J-009620,2026-03-09,East,T-12,913.45,535.79
J-009621,2026-03-10,North,T-06,700.74,431.7
J-009622,2026-03-10,North,T-03,923.18,634.03
J-009623,2026-03-10,West,T-07,603.21,372.56
J-009624,2026-03-10,West,T-08,1016.28,715.34
J-009625,2026-03-10,West,T-01,821.98,564.67
J-009626,2026-03-10,North,T-09,760.0,472.9
J-009627,2026-03-10,North,T-06,1202.54,883.24
J-009628,2026-03-10,North,T-08,583.11,413.83
J-009629,2026-03-10,North,T-07,152.52,105.13
J-009630,2026-03-10,East,T-03,638.99,467.62
J-009631,2026-03-10,North,T-04,715.24,479.55
J-009632,2026-03-10,South,T-02,291.98,183.98
J-009633,2026-03-10,East,T-11,754.41,511.56
J-009634,2026-03-10,North,T-08,754.42,468.5
J-009635,2026-03-10,South,T-01,419.75,279.93
J-009636,2026-03-10,East,T-06,426.49,261.02
J-009637,2026-03-10,North,T-12,638.83,335.25
J-009638,2026-03-10,South,T-10,1227.59,857.18
J-009639,2026-03-10,North,T-02,1015.2,673.44
J-009640,2026-03-10,West,T-01,358.58,254.13
J-009641,2026-03-10,North,T-08,318.32,244.23
J-009642,2026-03-10,West,T-10,501.26,307.1
J-009643,2026-03-10,East,T-05,699.98,490.17
J-009644,2026-03-10,West,T-11,895.18,585.47
J-009645,2026-03-10,East,T-09,1917.84,1297.42
J-009646,2026-03-10,West,T-12,551.18,373.7
J-009647,2026-03-10,South,T-06,514.7,291.68
J-009648,2026-03-11,South,T-10,685.55,431.25
J-009649,2026-03-11,South,T-12,589.1,431.79
J-009650,2026-03-11,North,T-05,275.36,172.97
J-009651,2026-03-11,West,T-07,500.25,348.45
J-009652,2026-03-11,East,T-08,926.59,505.06
J-009653,2026-03-11,North,T-09,536.23,345.98
J-009654,2026-03-11,West,T-11,755.1,486.98
J-009655,2026-03-11,West,T-12,760.57,498.04
J-009656,2026-03-11,North,T-01,407.6,288.99
J-009657,2026-03-11,North,T-06,445.98,241.83
J-009658,2026-03-11,South,T-02,958.2,557.16
J-009659,2026-03-11,South,T-09,908.7,593.11
J-009660,2026-03-11,East,T-01,431.28,248.19
J-009661,2026-03-11,South,T-10,565.52,377.32
J-009662,2026-03-11,East,T-03,503.73,312.59
J-009663,2026-03-11,North,T-11,924.42,590.05
J-009664,2026-03-11,West,T-07,1004.76,640.82
J-009665,2026-03-11,North,T-02,613.67,369.03
J-009666,2026-03-11,North,T-10,768.72,537.27
J-009667,2026-03-11,South,T-11,631.1,383.63
J-009668,2026-03-11,South,T-06,662.85,435.63
J-009669,2026-03-11,West,T-03,1128.84,717.73
J-009670,2026-03-11,West,T-01,818.5,514.81
J-009671,2026-03-12,East,T-12,570.65,356.31
J-009672,2026-03-12,South,T-09,795.79,567.99
J-009673,2026-03-12,South,T-09,745.63,466.95
J-009674,2026-03-12,West,T-07,682.59,484.91
J-009675,2026-03-12,West,T-12,1407.2,888.21
J-009676,2026-03-12,East,T-03,900.6,524.48
J-009677,2026-03-12,North,T-05,780.51,484.27
J-009678,2026-03-12,South,T-08,401.42,263.48
J-009679,2026-03-12,South,T-10,1148.37,708.81
J-009680,2026-03-12,North,T-07,360.0,221.48
J-009681,2026-03-12,West,T-06,1444.49,841.06
J-009682,2026-03-12,South,T-07,250.48,180.71
J-009683,2026-03-12,West,T-08,546.42,358.26
J-009684,2026-03-12,West,T-06,1608.12,780.73
J-009685,2026-03-12,West,T-09,494.58,288.35
J-009686,2026-03-12,North,T-08,1481.52,923.45
J-009687,2026-03-12,East,T-01,237.85,149.15
J-009688,2026-03-12,North,T-07,542.84,378.55
J-009689,2026-03-12,West,T-01,550.12,384.2
J-009690,2026-03-12,East,T-06,1207.64,751.6
J-009691,2026-03-12,North,T-08,1036.9,511.15
J-009692,2026-03-12,East,T-05,819.85,485.3
J-009693,2026-03-12,North,T-07,470.22,287.99
J-009694,2026-03-12,South,T-09,239.68,179.09
J-009695,2026-03-12,South,T-04,512.68,359.71
J-009696,2026-03-13,North,T-11,1093.81,843.97
J-009697,2026-03-13,North,T-12,748.27,401.49
J-009698,2026-03-13,North,T-02,859.36,600.76
J-009699,2026-03-13,South,T-09,851.78,518.44
J-009700,2026-03-13,East,T-11,173.62,110.27
J-009701,2026-03-13,East,T-08,498.94,315.41
J-009702,2026-03-13,South,T-03,373.6,221.29
J-009703,2026-03-13,South,T-12,912.87,657.87
J-009704,2026-03-13,North,T-11,587.4,431.57
J-009705,2026-03-13,South,T-07,2250.98,1502.04
J-009706,2026-03-13,North,T-09,345.3,198.72
J-009707,2026-03-13,East,T-05,808.32,618.32
J-009708,2026-03-13,North,T-12,595.44,371.09
J-009709,2026-03-13,North,T-03,264.06,164.16
J-009710,2026-03-13,East,T-03,335.92,209.59
J-009711,2026-03-13,East,T-02,337.29,227.64
J-009712,2026-03-14,South,T-12,805.07,428.07
J-009713,2026-03-14,North,T-12,1102.88,659.75
J-009714,2026-03-14,West,T-03,1661.91,1038.11
J-009715,2026-03-14,East,T-05,796.51,519.3
J-009716,2026-03-14,East,T-05,763.03,489.58
J-009717,2026-03-14,North,T-05,1259.39,868.65
J-009718,2026-03-14,West,T-07,680.08,464.11
J-009719,2026-03-14,North,T-05,487.04,296.59
J-009720,2026-03-14,West,T-12,803.32,475.9
J-009721,2026-03-14,North,T-11,3356.52,2538.84
J-009722,2026-03-14,East,T-07,1132.93,719.95
J-009723,2026-03-14,East,T-04,596.46,426.67
J-009724,2026-03-15,East,T-08,776.73,598.13
J-009725,2026-03-15,North,T-10,1892.32,1158.48
J-009726,2026-03-15,West,T-11,946.04,634.93
J-009727,2026-03-16,East,T-07,445.64,265.15
J-009728,2026-03-16,North,T-05,257.7,191.12
J-009729,2026-03-16,East,T-12,1263.07,754.89
J-009730,2026-03-16,North,T-06,1032.01,643.9
J-009731,2026-03-16,East,T-04,953.43,601.73
J-009732,2026-03-16,East,T-06,562.55,360.91
J-009733,2026-03-16,North,T-11,1070.45,632.67
J-009734,2026-03-16,South,T-04,951.69,555.46
J-009735,2026-03-16,South,T-04,1142.6,671.01
J-009736,2026-03-16,East,T-02,407.74,217.47
J-009737,2026-03-16,East,T-02,2846.33,1900.01
J-009738,2026-03-16,East,T-10,1417.9,875.4
J-009739,2026-03-16,North,T-08,921.26,624.52
J-009740,2026-03-16,East,T-11,783.51,547.01
J-009741,2026-03-16,East,T-04,603.46,439.37
J-009742,2026-03-16,West,T-01,1140.85,787.47
J-009743,2026-03-16,North,T-10,979.52,634.96
J-009744,2026-03-16,East,T-01,857.69,454.7
J-009745,2026-03-16,South,T-04,984.51,784.94
J-009746,2026-03-16,South,T-12,727.63,426.68
J-009747,2026-03-16,East,T-03,696.55,489.81
J-009748,2026-03-16,North,T-08,301.96,193.7
J-009749,2026-03-16,North,T-05,594.62,393.38
J-009750,2026-03-16,South,T-09,927.84,615.69
J-009751,2026-03-16,South,T-08,345.7,205.64
J-009752,2026-03-16,West,T-04,836.31,604.75
J-009753,2026-03-16,South,T-05,495.83,321.32
J-009754,2026-03-16,North,T-02,210.3,138.74
J-009755,2026-03-16,South,T-09,636.48,371.77
J-009756,2026-03-16,South,T-04,331.64,222.31
J-009757,2026-03-16,East,T-03,293.42,209.38
J-009758,2026-03-16,South,T-11,516.7,322.91
J-009759,2026-03-17,North,T-05,495.3,330.37
J-009760,2026-03-17,North,T-12,1134.16,749.87
J-009761,2026-03-17,South,T-10,671.74,423.87
J-009762,2026-03-17,South,T-03,820.97,585.24
J-009763,2026-03-17,West,T-11,1190.07,768.81
J-009764,2026-03-17,North,T-12,972.94,579.39
J-009765,2026-03-17,West,T-06,990.51,687.03
J-009766,2026-03-17,South,T-01,581.7,378.96
J-009767,2026-03-17,West,T-05,427.99,266.76
J-009768,2026-03-17,West,T-03,536.12,359.45
J-009769,2026-03-17,South,T-08,368.27,207.83
J-009770,2026-03-17,North,T-03,1698.15,1049.97
J-009771,2026-03-17,East,T-09,1253.41,791.6
J-009772,2026-03-17,East,T-07,695.62,485.62
J-009773,2026-03-17,East,T-01,885.33,438.25
J-009774,2026-03-17,North,T-01,651.49,413.13
J-009775,2026-03-17,North,T-12,401.93,269.81
J-009776,2026-03-17,East,T-09,891.25,600.23
J-009777,2026-03-17,North,T-03,356.15,227.13
J-009778,2026-03-17,North,T-02,505.65,337.78
J-009779,2026-03-17,North,T-01,462.64,287.82
J-009780,2026-03-17,North,T-04,360.93,220.65
J-009781,2026-03-17,West,T-09,822.45,541.55
J-009782,2026-03-17,West,T-03,709.57,434.72
J-009783,2026-03-17,South,T-10,434.72,245.72
J-009784,2026-03-17,East,T-12,1006.35,608.78
J-009785,2026-03-17,West,T-09,869.42,590.1
J-009786,2026-03-17,East,T-11,444.79,307.24
J-009787,2026-03-17,West,T-09,1157.17,748.28
J-009788,2026-03-17,West,T-09,411.55,249.34
J-009789,2026-03-17,East,T-01,695.95,414.5
J-009790,2026-03-17,North,T-11,289.29,180.15
J-009791,2026-03-17,East,T-04,847.77,551.06
J-009792,2026-03-18,West,T-07,983.14,650.72
J-009793,2026-03-18,East,T-09,608.94,393.36
J-009794,2026-03-18,West,T-07,349.38,238.21
J-009795,2026-03-18,East,T-06,937.41,608.63
J-009796,2026-03-18,East,T-11,762.84,474.02
J-009797,2026-03-18,West,T-07,247.1,159.8
J-009798,2026-03-18,North,T-04,767.8,451.56
J-009799,2026-03-18,North,T-03,198.86,133.33
J-009800,2026-03-18,West,T-07,602.9,418.78
J-009801,2026-03-18,South,T-11,279.31,186.24
J-009802,2026-03-18,East,T-09,495.02,323.82
J-009803,2026-03-18,West,T-08,944.72,584.29
J-009804,2026-03-18,South,T-07,461.65,242.38
J-009805,2026-03-18,North,T-07,509.8,371.93
J-009806,2026-03-18,East,T-08,1307.02,854.15
J-009807,2026-03-18,East,T-04,376.18,226.45
J-009808,2026-03-18,East,T-09,462.03,300.92
J-009809,2026-03-18,North,T-07,671.68,397.69
J-009810,2026-03-18,South,T-11,293.73,171.81
J-009811,2026-03-18,East,T-03,384.53,252.16
J-009812,2026-03-18,South,T-10,1003.17,646.87
J-009813,2026-03-18,South,T-08,837.8,527.5
J-009814,2026-03-18,East,T-01,622.07,390.74
J-009815,2026-03-18,North,T-02,336.11,194.39
J-009816,2026-03-18,West,T-06,1237.2,750.32
J-009817,2026-03-19,East,T-07,1255.39,778.79
J-009818,2026-03-19,South,T-04,1285.25,897.57
J-009819,2026-03-19,North,T-11,394.78,257.52
J-009820,2026-03-19,East,T-10,738.07,454.04
J-009821,2026-03-19,East,T-08,529.58,299.07
J-009822,2026-03-19,East,T-05,330.63,215.21
J-009823,2026-03-19,North,T-04,1098.23,668.69
J-009824,2026-03-19,North,T-12,469.17,281.66
J-009825,2026-03-19,South,T-06,544.63,359.8
J-009826,2026-03-19,North,T-11,1530.06,1147.76
J-009827,2026-03-19,North,T-10,1055.94,665.24
J-009828,2026-03-19,East,T-02,710.1,500.66
J-009829,2026-03-19,North,T-12,589.07,365.15
J-009830,2026-03-19,East,T-08,889.55,670.56
J-009831,2026-03-19,South,T-12,428.1,280.34
J-009832,2026-03-19,East,T-11,802.54,503.93
J-009833,2026-03-19,North,T-09,930.93,598.51
J-009834,2026-03-19,North,T-06,1014.55,733.72
J-009835,2026-03-19,North,T-07,554.53,350.07
J-009836,2026-03-19,North,T-01,373.26,260.21
J-009837,2026-03-19,North,T-11,840.79,443.95
J-009838,2026-03-19,North,T-10,1118.43,583.79
J-009839,2026-03-20,South,T-11,392.06,252.91
J-009840,2026-03-20,South,T-09,403.12,234.64
J-009841,2026-03-20,South,T-09,1032.77,796.96
J-009842,2026-03-20,East,T-09,727.44,450.05
J-009843,2026-03-20,South,T-09,698.76,476.7
J-009844,2026-03-20,North,T-09,337.21,212.7
J-009845,2026-03-20,West,T-09,1188.64,729.79
J-009846,2026-03-20,East,T-04,293.25,172.54
J-009847,2026-03-20,South,T-11,344.67,246.17
J-009848,2026-03-20,West,T-05,324.09,193.43
J-009849,2026-03-20,North,T-05,370.03,205.59
J-009850,2026-03-20,South,T-10,476.54,317.71
J-009851,2026-03-20,South,T-03,923.57,547.51
J-009852,2026-03-20,South,T-10,1343.79,905.08
J-009853,2026-03-20,North,T-03,326.08,198.42
J-009854,2026-03-20,North,T-08,524.69,309.92
J-009855,2026-03-20,East,T-02,767.01,503.77
J-009856,2026-03-20,North,T-12,368.03,240.01
J-009857,2026-03-21,West,T-12,1278.17,806.21
J-009858,2026-03-21,West,T-03,743.51,404.54
J-009859,2026-03-21,South,T-02,1706.98,916.95
J-009860,2026-03-21,East,T-05,281.4,161.84
J-009861,2026-03-21,South,T-01,1673.47,1273.66
J-009862,2026-03-22,North,T-03,793.24,494.31
J-009863,2026-03-22,South,T-01,2155.6,1144.71
J-009864,2026-03-22,West,T-12,1125.66,777.56
J-009865,2026-03-22,North,T-01,458.07,250.56
J-009866,2026-03-22,South,T-06,545.26,340.96
J-009867,2026-03-22,East,T-08,1085.95,782.83
J-009868,2026-03-22,South,T-09,771.07,435.56
J-009869,2026-03-22,South,T-04,609.64,341.08
J-009870,2026-03-23,West,T-10,905.83,541.32
J-009871,2026-03-23,North,T-06,1134.86,606.18
J-009872,2026-03-23,West,T-06,837.57,510.85
J-009873,2026-03-23,South,T-05,1453.68,855.65
J-009874,2026-03-23,North,T-04,469.91,330.37
J-009875,2026-03-23,North,T-09,1227.0,818.32
J-009876,2026-03-23,South,T-04,491.11,304.88
J-009877,2026-03-23,North,T-12,761.59,456.63
J-009878,2026-03-23,South,T-02,472.73,303.39
J-009879,2026-03-23,South,T-11,475.0,296.36
J-009880,2026-03-23,South,T-12,840.24,643.34
J-009881,2026-03-23,South,T-10,485.72,306.01
J-009882,2026-03-23,West,T-12,1329.86,769.96
J-009883,2026-03-23,West,T-02,664.53,388.34
J-009884,2026-03-23,North,T-04,854.68,484.84
J-009885,2026-03-23,West,T-11,367.21,218.9
J-009886,2026-03-23,West,T-03,548.91,397.48
J-009887,2026-03-23,West,T-01,1476.35,785.87
J-009888,2026-03-23,East,T-07,707.03,496.15
J-009889,2026-03-23,North,T-03,267.13,161.15
J-009890,2026-03-23,East,T-05,1119.54,813.16
J-009891,2026-03-23,East,T-09,789.49,504.74
J-009892,2026-03-23,North,T-05,281.28,188.22
J-009893,2026-03-24,East,T-10,475.97,290.25
J-009894,2026-03-24,South,T-08,625.04,461.13
J-009895,2026-03-24,East,T-11,541.32,347.82
J-009896,2026-03-24,North,T-08,434.59,289.81
J-009897,2026-03-24,East,T-01,930.73,647.25
J-009898,2026-03-24,South,T-07,598.71,412.82
J-009899,2026-03-24,West,T-03,1718.37,1100.4
J-009900,2026-03-24,West,T-01,404.86,278.74
J-009901,2026-03-24,South,T-07,1014.1,635.43
J-009902,2026-03-24,East,T-12,125.74,79.85
J-009903,2026-03-24,West,T-08,214.66,143.07
J-009904,2026-03-24,North,T-12,1330.88,863.16
J-009905,2026-03-24,West,T-09,624.44,466.19
J-009906,2026-03-24,North,T-01,532.69,302.88
J-009907,2026-03-24,East,T-09,1519.35,957.22
J-009908,2026-03-24,East,T-09,558.81,376.46
J-009909,2026-03-24,East,T-08,1400.7,819.92
J-009910,2026-03-24,East,T-10,249.71,157.24
J-009911,2026-03-24,East,T-08,226.99,146.15
J-009912,2026-03-24,West,T-08,399.06,251.01
J-009913,2026-03-24,East,T-04,1182.78,762.83
J-009914,2026-03-24,South,T-09,760.63,580.77
J-009915,2026-03-24,East,T-02,507.41,292.45
J-009916,2026-03-24,West,T-12,544.0,328.61
J-009917,2026-03-24,North,T-11,588.42,412.59
J-009918,2026-03-24,North,T-11,474.38,237.78
J-009919,2026-03-24,East,T-11,757.02,519.85
J-009920,2026-03-25,West,T-11,734.7,382.41
J-009921,2026-03-25,West,T-02,1133.71,756.08
J-009922,2026-03-25,West,T-09,820.38,431.3
J-009923,2026-03-25,North,T-11,386.29,291.85
J-009924,2026-03-25,North,T-12,1134.46,698.25
J-009925,2026-03-25,North,T-07,805.96,577.26
J-009926,2026-03-25,East,T-02,245.03,151.83
J-009927,2026-03-25,West,T-07,900.73,539.23
J-009928,2026-03-25,South,T-01,495.87,269.3
J-009929,2026-03-25,West,T-04,869.7,605.64
J-009930,2026-03-25,East,T-12,916.0,624.54
J-009931,2026-03-25,East,T-04,316.81,193.98
J-009932,2026-03-25,North,T-05,1536.21,1065.79
J-009933,2026-03-25,North,T-07,875.5,578.65
J-009934,2026-03-25,East,T-04,1312.46,747.2
J-009935,2026-03-25,North,T-08,1098.46,678.4
J-009936,2026-03-25,West,T-02,702.78,454.63
J-009937,2026-03-25,West,T-01,705.88,413.84
J-009938,2026-03-25,North,T-10,1145.94,756.61
J-009939,2026-03-25,South,T-03,430.31,212.44
J-009940,2026-03-25,North,T-11,745.68,535.59
J-009941,2026-03-25,South,T-10,514.27,298.1
J-009942,2026-03-25,North,T-10,668.8,387.13
J-009943,2026-03-25,North,T-02,2626.16,1868.23
J-009944,2026-03-25,West,T-04,526.01,319.79
J-009945,2026-03-25,East,T-05,1122.09,639.4
J-009946,2026-03-25,West,T-06,570.78,358.05
J-009947,2026-03-25,West,T-11,976.82,650.31
J-009948,2026-03-25,North,T-03,591.84,339.09
J-009949,2026-03-25,South,T-03,915.87,592.1
J-009950,2026-03-26,North,T-06,715.79,461.48
J-009951,2026-03-26,East,T-02,1041.03,620.04
J-009952,2026-03-26,North,T-04,184.12,136.91
J-009953,2026-03-26,North,T-07,1143.47,686.45
J-009954,2026-03-26,North,T-04,771.56,501.95
J-009955,2026-03-26,South,T-11,530.55,340.84
J-009956,2026-03-26,North,T-01,352.51,208.22
J-009957,2026-03-26,South,T-05,2245.22,1540.24
J-009958,2026-03-26,South,T-09,880.08,577.7
J-009959,2026-03-26,North,T-10,242.06,155.76
J-009960,2026-03-26,North,T-11,1399.18,857.91
J-009961,2026-03-26,South,T-01,528.44,323.49
J-009962,2026-03-26,East,T-02,1106.76,578.22
J-009963,2026-03-26,South,T-06,544.87,343.09
J-009964,2026-03-26,West,T-10,1485.19,937.49
J-009965,2026-03-26,East,T-09,582.08,357.58
J-009966,2026-03-26,North,T-09,736.02,480.29
J-009967,2026-03-26,North,T-06,438.01,289.17
J-009968,2026-03-26,North,T-12,838.34,571.38
J-009969,2026-03-26,East,T-05,968.22,609.35
J-009970,2026-03-26,South,T-08,318.29,215.37
J-009971,2026-03-26,North,T-05,277.77,177.28
J-009972,2026-03-26,North,T-03,1075.29,728.55
J-009973,2026-03-26,West,T-05,871.47,511.78
J-009974,2026-03-26,South,T-10,538.97,372.51
J-009975,2026-03-26,West,T-06,1421.73,978.18
J-009976,2026-03-26,North,T-11,251.85,151.95
J-009977,2026-03-26,South,T-07,635.29,454.48
J-009978,2026-03-26,North,T-07,1177.73,729.89
J-009979,2026-03-26,West,T-02,717.25,456.14
J-009980,2026-03-27,South,T-05,448.96,258.74
J-009981,2026-03-27,South,T-03,1427.91,836.69
J-009982,2026-03-27,South,T-05,1481.91,935.81
J-009983,2026-03-27,North,T-05,334.22,241.94
J-009984,2026-03-27,East,T-07,408.54,302.89
J-009985,2026-03-27,South,T-05,413.14,253.68
J-009986,2026-03-27,East,T-11,849.18,555.44
J-009987,2026-03-27,South,T-03,593.31,453.49
J-009988,2026-03-27,East,T-12,504.01,279.39
J-009989,2026-03-27,West,T-07,791.61,561.82
J-009990,2026-03-27,North,T-01,824.81,527.75
J-009991,2026-03-27,West,T-07,358.69,236.21
J-009992,2026-03-27,South,T-12,689.07,397.36
J-009993,2026-03-27,North,T-02,766.63,430.24
J-009994,2026-03-27,North,T-07,653.91,341.58
J-009995,2026-03-27,East,T-11,477.54,321.65
J-009996,2026-03-27,East,T-11,373.57,235.49
J-009997,2026-03-27,East,T-06,992.66,709.28
J-009998,2026-03-27,East,T-06,679.73,495.53
J-009999,2026-03-27,North,T-07,698.78,437.01
J-010000,2026-03-27,South,T-12,953.23,474.52
J-010001,2026-03-27,North,T-09,584.28,408.59
J-010002,2026-03-27,West,T-07,689.02,403.83
J-010003,2026-03-27,South,T-02,1049.02,696.01
J-010004,2026-03-27,West,T-02,420.16,285.01
J-010005,2026-03-28,South,T-02,582.31,391.02
J-010006,2026-03-28,East,T-09,337.23,234.78
J-010007,2026-03-28,East,T-12,926.25,619.81
J-010008,2026-03-28,East,T-10,571.48,327.75
J-010009,2026-03-28,North,T-10,806.48,476.61
J-010010,2026-03-28,South,T-11,544.29,305.42
J-010011,2026-03-28,South,T-02,333.87,240.41
J-010012,2026-03-28,West,T-09,513.97,292.49
J-010013,2026-03-29,South,T-09,1703.93,937.76
J-010014,2026-03-29,North,T-05,1281.57,679.19
J-010015,2026-03-29,North,T-03,554.54,376.84
J-010016,2026-03-29,South,T-05,644.9,473.19
J-010017,2026-03-29,West,T-03,1047.58,709.95
J-010018,2026-03-30,South,T-02,968.43,639.37
J-010019,2026-03-30,South,T-06,611.49,475.53
J-010020,2026-03-30,West,T-11,851.88,517.56
J-010021,2026-03-30,East,T-03,543.29,360.82
J-010022,2026-03-30,East,T-11,695.82,436.03
J-010023,2026-03-30,West,T-09,339.19,251.51
J-010024,2026-03-30,South,T-06,1408.66,857.1
J-010025,2026-03-30,East,T-04,643.87,436.09
J-010026,2026-03-30,West,T-02,581.37,331.91
J-010027,2026-03-30,South,T-06,725.03,468.83
J-010028,2026-03-30,North,T-07,492.07,353.51
J-010029,2026-03-30,East,T-05,1177.16,633.83
J-010030,2026-03-30,South,T-04,634.7,385.69
J-010031,2026-03-30,West,T-05,985.67,559.24
J-010032,2026-03-30,East,T-03,596.87,374.19
J-010033,2026-03-30,West,T-12,1558.38,1029.9
J-010034,2026-03-30,East,T-04,383.68,202.05
J-010035,2026-03-30,North,T-06,722.08,517.32
J-010036,2026-03-30,South,T-02,456.35,266.36
J-010037,2026-03-30,North,T-05,625.33,430.35
J-010038,2026-03-30,North,T-09,445.64,276.42
J-010039,2026-03-30,North,T-07,620.6,420.82
J-010040,2026-03-30,West,T-02,424.97,254.49
J-010041,2026-03-31,West,T-11,918.66,571.89
J-010042,2026-03-31,West,T-04,1106.73,654.41
J-010043,2026-03-31,East,T-02,612.3,314.07
J-010044,2026-03-31,East,T-07,752.05,453.13
J-010045,2026-03-31,East,T-05,737.25,425.72
J-010046,2026-03-31,North,T-03,880.52,556.04
J-010047,2026-03-31,East,T-09,1138.13,770.1
J-010048,2026-03-31,North,T-01,309.25,198.45
J-010049,2026-03-31,South,T-09,1230.17,860.54
J-010050,2026-03-31,South,T-08,382.24,268.97
J-010051,2026-03-31,East,T-12,920.33,653.99
J-010052,2026-03-31,South,T-07,2336.58,1578.76
J-010053,2026-03-31,East,T-08,1264.01,785.59
J-010054,2026-03-31,West,T-10,674.25,420.44
J-010055,2026-03-31,South,T-11,2469.59,1616.53
J-010056,2026-03-31,North,T-10,583.95,313.46
J-010057,2026-03-31,North,T-03,935.32,725.07
J-010058,2026-03-31,West,T-11,745.28,498.38
J-010059,2026-03-31,South,T-06,1097.39,723.32
J-010060,2026-03-31,South,T-02,655.1,368.59
J-010061,2026-04-01,East,T-10,587.26,380.07
J-010062,2026-04-01,East,T-02,696.03,428.57
J-010063,2026-04-01,East,T-01,782.32,470.72
J-010064,2026-04-01,West,T-08,446.04,279.28
J-010065,2026-04-01,South,T-10,529.27,384.92
J-010066,2026-04-01,East,T-01,419.9,267.98
J-010067,2026-04-01,North,T-08,658.99,406.01
J-010068,2026-04-01,South,T-11,570.58,356.21
J-010069,2026-04-01,South,T-07,656.82,423.21
J-010070,2026-04-01,North,T-07,474.94,272.96
J-010071,2026-04-01,West,T-11,484.81,272.82
J-010072,2026-04-01,North,T-10,1285.9,866.01
J-010073,2026-04-01,West,T-07,288.26,187.81
J-010074,2026-04-01,North,T-07,455.91,229.4
J-010075,2026-04-01,West,T-10,362.92,224.52
J-010076,2026-04-01,South,T-09,857.81,510.86
J-010077,2026-04-01,North,T-01,797.39,444.41
J-010078,2026-04-01,South,T-10,379.66,249.6
J-010079,2026-04-01,East,T-10,819.39,543.18
J-010080,2026-04-01,North,T-01,784.15,474.26
J-010081,2026-04-01,East,T-03,998.91,620.15
J-010082,2026-04-01,East,T-12,720.89,451.51
J-010083,2026-04-01,South,T-05,503.59,326.08
J-010084,2026-04-01,South,T-05,937.75,652.69
J-010085,2026-04-01,West,T-02,637.22,428.11
J-010086,2026-04-01,West,T-08,688.08,528.41
J-010087,2026-04-01,North,T-06,410.94,284.53
J-010088,2026-04-01,East,T-12,391.55,256.2
J-010089,2026-04-01,East,T-08,365.03,231.68
J-010090,2026-04-01,West,T-01,869.47,464.55
J-010091,2026-04-01,North,T-01,533.05,383.57
J-010092,2026-04-01,North,T-10,695.66,343.24
J-010093,2026-04-01,South,T-10,851.43,559.38
J-010094,2026-04-02,East,T-02,1454.42,956.52
J-010095,2026-04-02,South,T-11,697.6,480.83
J-010096,2026-04-02,South,T-02,360.45,213.24
J-010097,2026-04-02,South,T-05,850.78,531.36
J-010098,2026-04-02,East,T-03,360.15,231.38
J-010099,2026-04-02,West,T-07,681.55,458.46
J-010100,2026-04-02,North,T-04,1683.73,1118.63
J-010101,2026-04-02,West,T-06,1151.29,786.54
J-010102,2026-04-02,East,T-04,564.0,371.17
J-010103,2026-04-02,South,T-04,1204.89,799.54
J-010104,2026-04-02,North,T-09,1032.32,626.59
J-010105,2026-04-02,North,T-09,1093.05,632.72
J-010106,2026-04-02,West,T-06,491.38,292.69
J-010107,2026-04-02,West,T-08,414.74,271.15
J-010108,2026-04-02,North,T-11,448.29,309.5
J-010109,2026-04-02,South,T-08,1034.62,569.87
J-010110,2026-04-02,West,T-10,917.49,624.54
J-010111,2026-04-02,North,T-08,1032.42,626.63
J-010112,2026-04-02,South,T-07,1523.84,868.29
J-010113,2026-04-02,West,T-06,497.83,351.2
J-010114,2026-04-02,North,T-04,729.33,449.91
J-010115,2026-04-02,North,T-11,600.49,416.94
J-010116,2026-04-02,South,T-03,227.31,150.62
J-010117,2026-04-02,West,T-01,664.29,436.52
J-010118,2026-04-02,North,T-11,833.92,621.22
J-010119,2026-04-02,East,T-12,1712.37,1358.91
J-010120,2026-04-02,South,T-08,1349.84,938.29
J-010121,2026-04-02,North,T-04,818.98,424.26
J-010122,2026-04-02,West,T-02,1415.54,775.66
J-010123,2026-04-02,North,T-07,685.62,493.64
J-010124,2026-04-02,East,T-02,1461.13,899.49
J-010125,2026-04-02,East,T-07,515.79,351.01
J-010126,2026-04-02,East,T-03,440.95,260.04
J-010127,2026-04-03,South,T-10,517.75,321.91
J-010128,2026-04-03,North,T-09,506.15,293.92
J-010129,2026-04-03,West,T-06,444.26,240.74
J-010130,2026-04-03,South,T-02,743.48,389.86
J-010131,2026-04-03,South,T-08,335.01,213.99
J-010132,2026-04-03,North,T-02,487.17,286.86
J-010133,2026-04-03,East,T-07,812.89,492.0
J-010134,2026-04-03,South,T-09,489.25,299.83
J-010135,2026-04-03,North,T-07,544.21,388.66
J-010136,2026-04-03,North,T-04,219.83,164.91
J-010137,2026-04-03,North,T-06,783.99,556.45
J-010138,2026-04-03,West,T-11,365.77,275.98
J-010139,2026-04-03,West,T-02,561.66,360.73
J-010140,2026-04-03,South,T-10,855.67,518.01
J-010141,2026-04-03,West,T-07,892.15,535.54
J-010142,2026-04-03,South,T-07,1512.21,841.51
J-010143,2026-04-03,West,T-09,435.68,262.25
J-010144,2026-04-03,North,T-04,2491.89,1672.27
J-010145,2026-04-03,West,T-09,881.82,551.82
J-010146,2026-04-03,East,T-02,833.33,543.25
J-010147,2026-04-03,South,T-07,1144.81,608.81
J-010148,2026-04-03,West,T-07,346.46,204.32
J-010149,2026-04-03,East,T-10,604.51,399.12
J-010150,2026-04-03,East,T-01,1501.78,927.68
J-010151,2026-04-03,North,T-06,572.38,367.94
J-010152,2026-04-03,South,T-10,647.13,369.42
J-010153,2026-04-03,East,T-08,995.21,689.72
J-010154,2026-04-04,West,T-12,725.99,478.33
J-010155,2026-04-04,South,T-11,513.13,324.64
J-010156,2026-04-04,North,T-08,1321.79,972.89
J-010157,2026-04-04,South,T-01,1683.83,1180.01
J-010158,2026-04-04,South,T-11,341.68,267.15
J-010159,2026-04-04,East,T-03,1059.89,770.17
J-010160,2026-04-04,West,T-05,423.32,279.99
J-010161,2026-04-04,East,T-02,621.85,400.76
J-010162,2026-04-05,East,T-06,562.91,386.9
J-010163,2026-04-05,North,T-08,381.68,247.2
J-010164,2026-04-05,North,T-11,1081.14,648.65
J-010165,2026-04-06,South,T-06,564.9,440.36
J-010166,2026-04-06,East,T-03,1669.72,976.62
J-010167,2026-04-06,North,T-02,415.25,215.61
J-010168,2026-04-06,North,T-05,526.7,327.62
J-010169,2026-04-06,North,T-07,373.79,247.11
J-010170,2026-04-06,North,T-12,597.05,414.14
J-010171,2026-04-06,North,T-04,572.73,380.24
J-010172,2026-04-06,East,T-12,1031.45,608.85
J-010173,2026-04-06,North,T-09,1154.25,775.92
J-010174,2026-04-06,West,T-07,380.1,252.33
J-010175,2026-04-06,East,T-03,771.71,471.96
J-010176,2026-04-06,South,T-02,363.66,234.74
J-010177,2026-04-06,North,T-12,401.73,261.4
J-010178,2026-04-06,East,T-07,389.49,205.55
J-010179,2026-04-06,South,T-10,263.07,183.27
J-010180,2026-04-06,South,T-03,420.35,280.7
J-010181,2026-04-06,South,T-07,625.16,407.0
J-010182,2026-04-06,South,T-06,978.24,686.97
J-010183,2026-04-06,South,T-07,940.57,582.73
J-010184,2026-04-06,West,T-06,428.54,277.24
J-010185,2026-04-06,North,T-12,786.69,539.37
J-010186,2026-04-06,South,T-06,1247.48,680.73
J-010187,2026-04-06,West,T-11,1332.2,843.35
J-010188,2026-04-06,South,T-12,498.36,321.4
J-010189,2026-04-06,West,T-07,316.51,205.56
J-010190,2026-04-07,East,T-03,554.99,312.45
J-010191,2026-04-07,North,T-09,675.36,408.62
J-010192,2026-04-07,North,T-04,1024.51,649.88
J-010193,2026-04-07,North,T-12,374.34,260.51
J-010194,2026-04-07,North,T-11,1780.3,1206.88
J-010195,2026-04-07,South,T-01,1400.45,908.86
J-010196,2026-04-07,East,T-12,1073.6,681.97
J-010197,2026-04-07,West,T-12,799.4,445.34
J-010198,2026-04-07,West,T-11,662.63,397.21
J-010199,2026-04-07,North,T-03,853.44,511.45
J-010200,2026-04-07,North,T-06,1220.67,786.19
J-010201,2026-04-07,North,T-12,467.0,363.73
J-010202,2026-04-07,West,T-03,1194.32,785.86
J-010203,2026-04-07,West,T-01,181.37,102.81
J-010204,2026-04-07,West,T-01,752.39,410.31
J-010205,2026-04-07,West,T-03,591.74,403.5
J-010206,2026-04-07,West,T-12,1058.54,799.91
J-010207,2026-04-07,North,T-01,412.52,289.33
J-010208,2026-04-07,South,T-05,776.7,594.29
J-010209,2026-04-07,East,T-08,565.22,365.52
J-010210,2026-04-07,West,T-02,1015.43,661.23
J-010211,2026-04-07,East,T-12,633.49,462.95
J-010212,2026-04-07,North,T-06,1562.35,793.8
J-010213,2026-04-08,West,T-04,654.81,414.58
J-010214,2026-04-08,South,T-06,1097.83,793.86
J-010215,2026-04-08,East,T-08,426.99,227.55
J-010216,2026-04-08,East,T-02,166.78,82.49
J-010217,2026-04-08,South,T-05,776.8,474.9
J-010218,2026-04-08,North,T-05,689.05,403.74
J-010219,2026-04-08,West,T-09,485.37,288.57
J-010220,2026-04-08,West,T-05,1015.95,630.36
J-010221,2026-04-08,South,T-06,1274.05,893.74
J-010222,2026-04-08,East,T-06,700.53,399.7
J-010223,2026-04-08,West,T-10,905.6,657.83
J-010224,2026-04-08,East,T-10,457.45,288.74
J-010225,2026-04-08,North,T-12,822.78,626.91
J-010226,2026-04-08,North,T-01,505.05,317.45
J-010227,2026-04-08,West,T-04,729.18,361.18
J-010228,2026-04-08,South,T-05,380.61,234.86
J-010229,2026-04-08,South,T-03,1234.12,750.36
J-010230,2026-04-08,South,T-01,586.41,383.42
J-010231,2026-04-08,North,T-11,1234.59,805.61
J-010232,2026-04-08,North,T-09,573.61,382.55
J-010233,2026-04-08,North,T-04,1841.28,1111.02
J-010234,2026-04-08,South,T-01,903.83,666.31
J-010235,2026-04-08,West,T-12,658.13,385.9
J-010236,2026-04-08,East,T-04,537.46,327.14
J-010237,2026-04-08,East,T-11,359.78,237.45
J-010238,2026-04-08,East,T-12,351.83,213.2
J-010239,2026-04-08,East,T-03,585.82,423.3
J-010240,2026-04-08,East,T-08,534.76,370.65
J-010241,2026-04-08,North,T-03,687.65,415.1
J-010242,2026-04-09,East,T-02,486.61,339.87
J-010243,2026-04-09,South,T-03,919.75,584.0
J-010244,2026-04-09,North,T-06,1454.81,865.34
J-010245,2026-04-09,West,T-04,475.1,322.93
J-010246,2026-04-09,North,T-09,396.33,219.37
J-010247,2026-04-09,North,T-06,368.09,219.34
J-010248,2026-04-09,West,T-08,1130.98,810.03
J-010249,2026-04-09,North,T-09,1335.28,790.89
J-010250,2026-04-09,South,T-12,488.3,309.85
J-010251,2026-04-09,South,T-04,763.41,369.06
J-010252,2026-04-09,South,T-03,486.57,292.57
J-010253,2026-04-09,South,T-09,875.15,551.4
J-010254,2026-04-09,South,T-12,1668.11,1064.79
J-010255,2026-04-09,North,T-01,478.49,322.29
J-010256,2026-04-09,North,T-02,433.11,279.58
J-010257,2026-04-09,South,T-09,668.32,431.27
J-010258,2026-04-09,East,T-09,1131.49,633.67
J-010259,2026-04-09,South,T-12,978.45,635.57
J-010260,2026-04-09,South,T-09,457.89,280.38
J-010261,2026-04-09,South,T-07,876.55,597.55
J-010262,2026-04-09,North,T-02,1149.19,606.52
J-010263,2026-04-09,West,T-05,842.36,590.59
J-010264,2026-04-09,South,T-05,408.57,274.29
J-010265,2026-04-09,East,T-10,422.92,319.25
J-010266,2026-04-09,South,T-08,612.95,426.51
J-010267,2026-04-09,East,T-04,1749.38,992.19
J-010268,2026-04-09,North,T-05,896.74,550.88
J-010269,2026-04-09,East,T-01,558.53,393.72
J-010270,2026-04-09,North,T-04,1348.39,817.28
J-010271,2026-04-10,North,T-09,777.4,521.63
J-010272,2026-04-10,East,T-06,879.32,597.75
J-010273,2026-04-10,West,T-10,666.23,382.36
J-010274,2026-04-10,South,T-12,677.61,331.8
J-010275,2026-04-10,West,T-06,909.27,552.52
J-010276,2026-04-10,South,T-04,823.0,548.05
J-010277,2026-04-10,East,T-05,490.04,336.55
J-010278,2026-04-10,South,T-11,697.81,370.97
J-010279,2026-04-10,North,T-01,460.73,293.03
J-010280,2026-04-10,East,T-09,775.96,527.98
J-010281,2026-04-10,East,T-08,1153.35,519.01
J-010282,2026-04-10,East,T-04,989.42,765.55
J-010283,2026-04-10,North,T-07,1004.06,650.74
J-010284,2026-04-10,South,T-01,828.4,547.46
J-010285,2026-04-10,East,T-12,657.04,368.69
J-010286,2026-04-10,East,T-02,1110.42,761.89
J-010287,2026-04-10,South,T-10,1106.35,665.35
J-010288,2026-04-10,East,T-08,341.15,189.98
J-010289,2026-04-10,North,T-03,278.47,160.67
J-010290,2026-04-10,North,T-02,546.4,299.98
J-010291,2026-04-10,East,T-04,618.69,366.93
J-010292,2026-04-10,East,T-05,336.01,181.47
J-010293,2026-04-10,North,T-09,500.25,366.75
J-010294,2026-04-10,East,T-05,1007.64,543.79
J-010295,2026-04-10,East,T-12,566.39,397.38
J-010296,2026-04-10,North,T-10,568.28,377.78
J-010297,2026-04-11,East,T-05,775.3,577.75
J-010298,2026-04-11,South,T-05,2133.09,1415.07
J-010299,2026-04-11,South,T-09,487.34,276.7
J-010300,2026-04-11,North,T-05,1157.31,783.14
J-010301,2026-04-11,North,T-12,368.87,247.25
J-010302,2026-04-11,South,T-11,580.29,383.72
J-010303,2026-04-11,West,T-03,1394.63,953.52
J-010304,2026-04-11,West,T-01,996.49,640.21
J-010305,2026-04-11,North,T-08,1115.71,664.31
J-010306,2026-04-11,South,T-12,980.37,699.94
J-010307,2026-04-11,South,T-09,629.63,384.83
J-010308,2026-04-11,North,T-04,535.15,243.24
J-010309,2026-04-11,East,T-01,695.51,447.17
J-010310,2026-04-11,South,T-05,496.19,306.97
J-010311,2026-04-11,East,T-04,1055.3,778.8
J-010312,2026-04-11,West,T-08,1059.11,616.11
J-010313,2026-04-12,East,T-04,755.8,473.34
J-010314,2026-04-12,South,T-05,590.98,374.88
J-010315,2026-04-12,North,T-11,547.17,331.52
J-010316,2026-04-12,North,T-07,180.85,111.24
J-010317,2026-04-12,East,T-01,403.7,282.68
J-010318,2026-04-13,South,T-04,527.68,315.55
J-010319,2026-04-13,South,T-02,797.8,531.26
J-010320,2026-04-13,West,T-05,375.76,249.25
J-010321,2026-04-13,North,T-11,540.54,304.47
J-010322,2026-04-13,East,T-05,382.77,252.19
J-010323,2026-04-13,North,T-07,2630.97,1830.42
J-010324,2026-04-13,South,T-08,255.41,158.91
J-010325,2026-04-13,South,T-01,2343.2,1402.99
J-010326,2026-04-13,South,T-10,616.16,387.99
J-010327,2026-04-13,West,T-06,2643.48,1898.74
J-010328,2026-04-13,North,T-06,1163.84,678.53
J-010329,2026-04-13,West,T-06,1340.44,906.45
J-010330,2026-04-13,East,T-06,555.93,381.22
J-010331,2026-04-13,South,T-04,1383.14,1018.89
J-010332,2026-04-13,North,T-06,857.15,543.69
J-010333,2026-04-13,North,T-05,869.21,526.33
J-010334,2026-04-13,North,T-07,472.64,300.07
J-010335,2026-04-13,East,T-04,861.81,624.16
J-010336,2026-04-13,West,T-06,734.92,425.28
J-010337,2026-04-14,West,T-07,202.53,129.74
J-010338,2026-04-14,North,T-10,757.54,600.98
J-010339,2026-04-14,East,T-10,464.83,249.79
J-010340,2026-04-14,West,T-12,551.25,393.42
J-010341,2026-04-14,East,T-07,501.34,307.2
J-010342,2026-04-14,South,T-05,996.19,689.81
J-010343,2026-04-14,North,T-02,746.73,446.27
J-010344,2026-04-14,South,T-01,537.99,349.5
J-010345,2026-04-14,East,T-11,679.3,413.59
J-010346,2026-04-14,East,T-09,632.76,421.36
J-010347,2026-04-14,North,T-07,681.63,445.06
J-010348,2026-04-14,West,T-09,1446.97,781.31
J-010349,2026-04-14,North,T-05,501.65,304.56
J-010350,2026-04-14,West,T-07,414.75,205.39
J-010351,2026-04-14,West,T-04,1245.15,886.34
J-010352,2026-04-14,North,T-11,360.64,229.51
J-010353,2026-04-14,North,T-03,396.65,265.84
J-010354,2026-04-14,North,T-01,709.8,345.76
J-010355,2026-04-14,South,T-04,1938.97,1199.17
J-010356,2026-04-14,East,T-07,1380.57,725.61
J-010357,2026-04-14,South,T-12,1277.01,817.76
J-010358,2026-04-14,North,T-02,292.79,197.58
J-010359,2026-04-14,South,T-10,777.26,519.94
J-010360,2026-04-14,East,T-12,682.77,459.16
J-010361,2026-04-14,North,T-02,1149.64,742.94
J-010362,2026-04-14,West,T-08,287.34,179.07
J-010363,2026-04-14,West,T-11,819.78,540.19
J-010364,2026-04-14,East,T-03,671.88,443.04
J-010365,2026-04-14,South,T-11,1183.07,800.61
J-010366,2026-04-14,South,T-05,609.68,413.25
J-010367,2026-04-14,South,T-11,791.33,495.79
J-010368,2026-04-14,North,T-12,1007.74,566.62
J-010369,2026-04-14,South,T-11,848.42,602.44
J-010370,2026-04-14,North,T-11,2227.65,1389.79
J-010371,2026-04-14,South,T-04,450.47,270.82
J-010372,2026-04-14,North,T-03,291.91,182.95
J-010373,2026-04-14,West,T-09,475.18,290.54
J-010374,2026-04-14,South,T-08,597.5,397.81
J-010375,2026-04-15,South,T-12,778.14,495.1
J-010376,2026-04-15,North,T-11,637.57,357.8
J-010377,2026-04-15,North,T-07,1093.9,674.64
J-010378,2026-04-15,West,T-01,1852.78,1166.48
J-010379,2026-04-15,West,T-08,423.15,263.01
J-010380,2026-04-15,South,T-01,711.25,415.84
J-010381,2026-04-15,North,T-11,652.83,349.1
J-010382,2026-04-15,East,T-04,829.52,605.72
J-010383,2026-04-15,North,T-11,692.39,365.55
J-010384,2026-04-15,West,T-12,582.88,389.68
J-010385,2026-04-15,West,T-11,328.72,226.2
J-010386,2026-04-15,West,T-06,1412.21,1039.9
J-010387,2026-04-15,East,T-02,831.5,453.47
J-010388,2026-04-15,South,T-06,1108.89,681.44
J-010389,2026-04-15,South,T-08,515.93,330.62
J-010390,2026-04-15,South,T-05,453.66,352.15
J-010391,2026-04-15,East,T-10,736.72,471.12
J-010392,2026-04-15,South,T-08,554.79,279.07
J-010393,2026-04-15,East,T-05,1523.14,868.42
J-010394,2026-04-15,North,T-08,462.38,306.68
J-010395,2026-04-15,East,T-07,498.3,335.66
J-010396,2026-04-15,North,T-07,1056.74,725.57
J-010397,2026-04-15,North,T-10,285.39,192.82
J-010398,2026-04-15,West,T-01,1547.96,1124.88
J-010399,2026-04-15,North,T-10,591.57,304.39
J-010400,2026-04-15,West,T-03,209.25,142.05
J-010401,2026-04-15,South,T-05,256.41,160.16
J-010402,2026-04-15,South,T-08,341.33,245.71
J-010403,2026-04-16,East,T-02,256.59,143.06
J-010404,2026-04-16,South,T-10,462.65,310.74
J-010405,2026-04-16,South,T-01,214.53,143.96
J-010406,2026-04-16,East,T-07,604.64,455.68
J-010407,2026-04-16,North,T-11,625.94,413.04
J-010408,2026-04-16,East,T-01,711.02,521.99
J-010409,2026-04-16,North,T-07,655.06,385.29
J-010410,2026-04-16,North,T-11,306.57,240.41
J-010411,2026-04-16,West,T-11,341.32,222.17
J-010412,2026-04-16,North,T-05,319.48,199.9
J-010413,2026-04-16,East,T-11,503.79,297.42
J-010414,2026-04-16,South,T-05,691.65,479.5
J-010415,2026-04-16,East,T-10,1302.09,794.39
J-010416,2026-04-16,South,T-08,1209.45,721.04
J-010417,2026-04-16,South,T-05,442.94,268.34
J-010418,2026-04-16,South,T-11,394.88,230.27
J-010419,2026-04-16,North,T-02,696.67,406.73
J-010420,2026-04-16,West,T-10,944.87,608.28
J-010421,2026-04-16,North,T-06,722.46,409.56
J-010422,2026-04-16,South,T-11,431.71,315.59
J-010423,2026-04-16,East,T-03,492.63,320.65
J-010424,2026-04-16,North,T-10,997.02,645.91
J-010425,2026-04-16,North,T-06,529.67,291.23
J-010426,2026-04-17,South,T-05,245.63,141.61
J-010427,2026-04-17,East,T-02,401.5,289.08
J-010428,2026-04-17,East,T-10,877.33,618.5
J-010429,2026-04-17,North,T-06,1450.88,821.37
J-010430,2026-04-17,North,T-06,1265.15,841.56
J-010431,2026-04-17,West,T-04,337.09,203.55
J-010432,2026-04-17,East,T-01,548.96,376.22
J-010433,2026-04-17,East,T-12,234.39,126.66
J-010434,2026-04-17,South,T-08,224.52,142.57
J-010435,2026-04-17,North,T-11,390.33,234.47
J-010436,2026-04-17,South,T-12,251.9,162.96
J-010437,2026-04-17,West,T-06,425.37,264.38
J-010438,2026-04-17,South,T-04,600.73,390.43
J-010439,2026-04-17,North,T-04,1024.48,753.08
J-010440,2026-04-17,North,T-12,331.51,225.03
J-010441,2026-04-17,West,T-09,2199.24,1774.24
J-010442,2026-04-17,East,T-12,942.92,722.21
J-010443,2026-04-17,West,T-12,1756.57,929.33
J-010444,2026-04-17,South,T-11,1130.54,719.04
J-010445,2026-04-17,North,T-08,1181.22,842.46
J-010446,2026-04-17,East,T-07,1151.57,768.39
J-010447,2026-04-17,North,T-04,488.58,331.39
J-010448,2026-04-17,North,T-05,719.08,465.33
J-010449,2026-04-17,North,T-04,408.3,277.89
J-010450,2026-04-17,East,T-12,687.06,407.09
J-010451,2026-04-17,West,T-05,1748.35,1111.66
J-010452,2026-04-17,East,T-03,1171.94,821.14
J-010453,2026-04-17,North,T-05,659.56,451.85
J-010454,2026-04-17,North,T-12,518.41,338.55
J-010455,2026-04-17,East,T-04,777.14,412.82
J-010456,2026-04-17,South,T-02,382.63,258.14
J-010457,2026-04-17,South,T-12,709.12,360.41
J-010458,2026-04-17,West,T-11,1212.53,897.4
J-010459,2026-04-17,East,T-05,1213.45,782.61
J-010460,2026-04-17,East,T-08,376.88,267.12
J-010461,2026-04-17,East,T-07,982.74,494.43
J-010462,2026-04-17,West,T-12,674.84,411.62
J-010463,2026-04-17,South,T-06,331.96,215.53
J-010464,2026-04-17,East,T-12,1460.53,824.68
J-010465,2026-04-17,East,T-10,1586.28,985.52
J-010466,2026-04-17,North,T-04,967.76,500.04
J-010467,2026-04-17,South,T-01,698.77,405.36
J-010468,2026-04-17,East,T-09,852.4,636.54
J-010469,2026-04-17,South,T-08,1195.73,734.18
J-010470,2026-04-17,West,T-03,604.43,427.94
J-010471,2026-04-17,East,T-08,373.0,255.52
J-010472,2026-04-17,West,T-06,600.49,410.81
J-010473,2026-04-17,South,T-11,627.88,393.67
J-010474,2026-04-18,South,T-10,423.57,278.99
J-010475,2026-04-18,South,T-04,431.68,280.23
J-010476,2026-04-18,South,T-09,1183.29,829.08
J-010477,2026-04-18,North,T-07,811.1,503.27
J-010478,2026-04-18,West,T-09,989.28,688.97
J-010479,2026-04-18,South,T-07,1194.02,666.01
J-010480,2026-04-18,North,T-01,497.05,345.27
J-010481,2026-04-18,North,T-07,755.14,450.66
J-010482,2026-04-18,West,T-11,742.29,499.82
J-010483,2026-04-18,East,T-07,383.71,242.52
J-010484,2026-04-18,North,T-06,1008.86,589.27
J-010485,2026-04-19,North,T-06,465.48,354.94
J-010486,2026-04-19,West,T-12,623.74,397.19
J-010487,2026-04-19,East,T-10,429.8,276.36
J-010488,2026-04-20,West,T-08,694.79,440.73
J-010489,2026-04-20,South,T-12,742.84,518.49
J-010490,2026-04-20,West,T-05,1198.56,744.78
J-010491,2026-04-20,West,T-11,628.72,349.54
J-010492,2026-04-20,West,T-11,820.37,510.97
J-010493,2026-04-20,West,T-07,1129.13,823.3
J-010494,2026-04-20,South,T-02,622.36,339.94
J-010495,2026-04-20,West,T-08,616.61,424.07
J-010496,2026-04-20,West,T-12,1699.21,996.93
J-010497,2026-04-20,North,T-01,300.28,225.49
J-010498,2026-04-20,East,T-02,677.28,400.95
J-010499,2026-04-20,North,T-01,481.11,291.61
J-010500,2026-04-20,East,T-03,479.13,284.58
J-010501,2026-04-20,West,T-03,389.44,286.5
J-010502,2026-04-20,East,T-02,1046.27,796.73
J-010503,2026-04-20,North,T-04,600.75,345.81
J-010504,2026-04-20,South,T-03,730.01,470.06
J-010505,2026-04-20,West,T-05,266.99,173.22
J-010506,2026-04-20,North,T-04,1192.55,846.01
J-010507,2026-04-20,South,T-05,848.09,544.95
J-010508,2026-04-20,West,T-02,406.12,263.18
J-010509,2026-04-20,East,T-10,609.89,357.4
J-010510,2026-04-20,North,T-06,229.51,150.09
J-010511,2026-04-20,North,T-11,549.52,348.24
J-010512,2026-04-20,South,T-11,602.57,307.48
J-010513,2026-04-20,North,T-06,1195.99,721.89
J-010514,2026-04-21,East,T-07,1139.88,822.35
J-010515,2026-04-21,West,T-10,999.1,723.88
J-010516,2026-04-21,East,T-10,232.48,126.75
J-010517,2026-04-21,South,T-10,942.39,581.23
J-010518,2026-04-21,West,T-11,748.47,375.11
J-010519,2026-04-21,West,T-12,691.11,452.57
J-010520,2026-04-21,North,T-09,392.68,287.21
J-010521,2026-04-21,West,T-02,1018.41,585.65
J-010522,2026-04-21,North,T-07,588.95,364.91
J-010523,2026-04-21,South,T-02,1782.61,1166.29
J-010524,2026-04-21,South,T-09,338.0,245.72
J-010525,2026-04-21,South,T-08,545.62,354.28
J-010526,2026-04-21,South,T-12,348.24,208.96
J-010527,2026-04-21,West,T-03,1136.81,682.3
J-010528,2026-04-21,West,T-08,454.56,302.31
J-010529,2026-04-21,East,T-02,174.39,118.3
J-010530,2026-04-21,North,T-05,1226.46,653.49
J-010531,2026-04-21,East,T-11,656.53,328.74
J-010532,2026-04-21,North,T-12,829.16,534.59
J-010533,2026-04-21,North,T-11,891.57,558.16
J-010534,2026-04-21,East,T-02,762.39,416.98
J-010535,2026-04-21,East,T-06,470.25,316.7
J-010536,2026-04-21,West,T-12,1297.8,914.8
J-010537,2026-04-21,East,T-08,655.44,427.64
J-010538,2026-04-22,East,T-02,448.21,251.54
J-010539,2026-04-22,North,T-10,352.68,223.13
J-010540,2026-04-22,West,T-01,744.14,511.71
J-010541,2026-04-22,West,T-03,496.7,321.95
J-010542,2026-04-22,North,T-06,529.29,326.31
J-010543,2026-04-22,East,T-07,2006.59,1321.93
J-010544,2026-04-22,East,T-11,366.65,229.97
J-010545,2026-04-22,West,T-03,615.55,388.18
J-010546,2026-04-22,East,T-03,846.02,528.54
J-010547,2026-04-22,South,T-12,734.66,427.69
J-010548,2026-04-22,West,T-12,758.14,482.35
J-010549,2026-04-22,East,T-05,440.82,247.03
J-010550,2026-04-22,North,T-04,167.88,116.26
J-010551,2026-04-22,South,T-06,384.19,237.4
J-010552,2026-04-22,North,T-07,257.96,176.4
J-010553,2026-04-22,North,T-10,559.12,386.17
J-010554,2026-04-22,North,T-11,951.93,693.99
J-010555,2026-04-22,North,T-03,441.24,243.4
J-010556,2026-04-22,South,T-11,1387.45,824.75
J-010557,2026-04-22,North,T-10,1133.22,695.75
J-010558,2026-04-23,South,T-07,1219.23,808.31
J-010559,2026-04-23,East,T-07,622.39,394.16
J-010560,2026-04-23,South,T-01,884.59,472.33
J-010561,2026-04-23,South,T-11,489.7,297.37
J-010562,2026-04-23,North,T-06,605.51,459.2
J-010563,2026-04-23,South,T-01,1258.86,838.2
J-010564,2026-04-23,South,T-08,494.64,354.48
J-010565,2026-04-23,South,T-02,493.26,276.42
J-010566,2026-04-23,North,T-08,535.43,360.19
J-010567,2026-04-23,East,T-08,570.0,397.79
J-010568,2026-04-23,South,T-06,774.34,498.68
J-010569,2026-04-23,North,T-10,435.23,237.83
J-010570,2026-04-23,North,T-09,1101.35,738.99
J-010571,2026-04-23,North,T-05,883.11,559.5
J-010572,2026-04-23,South,T-07,1648.71,1118.88
J-010573,2026-04-23,North,T-06,1063.18,735.16
J-010574,2026-04-23,East,T-04,558.24,321.26
J-010575,2026-04-23,North,T-04,501.28,307.68
J-010576,2026-04-23,West,T-03,819.91,519.57
J-010577,2026-04-23,North,T-10,1201.2,796.71
J-010578,2026-04-23,North,T-10,332.88,220.84
J-010579,2026-04-23,North,T-07,828.24,493.54
J-010580,2026-04-23,East,T-07,383.53,238.77
J-010581,2026-04-23,South,T-10,218.23,141.85
J-010582,2026-04-23,North,T-10,1022.75,665.97
J-010583,2026-04-23,South,T-10,768.45,492.09
J-010584,2026-04-23,South,T-06,539.19,345.41
J-010585,2026-04-23,East,T-10,1137.88,861.16
J-010586,2026-04-23,North,T-11,635.9,384.0
J-010587,2026-04-23,West,T-06,709.77,423.53
J-010588,2026-04-23,East,T-07,397.61,254.0
J-010589,2026-04-23,West,T-01,577.34,367.62
J-010590,2026-04-23,North,T-04,1020.87,614.77
J-010591,2026-04-23,East,T-10,934.48,609.77
J-010592,2026-04-23,East,T-05,1232.23,689.95
J-010593,2026-04-23,North,T-11,1578.66,969.42
J-010594,2026-04-23,South,T-10,1279.32,760.16
J-010595,2026-04-23,West,T-01,269.04,164.62
J-010596,2026-04-24,South,T-06,360.01,213.64
J-010597,2026-04-24,West,T-07,996.7,660.6
J-010598,2026-04-24,South,T-02,498.78,295.98
J-010599,2026-04-24,South,T-01,1505.07,878.29
J-010600,2026-04-24,East,T-10,1030.56,656.95
J-010601,2026-04-24,West,T-04,527.48,357.15
J-010602,2026-04-24,West,T-05,1078.73,688.04
J-010603,2026-04-24,East,T-12,782.69,433.1
J-010604,2026-04-24,East,T-07,628.94,445.52
J-010605,2026-04-24,North,T-05,622.6,394.69
J-010606,2026-04-24,North,T-06,739.26,439.23
J-010607,2026-04-24,South,T-01,864.51,621.06
J-010608,2026-04-24,South,T-10,977.01,568.02
J-010609,2026-04-24,South,T-02,1675.13,959.81
J-010610,2026-04-24,East,T-09,511.66,369.0
J-010611,2026-04-24,North,T-11,728.67,513.83
J-010612,2026-04-24,North,T-10,538.27,347.71
J-010613,2026-04-24,East,T-04,433.16,335.44
J-010614,2026-04-24,South,T-12,604.67,456.35
J-010615,2026-04-24,West,T-10,537.01,380.62
J-010616,2026-04-24,West,T-11,709.22,423.96
J-010617,2026-04-24,East,T-10,703.9,479.56
J-010618,2026-04-24,North,T-04,1274.28,855.92
J-010619,2026-04-24,East,T-04,1077.63,705.31
J-010620,2026-04-24,North,T-10,339.39,203.8
J-010621,2026-04-24,West,T-02,793.83,493.6
J-010622,2026-04-24,East,T-11,1121.2,710.65
J-010623,2026-04-25,South,T-02,419.19,255.14
J-010624,2026-04-25,East,T-10,772.87,479.35
J-010625,2026-04-25,West,T-10,254.22,187.19
J-010626,2026-04-25,East,T-03,692.94,432.44
J-010627,2026-04-25,North,T-05,488.14,331.53
J-010628,2026-04-25,South,T-11,484.55,297.7
J-010629,2026-04-25,East,T-05,626.04,419.53
J-010630,2026-04-25,East,T-01,1146.58,755.05
J-010631,2026-04-25,North,T-09,1871.62,1039.12
J-010632,2026-04-25,North,T-05,844.65,637.07
J-010633,2026-04-25,West,T-01,574.54,358.73
J-010634,2026-04-26,North,T-06,2637.81,1813.04
J-010635,2026-04-26,East,T-08,335.96,220.09
J-010636,2026-04-26,East,T-01,194.61,140.71
J-010637,2026-04-26,East,T-09,291.85,186.5
J-010638,2026-04-26,East,T-04,1355.54,898.52
J-010639,2026-04-26,North,T-12,600.48,399.69
J-010640,2026-04-26,North,T-08,465.44,334.74
J-010641,2026-04-26,South,T-02,947.22,621.13
J-010642,2026-04-26,East,T-09,642.39,374.12
J-010643,2026-04-26,East,T-02,407.31,289.32
J-010644,2026-04-26,West,T-05,720.4,487.57
J-010645,2026-04-27,North,T-11,891.98,546.8
J-010646,2026-04-27,East,T-10,651.39,459.76
J-010647,2026-04-27,East,T-04,175.96,108.07
J-010648,2026-04-27,East,T-02,729.9,424.64
J-010649,2026-04-27,North,T-11,969.15,693.87
J-010650,2026-04-27,North,T-08,736.75,450.0
J-010651,2026-04-27,South,T-03,1796.88,1235.11
J-010652,2026-04-27,North,T-04,836.59,499.12
J-010653,2026-04-27,East,T-04,617.33,364.64
J-010654,2026-04-27,North,T-08,517.9,350.51
J-010655,2026-04-27,East,T-09,860.87,516.24
J-010656,2026-04-27,South,T-05,1483.8,1031.59
J-010657,2026-04-27,East,T-06,702.61,404.52
J-010658,2026-04-27,North,T-02,964.69,588.35
J-010659,2026-04-27,North,T-05,457.03,274.94
J-010660,2026-04-27,North,T-09,583.39,344.29
J-010661,2026-04-27,North,T-11,1053.97,714.97
J-010662,2026-04-27,East,T-06,674.97,488.99
J-010663,2026-04-27,North,T-08,696.33,513.99
J-010664,2026-04-27,South,T-07,346.16,234.48
J-010665,2026-04-27,South,T-12,312.56,182.15
J-010666,2026-04-27,West,T-03,340.08,229.06
J-010667,2026-04-27,South,T-09,430.56,267.26
J-010668,2026-04-27,East,T-11,644.44,444.0
J-010669,2026-04-28,South,T-05,813.15,433.85
J-010670,2026-04-28,East,T-09,309.27,202.97
J-010671,2026-04-28,South,T-04,841.14,560.57
J-010672,2026-04-28,West,T-03,880.01,512.76
J-010673,2026-04-28,North,T-07,1253.16,856.39
J-010674,2026-04-28,South,T-01,315.91,168.85
J-010675,2026-04-28,North,T-02,1307.61,740.26
J-010676,2026-04-28,West,T-11,500.1,309.88
J-010677,2026-04-28,East,T-12,717.8,464.24
J-010678,2026-04-28,South,T-04,557.32,345.17
J-010679,2026-04-28,East,T-03,670.79,394.36
J-010680,2026-04-28,East,T-04,426.68,223.19
J-010681,2026-04-28,North,T-11,987.57,584.35
J-010682,2026-04-28,South,T-06,583.2,354.69
J-010683,2026-04-28,North,T-05,939.34,578.53
J-010684,2026-04-28,East,T-01,701.31,423.94
J-010685,2026-04-28,South,T-09,1117.02,785.66
J-010686,2026-04-28,South,T-07,1120.62,697.86
J-010687,2026-04-28,East,T-07,472.08,289.69
J-010688,2026-04-28,South,T-06,427.31,297.46
J-010689,2026-04-28,North,T-08,357.39,221.88
J-010690,2026-04-28,East,T-01,821.87,497.03
J-010691,2026-04-28,East,T-08,557.17,441.7
J-010692,2026-04-28,North,T-06,422.64,302.73
J-010693,2026-04-28,East,T-12,431.52,291.69
J-010694,2026-04-29,East,T-04,732.18,453.25
J-010695,2026-04-29,East,T-07,806.36,472.34
J-010696,2026-04-29,South,T-11,842.43,473.11
J-010697,2026-04-29,West,T-06,233.65,162.29
J-010698,2026-04-29,West,T-05,940.98,714.32
J-010699,2026-04-29,North,T-09,499.97,273.15
J-010700,2026-04-29,South,T-11,557.26,364.25
J-010701,2026-04-29,North,T-06,556.28,365.19
J-010702,2026-04-29,East,T-10,628.81,405.89
J-010703,2026-04-29,South,T-02,910.24,500.65
J-010704,2026-04-29,East,T-08,576.09,337.47
J-010705,2026-04-29,East,T-03,2212.82,1663.98
J-010706,2026-04-29,South,T-07,1433.12,896.5
J-010707,2026-04-29,East,T-01,761.81,575.27
J-010708,2026-04-29,South,T-08,1457.7,932.59
J-010709,2026-04-29,West,T-09,589.59,382.55
J-010710,2026-04-29,East,T-12,330.43,195.17
J-010711,2026-04-29,West,T-02,1145.0,795.6
J-010712,2026-04-29,East,T-06,442.12,277.72
J-010713,2026-04-29,East,T-09,514.74,291.76
J-010714,2026-04-29,East,T-10,386.9,252.89
J-010715,2026-04-29,West,T-04,529.55,338.92
J-010716,2026-04-29,West,T-12,667.83,345.83
J-010717,2026-04-29,East,T-05,342.28,199.78
J-010718,2026-04-29,East,T-12,710.35,381.82
J-010719,2026-04-29,North,T-12,610.34,385.36
J-010720,2026-04-29,East,T-08,924.75,562.19
J-010721,2026-04-29,West,T-10,506.39,244.37
J-010722,2026-04-29,West,T-11,561.26,353.2
J-010723,2026-04-29,North,T-02,443.65,245.97
J-010724,2026-04-30,East,T-10,1126.72,732.57
J-010725,2026-04-30,South,T-09,541.7,416.38
J-010726,2026-04-30,South,T-04,2267.56,1202.46
J-010727,2026-04-30,South,T-10,295.77,156.67
J-010728,2026-04-30,East,T-06,349.87,218.57
J-010729,2026-04-30,East,T-10,857.28,569.95
J-010730,2026-04-30,North,T-11,363.66,243.29
J-010731,2026-04-30,East,T-03,631.92,347.12
J-010732,2026-04-30,South,T-02,1390.22,793.38
J-010733,2026-04-30,South,T-05,677.93,382.75
J-010734,2026-04-30,South,T-02,646.9,397.27
J-010735,2026-04-30,North,T-05,1038.77,592.85
J-010736,2026-04-30,North,T-09,918.85,502.99
J-010737,2026-04-30,East,T-09,646.23,417.33
J-010738,2026-04-30,East,T-05,671.54,442.0
J-010739,2026-04-30,North,T-03,973.1,642.04
J-010740,2026-04-30,South,T-11,900.58,530.84
J-010741,2026-04-30,South,T-03,609.32,406.32
J-010742,2026-04-30,North,T-12,509.46,282.11
J-010743,2026-04-30,East,T-06,728.32,444.76
J-010744,2026-04-30,South,T-08,611.15,335.98
J-010745,2026-04-30,East,T-04,1625.8,994.36
J-010746,2026-04-30,East,T-04,914.41,688.08
J-010747,2026-04-30,South,T-04,246.83,175.13
J-010748,2026-04-30,North,T-01,1003.27,686.39
J-010749,2026-04-30,East,T-02,513.86,299.49
J-010750,2026-04-30,South,T-06,1724.67,1024.69
J-010751,2026-04-30,South,T-02,618.25,338.51
J-010752,2026-04-30,East,T-08,287.74,227.66
J-010753,2026-04-30,South,T-05,406.43,270.36
J-010754,2026-05-01,East,T-07,613.65,346.11
J-010755,2026-05-01,South,T-02,1458.41,949.42
J-010756,2026-05-01,East,T-03,350.86,219.48
J-010757,2026-05-01,West,T-04,392.95,221.96
J-010758,2026-05-01,East,T-07,637.04,384.02
J-010759,2026-05-01,North,T-01,298.85,167.17
J-010760,2026-05-01,South,T-05,957.39,639.82
J-010761,2026-05-01,East,T-07,514.22,336.12
J-010762,2026-05-01,South,T-08,1097.81,642.25
J-010763,2026-05-01,South,T-01,486.1,315.19
J-010764,2026-05-01,North,T-07,408.93,270.61
J-010765,2026-05-01,West,T-03,727.9,494.55
J-010766,2026-05-01,North,T-10,887.19,541.17
J-010767,2026-05-01,South,T-11,853.5,527.64
J-010768,2026-05-01,North,T-05,1784.28,1162.67
J-010769,2026-05-01,East,T-10,534.21,403.21
J-010770,2026-05-01,West,T-10,1041.99,681.86
J-010771,2026-05-01,West,T-12,517.0,321.86
J-010772,2026-05-01,South,T-03,920.28,645.48
J-010773,2026-05-01,West,T-02,880.03,481.12
J-010774,2026-05-01,East,T-11,1690.54,1239.93
J-010775,2026-05-01,East,T-11,451.93,267.82
J-010776,2026-05-01,East,T-03,836.77,561.54
J-010777,2026-05-01,South,T-08,413.65,247.14
J-010778,2026-05-01,South,T-10,317.0,182.29
J-010779,2026-05-01,South,T-09,564.0,368.6
J-010780,2026-05-01,South,T-01,594.25,396.23
J-010781,2026-05-01,South,T-12,875.01,532.34
J-010782,2026-05-02,East,T-02,688.98,452.48
J-010783,2026-05-02,South,T-05,640.52,417.1
J-010784,2026-05-02,East,T-10,436.4,281.56
J-010785,2026-05-02,East,T-08,349.16,195.78
J-010786,2026-05-02,East,T-01,226.7,152.9
J-010787,2026-05-02,North,T-08,209.88,120.31
J-010788,2026-05-02,South,T-09,1104.69,719.39
J-010789,2026-05-02,East,T-11,406.5,270.19
J-010790,2026-05-02,West,T-07,811.19,515.75
J-010791,2026-05-02,North,T-02,728.97,446.28
J-010792,2026-05-02,West,T-03,710.44,511.64
J-010793,2026-05-02,South,T-10,637.86,408.4
J-010794,2026-05-02,West,T-11,475.64,276.04
J-010795,2026-05-02,South,T-09,1238.01,852.81
J-010796,2026-05-02,South,T-10,686.58,398.67
J-010797,2026-05-02,East,T-08,659.68,401.92
J-010798,2026-05-03,South,T-09,286.01,180.55
J-010799,2026-05-03,East,T-02,649.57,411.72
J-010800,2026-05-03,West,T-09,1083.84,631.25
J-010801,2026-05-03,East,T-10,393.1,287.59
J-010802,2026-05-03,North,T-03,433.64,244.79
J-010803,2026-05-03,North,T-02,734.19,371.89
J-010804,2026-05-04,South,T-01,655.89,403.99
J-010805,2026-05-04,West,T-08,330.49,199.72
J-010806,2026-05-04,West,T-12,795.02,454.14
J-010807,2026-05-04,West,T-02,278.94,144.09
J-010808,2026-05-04,North,T-01,642.07,455.62
J-010809,2026-05-04,South,T-05,235.57,155.63
J-010810,2026-05-04,East,T-04,216.88,135.23
J-010811,2026-05-04,North,T-12,908.99,568.08
J-010812,2026-05-04,North,T-05,585.78,396.93
J-010813,2026-05-04,West,T-01,490.85,267.63
J-010814,2026-05-04,South,T-10,361.63,249.29
J-010815,2026-05-04,East,T-04,456.55,315.15
J-010816,2026-05-04,South,T-05,1068.59,626.54
J-010817,2026-05-04,West,T-03,529.54,273.14
J-010818,2026-05-04,West,T-04,752.07,496.1
J-010819,2026-05-04,East,T-03,223.98,168.87
J-010820,2026-05-04,East,T-02,861.05,557.32
J-010821,2026-05-04,West,T-06,2099.38,1249.51
J-010822,2026-05-04,South,T-08,564.84,336.86
J-010823,2026-05-04,West,T-07,643.18,436.12
J-010824,2026-05-04,South,T-05,270.5,189.18
J-010825,2026-05-04,West,T-08,415.16,250.96
J-010826,2026-05-04,West,T-01,207.11,149.88
J-010827,2026-05-04,West,T-11,657.33,380.51
J-010828,2026-05-04,West,T-10,497.18,267.63
J-010829,2026-05-04,East,T-04,560.82,366.0
J-010830,2026-05-04,North,T-09,739.08,457.24
J-010831,2026-05-04,South,T-02,1066.67,778.41
J-010832,2026-05-04,West,T-01,299.77,209.2
J-010833,2026-05-04,North,T-04,1010.14,733.93
J-010834,2026-05-05,East,T-01,647.35,396.03
J-010835,2026-05-05,West,T-10,644.32,328.27
J-010836,2026-05-05,South,T-02,933.79,644.22
J-010837,2026-05-05,East,T-10,458.51,261.53
J-010838,2026-05-05,North,T-04,270.51,180.02
J-010839,2026-05-05,North,T-12,1294.31,882.81
J-010840,2026-05-05,North,T-11,451.01,326.02
J-010841,2026-05-05,West,T-09,916.68,552.07
J-010842,2026-05-05,North,T-05,1085.39,619.4
J-010843,2026-05-05,North,T-12,2107.5,1365.86
J-010844,2026-05-05,East,T-02,928.32,643.47
J-010845,2026-05-05,North,T-06,1061.08,753.61
J-010846,2026-05-05,East,T-08,382.33,283.39
J-010847,2026-05-05,East,T-11,710.19,419.08
J-010848,2026-05-05,North,T-04,1438.46,989.42
J-010849,2026-05-05,East,T-09,930.2,591.4
J-010850,2026-05-05,East,T-07,1312.22,837.23
J-010851,2026-05-05,North,T-09,755.57,495.42
J-010852,2026-05-05,South,T-12,463.27,329.36
J-010853,2026-05-05,East,T-05,766.49,436.15
J-010854,2026-05-05,South,T-05,688.28,470.87
J-010855,2026-05-05,West,T-12,1812.61,1246.63
J-010856,2026-05-05,East,T-01,821.37,560.39
J-010857,2026-05-05,East,T-03,934.88,530.56
J-010858,2026-05-05,South,T-06,789.94,395.33
J-010859,2026-05-05,South,T-07,900.95,443.97
J-010860,2026-05-06,East,T-09,1199.53,750.32
J-010861,2026-05-06,East,T-11,754.86,416.41
J-010862,2026-05-06,East,T-08,959.87,585.36
J-010863,2026-05-06,North,T-08,1301.03,923.7
J-010864,2026-05-06,South,T-08,829.81,563.23
J-010865,2026-05-06,South,T-08,879.98,645.13
J-010866,2026-05-06,North,T-10,864.02,599.77
J-010867,2026-05-06,North,T-10,436.14,318.6
J-010868,2026-05-06,South,T-02,431.68,281.36
J-010869,2026-05-06,East,T-10,806.49,485.81
J-010870,2026-05-06,West,T-11,1249.35,927.78
J-010871,2026-05-06,East,T-01,700.67,489.3
J-010872,2026-05-06,North,T-11,1047.85,632.54
J-010873,2026-05-06,East,T-10,413.67,284.47
J-010874,2026-05-06,North,T-03,610.73,373.23
J-010875,2026-05-06,North,T-03,397.39,297.2
J-010876,2026-05-06,West,T-06,556.92,357.02
J-010877,2026-05-06,North,T-04,434.78,268.64
J-010878,2026-05-06,West,T-01,1120.65,824.14
J-010879,2026-05-06,East,T-11,1391.96,996.7
J-010880,2026-05-06,East,T-08,505.13,378.69
J-010881,2026-05-06,North,T-09,899.59,612.27
J-010882,2026-05-06,North,T-02,752.79,476.66
J-010883,2026-05-07,North,T-03,1434.3,846.77
J-010884,2026-05-07,South,T-01,986.55,681.21
J-010885,2026-05-07,West,T-07,1072.77,703.05
J-010886,2026-05-07,South,T-12,361.78,226.61
J-010887,2026-05-07,East,T-03,765.51,490.98
J-010888,2026-05-07,East,T-02,1267.77,748.58
J-010889,2026-05-07,North,T-12,1122.82,721.46
J-010890,2026-05-07,North,T-04,348.04,259.12
J-010891,2026-05-07,North,T-11,599.08,332.5
J-010892,2026-05-07,West,T-04,1751.92,1145.72
J-010893,2026-05-07,South,T-11,824.8,644.87
J-010894,2026-05-07,North,T-11,557.13,333.04
J-010895,2026-05-07,East,T-06,651.85,439.17
J-010896,2026-05-07,North,T-02,504.07,300.71
J-010897,2026-05-07,North,T-05,566.62,345.07
J-010898,2026-05-07,East,T-08,714.2,423.17
J-010899,2026-05-07,North,T-11,516.98,306.86
J-010900,2026-05-07,North,T-04,329.42,193.27
J-010901,2026-05-07,West,T-10,1200.7,861.95
J-010902,2026-05-07,East,T-01,1300.69,864.2
J-010903,2026-05-07,East,T-07,496.62,312.71
J-010904,2026-05-07,West,T-11,679.39,420.6
J-010905,2026-05-07,East,T-11,642.39,404.54
J-010906,2026-05-07,South,T-11,344.08,199.5
J-010907,2026-05-07,West,T-04,297.94,195.54
J-010908,2026-05-07,North,T-09,816.87,615.47
J-010909,2026-05-07,East,T-10,1334.11,937.08
J-010910,2026-05-07,South,T-02,829.68,512.62
J-010911,2026-05-07,South,T-11,757.17,390.21
J-010912,2026-05-07,North,T-01,346.19,201.08
J-010913,2026-05-07,North,T-09,1330.96,802.24
J-010914,2026-05-07,North,T-10,1224.86,744.71
J-010915,2026-05-07,North,T-09,1329.39,770.78
J-010916,2026-05-07,West,T-10,1456.77,828.02
J-010917,2026-05-07,West,T-03,914.49,626.26
J-010918,2026-05-07,West,T-01,725.54,398.73
J-010919,2026-05-07,East,T-03,1426.75,800.11
J-010920,2026-05-07,North,T-01,575.44,431.85
J-010921,2026-05-07,South,T-04,386.15,265.0
J-010922,2026-05-07,West,T-12,616.19,411.33
J-010923,2026-05-07,East,T-03,853.99,557.71
J-010924,2026-05-08,North,T-03,757.87,517.96
J-010925,2026-05-08,East,T-09,1223.57,745.53
J-010926,2026-05-08,North,T-02,1087.79,711.16
J-010927,2026-05-08,South,T-10,670.71,375.92
J-010928,2026-05-08,West,T-07,693.61,417.88
J-010929,2026-05-08,South,T-12,669.28,378.76
J-010930,2026-05-08,South,T-11,405.06,239.76
J-010931,2026-05-08,West,T-08,545.23,351.85
J-010932,2026-05-08,East,T-05,991.5,599.91
J-010933,2026-05-08,East,T-10,1777.81,988.18
J-010934,2026-05-08,East,T-03,483.15,289.86
J-010935,2026-05-08,South,T-08,481.72,310.22
J-010936,2026-05-08,North,T-06,1081.79,783.28
J-010937,2026-05-08,West,T-08,884.33,534.46
J-010938,2026-05-08,South,T-11,1012.65,662.83
J-010939,2026-05-08,North,T-01,516.96,346.94
J-010940,2026-05-08,North,T-03,1330.71,959.38
J-010941,2026-05-08,West,T-02,974.26,586.59
J-010942,2026-05-08,South,T-10,1634.63,992.83
J-010943,2026-05-08,South,T-08,330.23,220.83
J-010944,2026-05-08,West,T-06,336.82,218.94
J-010945,2026-05-08,South,T-01,544.16,369.45
J-010946,2026-05-08,West,T-12,640.01,386.55
J-010947,2026-05-08,North,T-09,500.68,283.99
J-010948,2026-05-08,East,T-03,877.77,614.8
J-010949,2026-05-08,South,T-02,694.48,419.57
J-010950,2026-05-08,South,T-06,1232.58,764.4
J-010951,2026-05-08,North,T-01,1260.49,813.84
J-010952,2026-05-08,West,T-11,457.35,304.94
J-010953,2026-05-08,South,T-04,591.19,424.96
J-010954,2026-05-08,South,T-06,390.37,220.54
J-010955,2026-05-08,South,T-12,227.68,144.47
J-010956,2026-05-08,West,T-11,668.1,444.43
J-010957,2026-05-08,North,T-06,1056.59,713.14
J-010958,2026-05-09,West,T-10,649.86,498.21
J-010959,2026-05-09,East,T-06,1461.89,781.65
J-010960,2026-05-09,South,T-09,1092.95,703.12
J-010961,2026-05-09,West,T-10,575.81,366.66
J-010962,2026-05-09,South,T-06,388.38,236.72
J-010963,2026-05-09,West,T-10,905.74,517.66
J-010964,2026-05-09,North,T-05,835.71,558.08
J-010965,2026-05-09,North,T-10,722.65,466.17
J-010966,2026-05-09,South,T-10,414.08,285.41
J-010967,2026-05-10,South,T-12,249.35,152.48
J-010968,2026-05-10,North,T-04,521.44,286.96
J-010969,2026-05-10,South,T-01,380.02,253.0
J-010970,2026-05-10,North,T-04,464.51,339.83
J-010971,2026-05-10,West,T-07,478.81,299.46
J-010972,2026-05-11,North,T-02,1082.81,748.58
J-010973,2026-05-11,West,T-12,291.68,190.71
J-010974,2026-05-11,South,T-03,742.4,384.73
J-010975,2026-05-11,West,T-08,777.05,532.64
J-010976,2026-05-11,North,T-07,593.98,356.22
J-010977,2026-05-11,East,T-04,733.98,515.99
J-010978,2026-05-11,South,T-07,371.81,269.07
J-010979,2026-05-11,South,T-09,1068.02,700.39
J-010980,2026-05-11,West,T-01,233.25,141.25
J-010981,2026-05-11,North,T-02,1777.81,1135.2
J-010982,2026-05-11,West,T-01,659.85,466.23
J-010983,2026-05-11,East,T-10,359.15,250.62
J-010984,2026-05-11,North,T-01,974.6,591.78
J-010985,2026-05-11,West,T-01,521.78,324.24
J-010986,2026-05-11,East,T-12,1181.05,768.37
J-010987,2026-05-11,West,T-09,687.1,402.27
J-010988,2026-05-12,North,T-10,263.58,147.3
J-010989,2026-05-12,East,T-05,1253.89,705.87
J-010990,2026-05-12,West,T-12,1040.17,647.29
J-010991,2026-05-12,East,T-03,744.09,570.52
J-010992,2026-05-12,South,T-08,2111.79,1386.75
J-010993,2026-05-12,North,T-04,863.47,576.61
J-010994,2026-05-12,South,T-01,526.33,364.7
J-010995,2026-05-12,West,T-04,1324.36,846.71
J-010996,2026-05-12,South,T-09,644.42,399.99
J-010997,2026-05-12,West,T-02,630.07,399.31
J-010998,2026-05-12,East,T-10,731.39,558.64
J-010999,2026-05-12,South,T-06,1139.74,722.59
J-011000,2026-05-12,North,T-08,1421.0,886.92
J-011001,2026-05-12,South,T-01,678.62,418.46
J-011002,2026-05-12,South,T-05,682.02,458.61
J-011003,2026-05-12,North,T-04,717.93,421.66
J-011004,2026-05-12,South,T-07,827.99,440.88
J-011005,2026-05-12,North,T-02,470.4,325.96
J-011006,2026-05-12,West,T-11,530.62,364.79
J-011007,2026-05-12,South,T-11,870.34,614.79
J-011008,2026-05-12,South,T-05,914.2,564.8
J-011009,2026-05-12,North,T-01,579.53,396.32
J-011010,2026-05-12,West,T-05,926.39,702.15
J-011011,2026-05-12,East,T-10,120.96,93.23
J-011012,2026-05-12,North,T-05,463.71,331.77
J-011013,2026-05-12,West,T-07,510.36,328.67
J-011014,2026-05-13,South,T-07,638.12,442.74
J-011015,2026-05-13,South,T-09,345.02,207.62
J-011016,2026-05-13,East,T-06,286.68,187.53
J-011017,2026-05-13,West,T-08,453.15,272.29
J-011018,2026-05-13,North,T-10,1112.08,652.43
J-011019,2026-05-13,North,T-09,464.27,325.19
J-011020,2026-05-13,West,T-10,811.57,575.82
J-011021,2026-05-13,West,T-09,424.45,270.8
J-011022,2026-05-13,East,T-06,1128.73,724.61
J-011023,2026-05-13,North,T-09,820.76,527.6
J-011024,2026-05-13,North,T-12,628.69,428.52
J-011025,2026-05-13,East,T-12,745.47,531.94
J-011026,2026-05-13,South,T-02,551.37,343.85
J-011027,2026-05-13,North,T-04,335.21,213.94
J-011028,2026-05-13,East,T-08,1057.87,692.19
J-011029,2026-05-13,West,T-02,351.56,267.76
J-011030,2026-05-13,North,T-12,895.98,587.64
J-011031,2026-05-13,North,T-09,1119.22,723.51
J-011032,2026-05-13,West,T-04,645.93,427.11
J-011033,2026-05-13,North,T-01,859.52,559.63
J-011034,2026-05-13,North,T-07,291.23,172.45
J-011035,2026-05-13,North,T-05,1058.58,676.18
J-011036,2026-05-13,East,T-03,956.05,600.32
J-011037,2026-05-13,South,T-10,825.24,625.12
J-011038,2026-05-13,West,T-04,560.58,439.94
J-011039,2026-05-14,West,T-03,627.58,387.92
J-011040,2026-05-14,South,T-06,903.51,616.66
J-011041,2026-05-14,West,T-03,1375.53,694.57
J-011042,2026-05-14,North,T-10,676.96,414.94
J-011043,2026-05-14,East,T-10,866.64,630.41
J-011044,2026-05-14,West,T-05,653.29,461.28
J-011045,2026-05-14,West,T-03,935.65,571.3
J-011046,2026-05-14,East,T-09,515.18,356.48
J-011047,2026-05-14,South,T-07,1217.34,707.75
J-011048,2026-05-14,North,T-04,688.12,366.04
J-011049,2026-05-14,East,T-02,1291.9,868.15
J-011050,2026-05-14,East,T-01,1270.59,781.36
J-011051,2026-05-14,West,T-03,833.63,542.09
J-011052,2026-05-14,East,T-09,805.34,511.24
J-011053,2026-05-14,North,T-08,612.22,398.78
J-011054,2026-05-14,East,T-03,430.12,268.28
J-011055,2026-05-14,South,T-02,601.39,450.9
J-011056,2026-05-14,East,T-04,550.29,372.49
J-011057,2026-05-14,East,T-04,1012.7,543.61
J-011058,2026-05-14,North,T-05,2042.06,1276.49
J-011059,2026-05-14,West,T-07,851.68,506.04
J-011060,2026-05-14,East,T-01,314.37,176.36
J-011061,2026-05-14,South,T-10,872.19,623.61
J-011062,2026-05-14,South,T-04,1295.47,796.23
J-011063,2026-05-14,South,T-11,658.41,439.18
J-011064,2026-05-14,West,T-04,595.14,379.76
J-011065,2026-05-14,South,T-01,543.15,364.1
J-011066,2026-05-14,East,T-12,1666.57,1005.93
J-011067,2026-05-15,West,T-09,600.99,376.33
J-011068,2026-05-15,East,T-02,824.67,494.6
J-011069,2026-05-15,East,T-10,701.24,357.59
J-011070,2026-05-15,West,T-11,825.91,550.17
J-011071,2026-05-15,East,T-10,869.92,595.54
J-011072,2026-05-15,West,T-02,1993.78,1318.23
J-011073,2026-05-15,South,T-04,446.55,280.24
J-011074,2026-05-15,East,T-02,1695.64,1045.53
J-011075,2026-05-15,East,T-03,387.35,298.64
J-011076,2026-05-15,North,T-08,635.35,321.44
J-011077,2026-05-15,North,T-05,708.57,434.21
J-011078,2026-05-15,North,T-04,836.63,592.42
J-011079,2026-05-15,West,T-05,941.01,572.79
J-011080,2026-05-15,North,T-10,387.54,243.23
J-011081,2026-05-15,North,T-09,1081.35,597.78
J-011082,2026-05-15,South,T-10,198.27,112.53
J-011083,2026-05-15,West,T-05,849.12,536.65
J-011084,2026-05-15,East,T-05,374.53,245.51
J-011085,2026-05-15,South,T-05,924.25,493.35
J-011086,2026-05-15,North,T-02,936.93,582.99
J-011087,2026-05-15,South,T-11,1183.19,866.05
J-011088,2026-05-15,North,T-12,781.72,517.76
J-011089,2026-05-15,North,T-03,1709.19,994.26
J-011090,2026-05-15,South,T-01,970.01,583.1
J-011091,2026-05-15,South,T-07,540.49,401.16
J-011092,2026-05-15,East,T-04,1002.07,575.86
J-011093,2026-05-15,South,T-10,263.05,171.39
J-011094,2026-05-16,East,T-02,440.37,287.86
J-011095,2026-05-16,North,T-07,481.14,345.43
J-011096,2026-05-16,East,T-11,448.45,270.42
J-011097,2026-05-16,East,T-12,624.86,393.42
J-011098,2026-05-16,West,T-08,1363.11,860.34
J-011099,2026-05-16,West,T-11,748.26,529.14
J-011100,2026-05-16,East,T-01,688.11,419.97
J-011101,2026-05-16,West,T-10,547.3,329.24
J-011102,2026-05-16,West,T-12,1290.16,861.88
J-011103,2026-05-16,North,T-04,383.65,232.33
J-011104,2026-05-16,East,T-11,993.5,558.01
J-011105,2026-05-16,East,T-03,618.86,459.23
J-011106,2026-05-16,West,T-08,1067.36,785.1
J-011107,2026-05-16,West,T-08,953.39,558.86
J-011108,2026-05-16,East,T-02,439.4,287.16
J-011109,2026-05-16,North,T-02,770.7,478.67
J-011110,2026-05-16,East,T-04,420.98,305.69
J-011111,2026-05-16,South,T-05,414.49,295.17
J-011112,2026-05-16,South,T-09,803.16,437.93
J-011113,2026-05-16,East,T-08,555.35,384.34
J-011114,2026-05-17,East,T-03,616.64,396.13
J-011115,2026-05-17,South,T-01,1026.8,739.69
J-011116,2026-05-17,East,T-02,436.84,251.22
J-011117,2026-05-17,West,T-06,2109.85,1340.33
J-011118,2026-05-17,North,T-12,730.26,426.54
J-011119,2026-05-17,East,T-11,395.77,267.59
J-011120,2026-05-17,North,T-12,546.3,395.49
J-011121,2026-05-17,West,T-08,2180.88,1290.31
J-011122,2026-05-17,North,T-01,801.03,553.21
J-011123,2026-05-17,North,T-07,1882.94,1287.74
J-011124,2026-05-17,South,T-04,509.11,365.34
J-011125,2026-05-17,South,T-10,1123.43,505.7
J-011126,2026-05-17,North,T-07,625.62,401.15
J-011127,2026-05-18,South,T-12,1240.21,806.75
J-011128,2026-05-18,East,T-06,703.32,467.71
J-011129,2026-05-18,South,T-05,946.11,506.03
J-011130,2026-05-18,West,T-06,1351.03,988.06
J-011131,2026-05-18,South,T-07,318.25,218.21
J-011132,2026-05-18,North,T-12,986.76,685.78
J-011133,2026-05-18,East,T-11,848.95,646.04
J-011134,2026-05-18,West,T-08,546.89,297.44
J-011135,2026-05-18,East,T-09,435.36,235.68
J-011136,2026-05-18,North,T-03,459.82,312.92
J-011137,2026-05-18,South,T-11,581.78,399.11
J-011138,2026-05-18,West,T-05,730.95,455.45
J-011139,2026-05-18,North,T-10,913.87,576.31
J-011140,2026-05-18,West,T-07,424.55,212.3
J-011141,2026-05-18,North,T-11,1409.28,1021.2
J-011142,2026-05-18,North,T-01,457.98,337.75
J-011143,2026-05-18,East,T-01,693.53,514.16
J-011144,2026-05-18,West,T-05,1214.41,782.47
J-011145,2026-05-18,South,T-09,1450.19,706.68
J-011146,2026-05-18,West,T-05,613.07,396.52
J-011147,2026-05-18,East,T-03,762.31,505.5
J-011148,2026-05-18,North,T-08,641.17,406.58
J-011149,2026-05-19,North,T-04,424.49,304.02
J-011150,2026-05-19,West,T-10,828.83,524.75
J-011151,2026-05-19,East,T-04,1063.62,686.65
J-011152,2026-05-19,South,T-07,381.85,264.77
J-011153,2026-05-19,West,T-11,117.17,79.9
J-011154,2026-05-19,North,T-04,1362.22,869.8
J-011155,2026-05-19,North,T-02,1012.74,604.78
J-011156,2026-05-19,South,T-07,803.01,497.88
J-011157,2026-05-19,North,T-02,388.44,230.25
J-011158,2026-05-19,East,T-03,747.49,411.51
J-011159,2026-05-19,South,T-05,442.02,251.73
J-011160,2026-05-19,East,T-05,816.14,448.31
J-011161,2026-05-19,North,T-09,1087.92,688.52
J-011162,2026-05-19,North,T-11,701.59,398.06
J-011163,2026-05-19,North,T-09,1149.11,746.11
J-011164,2026-05-19,East,T-05,626.52,398.74
J-011165,2026-05-19,South,T-09,1019.01,682.62
J-011166,2026-05-19,East,T-05,346.72,244.54
J-011167,2026-05-19,South,T-09,447.38,265.69
J-011168,2026-05-19,South,T-03,358.78,244.06
J-011169,2026-05-19,North,T-11,799.43,499.35
J-011170,2026-05-19,East,T-05,525.11,291.71
J-011171,2026-05-19,North,T-07,1125.76,803.97
J-011172,2026-05-19,North,T-01,680.14,475.14
J-011173,2026-05-19,West,T-11,778.53,540.99
J-011174,2026-05-19,West,T-10,759.68,483.91
J-011175,2026-05-19,East,T-02,727.18,440.51
J-011176,2026-05-19,South,T-05,1174.44,714.32
J-011177,2026-05-19,West,T-11,611.62,395.63
J-011178,2026-05-19,North,T-07,1168.14,590.91
J-011179,2026-05-19,South,T-08,1256.41,832.29
J-011180,2026-05-19,South,T-06,505.22,316.18
J-011181,2026-05-19,West,T-07,685.78,480.79
J-011182,2026-05-19,North,T-07,663.24,467.41
J-011183,2026-05-19,South,T-06,1479.71,1007.53
J-011184,2026-05-19,East,T-03,538.94,327.8
J-011185,2026-05-20,West,T-11,373.43,225.51
J-011186,2026-05-20,South,T-03,911.97,653.03
J-011187,2026-05-20,West,T-06,454.05,250.56
J-011188,2026-05-20,East,T-11,655.1,420.31
J-011189,2026-05-20,West,T-04,772.09,540.32
J-011190,2026-05-20,East,T-01,901.65,564.11
J-011191,2026-05-20,East,T-09,639.98,395.53
J-011192,2026-05-20,West,T-10,701.96,437.44
J-011193,2026-05-20,North,T-08,420.8,289.6
J-011194,2026-05-20,North,T-08,856.6,574.5
J-011195,2026-05-20,East,T-08,928.78,629.75
J-011196,2026-05-20,South,T-08,661.76,399.43
J-011197,2026-05-20,East,T-07,678.44,474.41
J-011198,2026-05-20,North,T-11,603.76,319.66
J-011199,2026-05-20,North,T-04,283.74,178.88
J-011200,2026-05-20,West,T-08,696.28,447.18
J-011201,2026-05-20,West,T-03,644.02,513.25
J-011202,2026-05-20,South,T-11,335.99,228.3
J-011203,2026-05-20,South,T-02,371.38,207.52
J-011204,2026-05-20,East,T-03,424.16,282.21
J-011205,2026-05-20,North,T-11,468.59,316.83
J-011206,2026-05-20,West,T-01,222.63,132.66
J-011207,2026-05-20,West,T-06,847.41,568.63
J-011208,2026-05-20,North,T-07,460.6,358.8
J-011209,2026-05-20,East,T-07,335.06,228.11
J-011210,2026-05-20,North,T-05,2668.62,1669.34
J-011211,2026-05-20,West,T-02,273.08,191.67
J-011212,2026-05-20,South,T-03,721.54,485.5
J-011213,2026-05-20,North,T-05,518.44,280.12
J-011214,2026-05-20,North,T-01,494.84,336.04
J-011215,2026-05-20,South,T-03,900.26,569.19
J-011216,2026-05-20,North,T-02,531.87,358.61
J-011217,2026-05-20,West,T-10,576.72,406.06
J-011218,2026-05-20,South,T-06,931.28,644.79
J-011219,2026-05-20,South,T-01,587.82,349.69
J-011220,2026-05-20,East,T-12,897.79,597.19
J-011221,2026-05-20,East,T-02,627.92,447.12
J-011222,2026-05-21,East,T-09,313.82,188.29
J-011223,2026-05-21,North,T-02,1459.77,903.96
J-011224,2026-05-21,South,T-06,518.7,354.01
J-011225,2026-05-21,North,T-11,587.25,347.69
J-011226,2026-05-21,East,T-06,1261.28,714.08
J-011227,2026-05-21,North,T-02,789.65,535.12
J-011228,2026-05-21,South,T-05,842.52,581.4
J-011229,2026-05-21,East,T-09,391.83,207.54
J-011230,2026-05-21,North,T-05,373.25,209.17
J-011231,2026-05-21,West,T-08,1042.79,706.58
J-011232,2026-05-21,West,T-07,1858.42,1255.71
J-011233,2026-05-21,North,T-02,722.59,449.92
J-011234,2026-05-21,West,T-10,732.7,396.44
J-011235,2026-05-21,East,T-08,516.32,345.51
J-011236,2026-05-21,East,T-10,502.16,288.22
J-011237,2026-05-21,North,T-11,623.53,402.91
J-011238,2026-05-21,East,T-04,634.74,393.94
J-011239,2026-05-21,South,T-03,708.84,530.65
J-011240,2026-05-21,West,T-03,1417.1,1013.83
J-011241,2026-05-21,North,T-03,665.8,394.81
J-011242,2026-05-21,West,T-09,1517.82,887.59
J-011243,2026-05-21,North,T-06,673.98,394.78
J-011244,2026-05-21,South,T-01,834.66,495.07
J-011245,2026-05-21,North,T-09,638.43,320.29
J-011246,2026-05-21,East,T-07,361.46,215.59
J-011247,2026-05-21,North,T-05,695.9,472.29
J-011248,2026-05-22,South,T-11,155.23,100.48
J-011249,2026-05-22,West,T-11,614.54,417.66
J-011250,2026-05-22,East,T-01,429.15,292.61
J-011251,2026-05-22,North,T-07,1904.58,1161.57
J-011252,2026-05-22,East,T-10,1327.3,952.96
J-011253,2026-05-22,North,T-11,780.12,558.9
J-011254,2026-05-22,North,T-09,704.24,419.1
J-011255,2026-05-22,East,T-10,458.68,303.82
J-011256,2026-05-22,East,T-02,457.36,288.32
J-011257,2026-05-22,North,T-06,437.19,300.21
J-011258,2026-05-22,North,T-03,507.11,363.34
J-011259,2026-05-22,South,T-08,833.61,561.73
J-011260,2026-05-22,South,T-10,860.88,556.5
J-011261,2026-05-22,West,T-06,663.85,379.45
J-011262,2026-05-22,North,T-08,452.13,307.86
J-011263,2026-05-22,North,T-11,533.8,286.78
J-011264,2026-05-22,West,T-12,864.63,526.56
J-011265,2026-05-22,North,T-04,340.44,209.16
J-011266,2026-05-22,East,T-11,465.38,319.97
J-011267,2026-05-22,North,T-07,780.98,486.47
J-011268,2026-05-22,North,T-01,580.51,403.58
J-011269,2026-05-22,West,T-07,834.75,509.32
J-011270,2026-05-22,West,T-10,662.33,420.57
J-011271,2026-05-22,West,T-01,2217.58,1493.26
J-011272,2026-05-22,East,T-08,530.63,366.04
J-011273,2026-05-22,West,T-01,539.81,334.56
J-011274,2026-05-23,West,T-01,639.63,330.68
J-011275,2026-05-23,East,T-11,364.62,245.14
J-011276,2026-05-23,West,T-08,494.25,346.59
J-011277,2026-05-23,South,T-02,983.36,649.55
J-011278,2026-05-23,East,T-03,867.26,532.15
J-011279,2026-05-23,South,T-09,702.03,521.73
J-011280,2026-05-23,North,T-07,633.06,396.78
J-011281,2026-05-23,North,T-03,282.65,186.66
J-011282,2026-05-23,East,T-06,409.18,275.4
J-011283,2026-05-23,North,T-11,497.75,291.27
J-011284,2026-05-23,East,T-02,580.75,392.28
J-011285,2026-05-23,North,T-02,348.97,231.26
J-011286,2026-05-23,East,T-11,559.31,301.13
J-011287,2026-05-24,East,T-04,600.41,381.55
J-011288,2026-05-24,North,T-11,642.16,394.64
J-011289,2026-05-24,West,T-09,1242.18,634.73
J-011290,2026-05-24,West,T-01,460.65,283.7
J-011291,2026-05-24,South,T-05,404.2,279.22
J-011292,2026-05-24,East,T-02,952.56,639.84
J-011293,2026-05-24,South,T-04,744.13,503.95
J-011294,2026-05-24,East,T-10,485.19,326.31
J-011295,2026-05-25,West,T-01,1145.06,716.11
J-011296,2026-05-25,East,T-12,1052.69,628.04
J-011297,2026-05-25,North,T-02,756.58,421.31
J-011298,2026-05-25,East,T-02,334.63,214.33
J-011299,2026-05-25,East,T-08,1195.32,842.77
J-011300,2026-05-25,South,T-02,896.94,541.42
J-011301,2026-05-25,East,T-05,435.56,326.82
J-011302,2026-05-25,West,T-07,1141.68,761.96
J-011303,2026-05-25,East,T-05,635.36,416.75
J-011304,2026-05-25,South,T-10,904.79,537.27
J-011305,2026-05-25,East,T-06,283.8,175.05
J-011306,2026-05-25,North,T-04,588.12,399.63
J-011307,2026-05-25,North,T-08,758.19,468.81
J-011308,2026-05-25,North,T-04,616.88,376.18
J-011309,2026-05-25,North,T-11,1220.15,710.66
J-011310,2026-05-25,South,T-01,384.51,216.62
J-011311,2026-05-25,South,T-01,1147.52,779.19
J-011312,2026-05-25,South,T-08,1322.14,885.33
J-011313,2026-05-25,East,T-12,631.92,383.15
J-011314,2026-05-25,East,T-10,565.55,390.74
J-011315,2026-05-25,South,T-04,1435.19,817.52
J-011316,2026-05-25,South,T-07,394.94,221.73
J-011317,2026-05-25,South,T-05,553.14,348.29
J-011318,2026-05-25,North,T-08,539.84,364.46
J-011319,2026-05-25,South,T-02,292.27,212.76
J-011320,2026-05-25,South,T-04,1153.79,735.12
J-011321,2026-05-25,South,T-12,266.13,183.38
J-011322,2026-05-25,South,T-07,446.28,279.76
J-011323,2026-05-26,West,T-02,384.73,254.5
J-011324,2026-05-26,North,T-01,868.89,534.17
J-011325,2026-05-26,South,T-09,297.35,191.64
J-011326,2026-05-26,North,T-12,386.32,272.51
J-011327,2026-05-26,East,T-12,915.07,652.33
J-011328,2026-05-26,West,T-10,626.41,439.19
J-011329,2026-05-26,West,T-05,1085.47,625.99
J-011330,2026-05-26,West,T-05,629.16,363.7
J-011331,2026-05-26,East,T-07,1078.72,786.67
J-011332,2026-05-26,West,T-12,771.09,514.27
J-011333,2026-05-26,North,T-02,882.19,569.22
J-011334,2026-05-26,North,T-02,824.92,490.76
J-011335,2026-05-26,North,T-07,658.64,403.67
J-011336,2026-05-26,West,T-07,775.38,519.03
J-011337,2026-05-26,North,T-11,102.1,59.98
J-011338,2026-05-26,South,T-05,1042.94,724.53
J-011339,2026-05-26,North,T-08,506.14,324.22
J-011340,2026-05-26,North,T-05,210.93,125.71
J-011341,2026-05-26,North,T-02,193.05,117.82
J-011342,2026-05-26,East,T-06,532.78,355.47
J-011343,2026-05-26,West,T-02,291.89,192.88
J-011344,2026-05-26,South,T-08,955.0,600.0
J-011345,2026-05-26,East,T-09,513.86,336.29
J-011346,2026-05-26,East,T-08,487.98,262.11
J-011347,2026-05-26,North,T-06,1271.17,824.1
J-011348,2026-05-26,North,T-04,1068.19,664.52
J-011349,2026-05-26,North,T-07,558.05,363.31
J-011350,2026-05-26,West,T-09,904.91,662.3
J-011351,2026-05-26,East,T-10,716.28,422.18
J-011352,2026-05-27,South,T-01,900.04,617.16
J-011353,2026-05-27,East,T-05,1124.57,785.17
J-011354,2026-05-27,West,T-09,342.36,189.53
J-011355,2026-05-27,North,T-12,415.35,237.75
J-011356,2026-05-27,East,T-07,2107.05,1313.95
J-011357,2026-05-27,North,T-08,460.29,248.68
J-011358,2026-05-27,North,T-01,473.24,257.44
J-011359,2026-05-27,North,T-08,574.61,314.59
J-011360,2026-05-27,West,T-03,1237.64,612.36
J-011361,2026-05-27,East,T-03,342.65,205.88
J-011362,2026-05-27,South,T-10,536.23,316.52
J-011363,2026-05-27,North,T-09,215.34,130.63
J-011364,2026-05-27,South,T-05,1179.92,627.5
J-011365,2026-05-27,West,T-04,653.75,388.95
J-011366,2026-05-27,West,T-04,464.6,319.89
J-011367,2026-05-27,West,T-05,1797.64,1162.35
J-011368,2026-05-27,South,T-04,1600.32,1025.19
J-011369,2026-05-27,East,T-10,891.03,535.78
J-011370,2026-05-27,North,T-03,980.64,662.74
J-011371,2026-05-27,North,T-09,778.45,543.07
J-011372,2026-05-27,West,T-08,158.6,108.55
J-011373,2026-05-27,West,T-04,465.94,294.8
J-011374,2026-05-27,North,T-03,312.8,184.25
J-011375,2026-05-27,South,T-03,1897.75,1131.81
J-011376,2026-05-27,East,T-05,1058.65,661.75
J-011377,2026-05-27,South,T-09,421.38,318.66
J-011378,2026-05-27,North,T-01,334.25,229.97
J-011379,2026-05-27,North,T-07,369.81,258.81
J-011380,2026-05-27,North,T-10,928.12,580.36
J-011381,2026-05-27,North,T-04,632.73,417.8
J-011382,2026-05-27,East,T-12,639.27,375.62
J-011383,2026-05-27,West,T-07,343.78,245.29
J-011384,2026-05-27,East,T-09,341.09,211.98
J-011385,2026-05-27,North,T-12,1946.36,1165.16
J-011386,2026-05-27,West,T-06,1201.98,726.44
J-011387,2026-05-27,East,T-11,1859.72,1231.19
J-011388,2026-05-27,South,T-12,860.89,554.33
J-011389,2026-05-28,North,T-10,346.6,222.51
J-011390,2026-05-28,East,T-07,552.82,350.19
J-011391,2026-05-28,South,T-12,487.59,302.11
J-011392,2026-05-28,West,T-04,405.09,277.67
J-011393,2026-05-28,South,T-11,447.03,307.89
J-011394,2026-05-28,South,T-05,570.47,378.09
J-011395,2026-05-28,East,T-12,754.87,488.58
J-011396,2026-05-28,West,T-09,624.02,363.39
J-011397,2026-05-28,East,T-12,650.17,454.7
J-011398,2026-05-28,West,T-07,779.27,548.87
J-011399,2026-05-28,North,T-11,597.75,453.31
J-011400,2026-05-28,East,T-01,399.18,266.33
J-011401,2026-05-28,East,T-03,481.75,233.0
J-011402,2026-05-28,North,T-11,1331.71,809.28
J-011403,2026-05-28,South,T-12,378.56,227.97
J-011404,2026-05-28,East,T-03,348.78,222.08
J-011405,2026-05-28,South,T-06,985.22,722.3
J-011406,2026-05-28,North,T-08,543.2,343.59
J-011407,2026-05-28,East,T-01,611.0,412.7
J-011408,2026-05-28,East,T-12,648.62,368.24
J-011409,2026-05-28,North,T-11,716.92,505.78
J-011410,2026-05-28,North,T-09,688.04,431.87
J-011411,2026-05-28,South,T-10,522.18,383.28
J-011412,2026-05-28,South,T-09,662.53,460.26
J-011413,2026-05-28,East,T-03,724.83,364.53
J-011414,2026-05-28,South,T-05,1058.31,558.73
J-011415,2026-05-28,South,T-02,1101.23,667.99
J-011416,2026-05-28,North,T-07,560.89,398.25
J-011417,2026-05-28,East,T-01,663.12,434.41
J-011418,2026-05-28,North,T-10,1103.82,702.83
J-011419,2026-05-28,North,T-05,708.23,481.11
J-011420,2026-05-29,South,T-06,757.94,509.67
J-011421,2026-05-29,West,T-03,410.66,276.09
J-011422,2026-05-29,East,T-07,397.56,254.12
J-011423,2026-05-29,North,T-04,418.65,304.33
J-011424,2026-05-29,South,T-11,201.92,126.14
J-011425,2026-05-29,South,T-12,971.08,615.35
J-011426,2026-05-29,North,T-12,1093.81,790.58
J-011427,2026-05-29,West,T-09,615.09,312.7
J-011428,2026-05-29,South,T-03,1047.96,640.46
J-011429,2026-05-29,North,T-09,790.06,473.85
J-011430,2026-05-29,East,T-04,640.17,427.7
J-011431,2026-05-29,South,T-06,852.36,592.8
J-011432,2026-05-29,South,T-01,385.1,217.7
J-011433,2026-05-29,South,T-03,397.28,256.63
J-011434,2026-05-29,East,T-06,652.03,454.93
J-011435,2026-05-29,South,T-07,1144.94,799.26
J-011436,2026-05-29,West,T-05,1187.62,763.31
J-011437,2026-05-29,South,T-01,547.92,346.37
J-011438,2026-05-29,North,T-10,611.01,347.33
J-011439,2026-05-29,North,T-12,305.96,203.42
J-011440,2026-05-29,West,T-07,1059.14,622.97
J-011441,2026-05-29,East,T-12,324.24,227.42
J-011442,2026-05-29,South,T-02,1500.24,921.95
J-011443,2026-05-29,East,T-03,277.09,159.09
J-011444,2026-05-29,North,T-03,396.8,251.98
J-011445,2026-05-29,North,T-03,475.11,307.72
J-011446,2026-05-29,North,T-05,1170.32,775.74
J-011447,2026-05-29,North,T-11,1102.72,661.86
J-011448,2026-05-29,West,T-02,523.55,335.99
J-011449,2026-05-29,North,T-09,1009.1,741.66
J-011450,2026-05-29,East,T-05,777.24,436.46
J-011451,2026-05-29,East,T-06,720.56,424.99
J-011452,2026-05-29,East,T-09,518.18,304.75
J-011453,2026-05-29,South,T-05,199.64,129.11
J-011454,2026-05-29,West,T-09,605.55,375.12
J-011455,2026-05-29,North,T-06,947.25,638.83
J-011456,2026-05-30,East,T-09,738.5,443.55
J-011457,2026-05-30,South,T-05,760.38,466.79
J-011458,2026-05-30,West,T-06,958.16,690.54
J-011459,2026-05-30,East,T-03,706.73,474.62
J-011460,2026-05-30,North,T-07,700.49,393.32
J-011461,2026-05-30,South,T-11,856.38,490.21
J-011462,2026-05-30,North,T-03,608.97,434.0
J-011463,2026-05-30,South,T-03,688.87,443.89
J-011464,2026-05-31,West,T-12,298.89,178.14
J-011465,2026-05-31,West,T-08,322.28,183.51
J-011466,2026-05-31,South,T-09,778.02,469.37
J-011467,2026-05-31,North,T-02,444.67,271.91
J-011468,2026-05-31,South,T-02,1830.74,1168.58
J-011469,2026-05-31,West,T-01,195.12,127.69
J-011470,2026-06-01,West,T-10,730.19,502.28
J-011471,2026-06-01,North,T-08,689.24,469.06
J-011472,2026-06-01,South,T-03,901.65,569.76
J-011473,2026-06-01,West,T-03,879.95,474.78
J-011474,2026-06-01,North,T-12,1013.27,666.46
J-011475,2026-06-01,East,T-03,920.14,576.65
J-011476,2026-06-01,South,T-11,1008.82,589.88
J-011477,2026-06-01,West,T-07,318.07,209.21
J-011478,2026-06-01,East,T-10,745.56,467.91
J-011479,2026-06-01,North,T-11,369.03,221.0
J-011480,2026-06-01,South,T-04,1675.64,899.54
J-011481,2026-06-01,South,T-04,366.44,212.05
J-011482,2026-06-01,North,T-05,1078.71,728.45
J-011483,2026-06-01,East,T-11,2632.72,1682.3
J-011484,2026-06-01,North,T-06,454.74,276.49
J-011485,2026-06-01,North,T-12,904.75,649.1
J-011486,2026-06-01,West,T-02,792.23,527.66
J-011487,2026-06-01,South,T-12,404.53,271.99
J-011488,2026-06-01,North,T-06,922.06,656.47
J-011489,2026-06-01,South,T-01,331.19,185.85
J-011490,2026-06-01,West,T-01,667.82,426.77
J-011491,2026-06-01,North,T-03,955.0,567.61
J-011492,2026-06-01,North,T-12,1048.9,629.79
J-011493,2026-06-01,South,T-09,976.05,612.96
J-011494,2026-06-01,North,T-02,469.87,281.25
J-011495,2026-06-01,West,T-06,2856.26,1493.43
J-011496,2026-06-01,East,T-09,483.66,299.34
J-011497,2026-06-01,West,T-10,1139.41,710.53
J-011498,2026-06-01,South,T-12,502.25,336.35
J-011499,2026-06-01,South,T-07,419.64,239.83
J-011500,2026-06-01,North,T-05,474.79,269.21
J-011501,2026-06-01,North,T-09,882.46,547.13
J-011502,2026-06-01,East,T-05,918.59,603.25
J-011503,2026-06-01,North,T-04,1031.38,584.75
J-011504,2026-06-01,North,T-09,822.92,557.82
J-011505,2026-06-02,North,T-02,421.59,271.81
J-011506,2026-06-02,North,T-02,243.81,170.78
J-011507,2026-06-02,South,T-08,378.92,215.47
J-011508,2026-06-02,South,T-02,463.07,293.2
J-011509,2026-06-02,East,T-10,597.58,435.36
J-011510,2026-06-02,South,T-01,611.68,407.33
J-011511,2026-06-02,North,T-10,287.6,164.22
J-011512,2026-06-02,East,T-07,1798.64,1266.15
J-011513,2026-06-02,North,T-09,647.97,401.0
J-011514,2026-06-02,East,T-08,701.57,402.56
J-011515,2026-06-02,South,T-05,630.87,418.78
J-011516,2026-06-02,North,T-08,586.57,359.9
J-011517,2026-06-02,North,T-11,389.03,232.0
J-011518,2026-06-02,North,T-03,821.23,540.77
J-011519,2026-06-02,West,T-05,1801.75,1108.96
J-011520,2026-06-02,North,T-09,605.62,461.84
J-011521,2026-06-02,South,T-11,606.63,374.01
J-011522,2026-06-02,South,T-03,562.74,340.0
J-011523,2026-06-02,North,T-03,480.52,358.63
J-011524,2026-06-02,North,T-07,517.16,313.87
J-011525,2026-06-02,South,T-11,1663.32,1093.56
J-011526,2026-06-02,South,T-02,436.71,282.18
J-011527,2026-06-02,North,T-10,1236.15,735.61
J-011528,2026-06-02,East,T-09,479.59,300.64
J-011529,2026-06-02,East,T-10,578.71,391.01
J-011530,2026-06-02,South,T-12,674.53,475.72
J-011531,2026-06-02,East,T-08,602.64,332.55
J-011532,2026-06-03,East,T-04,1099.0,662.16
J-011533,2026-06-03,South,T-01,485.17,311.3
J-011534,2026-06-03,South,T-09,747.06,475.97
J-011535,2026-06-03,South,T-11,525.75,353.1
J-011536,2026-06-03,West,T-12,490.69,341.58
J-011537,2026-06-03,West,T-02,659.12,446.01
J-011538,2026-06-03,North,T-05,792.21,531.85
J-011539,2026-06-03,North,T-06,1231.61,712.05
J-011540,2026-06-03,South,T-12,400.97,277.58
J-011541,2026-06-03,North,T-03,1319.07,892.7
J-011542,2026-06-03,South,T-07,777.32,591.85
J-011543,2026-06-03,North,T-08,634.66,398.74
J-011544,2026-06-03,West,T-01,561.56,325.29
J-011545,2026-06-03,West,T-05,1016.52,652.18
J-011546,2026-06-03,West,T-10,601.28,386.72
J-011547,2026-06-03,East,T-09,394.04,218.11
J-011548,2026-06-03,North,T-12,405.38,278.03
J-011549,2026-06-03,North,T-05,1027.5,622.74
J-011550,2026-06-03,East,T-04,501.54,360.85
J-011551,2026-06-03,East,T-11,326.06,236.86
J-011552,2026-06-03,East,T-08,783.23,574.0
J-011553,2026-06-03,South,T-03,835.74,577.67
J-011554,2026-06-03,East,T-09,1130.89,683.2
J-011555,2026-06-03,South,T-07,1693.57,978.44
J-011556,2026-06-03,South,T-10,528.56,315.25
J-011557,2026-06-03,East,T-11,861.96,583.72
J-011558,2026-06-03,North,T-07,551.66,390.11
J-011559,2026-06-03,West,T-07,518.77,360.95
J-011560,2026-06-03,South,T-05,530.75,375.47
J-011561,2026-06-03,South,T-07,765.37,436.28
J-011562,2026-06-03,East,T-04,430.9,260.22
J-011563,2026-06-03,South,T-01,1265.6,729.69
J-011564,2026-06-03,South,T-12,554.18,373.06
J-011565,2026-06-03,East,T-04,907.41,505.95
J-011566,2026-06-04,East,T-05,1080.04,689.02
J-011567,2026-06-04,East,T-08,765.59,411.62
J-011568,2026-06-04,South,T-01,992.53,587.62
J-011569,2026-06-04,West,T-01,353.24,229.24
J-011570,2026-06-04,East,T-05,504.75,294.16
J-011571,2026-06-04,East,T-05,1322.82,826.8
J-011572,2026-06-04,North,T-05,397.71,238.48
J-011573,2026-06-04,South,T-01,609.76,362.89
J-011574,2026-06-04,East,T-02,255.3,137.41
J-011575,2026-06-04,North,T-10,951.37,752.66
J-011576,2026-06-04,West,T-03,670.39,457.32
J-011577,2026-06-04,North,T-01,1084.26,731.19
J-011578,2026-06-04,East,T-09,376.04,195.35
J-011579,2026-06-04,North,T-08,664.2,446.36
J-011580,2026-06-04,South,T-11,1212.0,661.83
J-011581,2026-06-04,West,T-05,515.59,338.21
J-011582,2026-06-04,East,T-07,1147.0,756.39
J-011583,2026-06-04,West,T-12,404.94,256.15
J-011584,2026-06-04,South,T-07,595.72,316.78
J-011585,2026-06-04,North,T-02,930.5,624.68
J-011586,2026-06-04,North,T-11,501.98,290.62
J-011587,2026-06-04,North,T-09,673.06,363.7
J-011588,2026-06-04,South,T-12,769.77,499.26
J-011589,2026-06-04,East,T-06,425.11,286.42
J-011590,2026-06-04,South,T-06,1241.45,724.52
J-011591,2026-06-04,South,T-07,1341.35,943.74
J-011592,2026-06-04,South,T-12,431.48,264.82
J-011593,2026-06-04,North,T-12,1299.31,844.5
J-011594,2026-06-04,East,T-05,439.52,241.72
J-011595,2026-06-04,North,T-05,1066.65,649.98
J-011596,2026-06-04,West,T-02,709.08,444.41
J-011597,2026-06-04,North,T-10,869.94,553.72
J-011598,2026-06-05,South,T-06,222.6,135.36
J-011599,2026-06-05,West,T-02,886.9,558.93
J-011600,2026-06-05,East,T-05,885.09,577.66
J-011601,2026-06-05,East,T-12,689.33,488.61
J-011602,2026-06-05,North,T-05,766.89,521.17
J-011603,2026-06-05,West,T-04,863.41,566.51
J-011604,2026-06-05,West,T-07,294.4,177.3
J-011605,2026-06-05,West,T-10,485.8,308.63
J-011606,2026-06-05,East,T-11,448.16,319.05
J-011607,2026-06-05,South,T-02,608.85,317.32
J-011608,2026-06-05,North,T-06,956.78,587.61
J-011609,2026-06-05,South,T-10,534.78,322.52
J-011610,2026-06-05,East,T-04,1563.03,1028.7
J-011611,2026-06-05,East,T-08,704.75,449.35
J-011612,2026-06-05,North,T-05,620.0,466.11
J-011613,2026-06-05,West,T-06,1013.27,652.38
J-011614,2026-06-05,South,T-10,1341.13,895.77
J-011615,2026-06-05,West,T-12,1061.01,700.81
J-011616,2026-06-05,West,T-12,1468.38,958.09
J-011617,2026-06-05,East,T-08,1676.36,965.82
J-011618,2026-06-05,North,T-08,521.47,337.4
J-011619,2026-06-05,East,T-02,1036.6,504.09
J-011620,2026-06-05,North,T-02,1256.39,845.25
J-011621,2026-06-05,North,T-07,604.0,346.25
J-011622,2026-06-05,South,T-01,339.68,250.98
J-011623,2026-06-05,West,T-10,1936.14,1188.52
J-011624,2026-06-05,West,T-03,597.32,417.16
J-011625,2026-06-05,West,T-05,900.82,654.26
J-011626,2026-06-05,East,T-03,1023.4,621.26
J-011627,2026-06-05,North,T-09,963.81,581.12
J-011628,2026-06-05,South,T-07,1185.4,766.97
J-011629,2026-06-05,South,T-08,627.99,388.6
J-011630,2026-06-06,North,T-07,408.87,263.33
J-011631,2026-06-06,North,T-12,997.51,617.94
J-011632,2026-06-06,North,T-02,449.93,292.13
J-011633,2026-06-06,North,T-12,472.02,299.16
J-011634,2026-06-06,West,T-05,657.12,456.84
J-011635,2026-06-06,West,T-04,1285.86,946.76
J-011636,2026-06-06,East,T-03,666.17,421.35
J-011637,2026-06-06,North,T-05,645.81,466.9
J-011638,2026-06-06,East,T-01,569.58,355.61
J-011639,2026-06-06,South,T-09,471.91,329.2
J-011640,2026-06-06,West,T-04,1243.99,874.39
J-011641,2026-06-06,East,T-08,494.75,313.1
J-011642,2026-06-06,West,T-03,676.59,425.58
J-011643,2026-06-06,East,T-05,418.29,250.53
J-011644,2026-06-07,West,T-03,487.43,257.53
J-011645,2026-06-07,North,T-01,717.16,472.34
J-011646,2026-06-07,South,T-08,1441.77,928.52
J-011647,2026-06-07,North,T-04,896.25,613.11
J-011648,2026-06-07,South,T-02,1101.13,658.96
J-011649,2026-06-07,West,T-07,541.96,265.24
J-011650,2026-06-07,North,T-01,767.1,529.51
J-011651,2026-06-08,South,T-11,1856.43,1129.64
J-011652,2026-06-08,South,T-11,517.84,297.69
J-011653,2026-06-08,South,T-05,459.61,275.27
J-011654,2026-06-08,North,T-07,595.51,438.21
J-011655,2026-06-08,South,T-05,367.61,206.01
J-011656,2026-06-08,East,T-04,378.37,233.5
J-011657,2026-06-08,North,T-08,1297.25,881.58
J-011658,2026-06-08,South,T-12,825.73,616.76
J-011659,2026-06-08,South,T-07,539.74,340.33
J-011660,2026-06-08,North,T-07,464.17,308.38
J-011661,2026-06-08,East,T-09,807.64,464.25
J-011662,2026-06-08,West,T-12,655.35,393.21
J-011663,2026-06-08,East,T-08,746.61,405.34
J-011664,2026-06-08,West,T-07,621.45,383.19
J-011665,2026-06-08,North,T-02,630.39,358.24
J-011666,2026-06-08,North,T-01,1875.86,1295.05
J-011667,2026-06-08,South,T-10,607.12,390.33
J-011668,2026-06-08,East,T-05,910.63,679.67
J-011669,2026-06-08,West,T-04,1784.79,1322.23
J-011670,2026-06-08,East,T-05,807.97,436.13
J-011671,2026-06-08,South,T-06,902.5,562.26
J-011672,2026-06-08,East,T-03,833.08,619.17
J-011673,2026-06-08,East,T-07,1347.92,956.73
J-011674,2026-06-08,North,T-11,548.89,319.47
J-011675,2026-06-08,West,T-02,694.52,463.64
J-011676,2026-06-08,East,T-01,554.11,396.55
J-011677,2026-06-08,North,T-06,1323.5,921.76
J-011678,2026-06-08,North,T-08,1207.72,808.42
J-011679,2026-06-09,West,T-04,1014.5,653.3
J-011680,2026-06-09,East,T-10,669.84,393.91
J-011681,2026-06-09,West,T-06,287.5,189.17
J-011682,2026-06-09,North,T-09,875.83,544.63
J-011683,2026-06-09,North,T-12,597.08,397.13
J-011684,2026-06-09,South,T-02,604.52,402.23
J-011685,2026-06-09,East,T-10,622.32,407.49
J-011686,2026-06-09,West,T-11,912.07,521.95
J-011687,2026-06-09,North,T-12,520.69,357.45
J-011688,2026-06-09,North,T-11,406.92,246.2
J-011689,2026-06-09,South,T-03,487.06,297.16
J-011690,2026-06-09,West,T-06,640.85,373.79
J-011691,2026-06-09,East,T-08,458.3,279.14
J-011692,2026-06-09,West,T-01,1392.68,1002.78
J-011693,2026-06-09,South,T-09,504.43,373.46
J-011694,2026-06-09,East,T-02,549.41,362.37
J-011695,2026-06-09,North,T-10,731.83,491.93
J-011696,2026-06-09,South,T-02,621.46,370.61
J-011697,2026-06-09,North,T-09,468.81,258.69
J-011698,2026-06-09,West,T-03,640.91,330.56
J-011699,2026-06-09,North,T-06,877.51,475.49
J-011700,2026-06-09,South,T-10,434.82,280.51
J-011701,2026-06-10,South,T-12,893.58,512.81
J-011702,2026-06-10,South,T-12,607.76,402.31
J-011703,2026-06-10,North,T-03,853.82,418.95
J-011704,2026-06-10,North,T-07,364.17,209.86
J-011705,2026-06-10,East,T-11,643.48,417.28
J-011706,2026-06-10,North,T-08,523.2,316.82
J-011707,2026-06-10,East,T-01,947.2,604.28
J-011708,2026-06-10,North,T-01,1250.97,879.83
J-011709,2026-06-10,South,T-02,732.45,570.45
J-011710,2026-06-10,East,T-08,614.65,406.53
J-011711,2026-06-10,North,T-01,1136.77,640.79
J-011712,2026-06-10,East,T-10,470.54,291.54
J-011713,2026-06-10,North,T-03,1295.47,979.98
J-011714,2026-06-10,West,T-02,1004.13,591.18
J-011715,2026-06-10,East,T-12,565.94,361.05
J-011716,2026-06-10,South,T-06,766.73,527.42
J-011717,2026-06-10,West,T-03,487.63,291.14
J-011718,2026-06-10,North,T-04,1050.36,678.45
J-011719,2026-06-10,East,T-05,2030.32,1267.05
J-011720,2026-06-10,South,T-02,711.44,484.81
J-011721,2026-06-10,East,T-09,929.45,599.51
J-011722,2026-06-10,West,T-03,595.6,340.94
J-011723,2026-06-10,North,T-07,1086.84,620.73
J-011724,2026-06-10,South,T-02,657.29,400.33
J-011725,2026-06-10,South,T-06,1087.18,722.49
J-011726,2026-06-10,East,T-05,268.68,150.06
J-011727,2026-06-10,East,T-12,542.26,344.91
J-011728,2026-06-10,East,T-07,1204.61,649.76
J-011729,2026-06-10,North,T-02,801.63,452.31
J-011730,2026-06-10,South,T-01,665.45,329.36
J-011731,2026-06-10,East,T-07,761.61,505.87
J-011732,2026-06-10,North,T-10,332.04,238.27
J-011733,2026-06-10,East,T-11,1424.71,993.27
J-011734,2026-06-10,West,T-02,424.06,251.93
J-011735,2026-06-10,North,T-04,425.04,238.21
J-011736,2026-06-11,East,T-09,1728.11,1186.39
J-011737,2026-06-11,South,T-12,412.16,272.16
J-011738,2026-06-11,East,T-10,422.66,234.07
J-011739,2026-06-11,West,T-08,796.34,487.17
J-011740,2026-06-11,East,T-01,765.68,513.35
J-011741,2026-06-11,North,T-03,530.05,306.15
J-011742,2026-06-11,East,T-08,708.44,446.41
J-011743,2026-06-11,East,T-11,373.81,249.37
J-011744,2026-06-11,West,T-12,633.21,450.63
J-011745,2026-06-11,South,T-08,279.55,163.06
J-011746,2026-06-11,North,T-06,825.72,491.14
J-011747,2026-06-11,North,T-06,1491.56,933.09
J-011748,2026-06-11,South,T-09,963.07,586.0
J-011749,2026-06-11,North,T-06,1156.88,782.98
J-011750,2026-06-11,West,T-08,607.96,364.71
J-011751,2026-06-11,North,T-03,488.86,305.85
J-011752,2026-06-11,East,T-03,341.96,199.18
J-011753,2026-06-11,North,T-02,894.68,521.18
J-011754,2026-06-11,South,T-08,2124.1,1392.82
J-011755,2026-06-11,East,T-07,1033.53,753.61
J-011756,2026-06-11,North,T-06,497.8,307.8
J-011757,2026-06-11,West,T-06,1077.4,668.19
J-011758,2026-06-11,West,T-11,693.6,403.7
J-011759,2026-06-11,North,T-01,238.48,163.23
J-011760,2026-06-11,North,T-01,340.08,204.14
J-011761,2026-06-11,North,T-03,918.64,553.42
J-011762,2026-06-11,South,T-08,1124.95,696.22
J-011763,2026-06-11,West,T-01,342.95,224.71
J-011764,2026-06-11,North,T-07,428.2,319.95
J-011765,2026-06-11,East,T-01,1054.91,688.86
J-011766,2026-06-11,East,T-12,630.1,414.36
J-011767,2026-06-11,South,T-11,277.33,205.99
J-011768,2026-06-11,East,T-08,714.54,529.49
J-011769,2026-06-11,North,T-02,419.04,289.56
J-011770,2026-06-11,East,T-06,1171.96,770.8
J-011771,2026-06-11,South,T-02,868.92,573.87
J-011772,2026-06-12,West,T-12,930.0,646.21
J-011773,2026-06-12,East,T-10,593.94,388.64
J-011774,2026-06-12,North,T-09,577.51,371.54
J-011775,2026-06-12,North,T-06,989.04,642.0
J-011776,2026-06-12,East,T-09,801.55,603.2
J-011777,2026-06-12,West,T-06,1529.23,971.02
J-011778,2026-06-12,East,T-01,272.58,177.4
J-011779,2026-06-12,East,T-05,900.86,462.91
J-011780,2026-06-12,East,T-08,862.23,578.43
J-011781,2026-06-12,South,T-11,979.67,652.67
J-011782,2026-06-12,North,T-02,491.94,333.64
J-011783,2026-06-12,East,T-03,867.67,579.41
J-011784,2026-06-12,North,T-04,1470.62,851.2
J-011785,2026-06-12,South,T-10,1170.68,734.68
J-011786,2026-06-12,South,T-12,1274.35,606.16
J-011787,2026-06-12,West,T-08,389.92,251.66
J-011788,2026-06-12,East,T-12,606.41,368.38
J-011789,2026-06-12,South,T-04,980.6,607.95
J-011790,2026-06-12,East,T-03,1286.43,855.65
J-011791,2026-06-12,South,T-07,869.75,454.95
J-011792,2026-06-12,North,T-07,1110.74,612.97
J-011793,2026-06-12,North,T-01,1667.87,895.41
J-011794,2026-06-12,East,T-04,1052.18,536.75
J-011795,2026-06-12,East,T-08,609.55,379.75
J-011796,2026-06-12,South,T-01,851.52,538.82
J-011797,2026-06-12,East,T-05,896.42,621.76
J-011798,2026-06-12,North,T-04,747.01,404.22
J-011799,2026-06-12,East,T-11,1061.62,650.03
J-011800,2026-06-12,North,T-02,852.37,622.76
J-011801,2026-06-12,East,T-11,745.61,413.93
J-011802,2026-06-12,East,T-03,505.56,268.17
J-011803,2026-06-12,East,T-06,1638.62,1056.6
J-011804,2026-06-12,West,T-01,530.51,407.47
J-011805,2026-06-12,East,T-09,600.38,400.83
J-011806,2026-06-12,East,T-03,849.85,568.66
J-011807,2026-06-12,East,T-10,296.16,174.75
J-011808,2026-06-12,West,T-11,452.39,249.76
J-011809,2026-06-12,East,T-03,825.43,562.32
J-011810,2026-06-12,East,T-05,924.34,600.76
J-011811,2026-06-12,North,T-12,628.45,370.86
J-011812,2026-06-12,East,T-11,458.39,317.92
J-011813,2026-06-13,South,T-03,745.25,432.05
J-011814,2026-06-13,East,T-01,758.97,467.34
J-011815,2026-06-13,South,T-11,390.67,221.81
J-011816,2026-06-13,North,T-08,1098.76,794.08
J-011817,2026-06-13,South,T-04,437.72,296.68
J-011818,2026-06-13,East,T-06,468.19,308.24
J-011819,2026-06-13,East,T-03,417.91,260.98
J-011820,2026-06-13,North,T-03,770.44,517.2
J-011821,2026-06-13,North,T-02,231.13,149.37
J-011822,2026-06-13,North,T-07,685.33,423.3
J-011823,2026-06-13,North,T-03,754.7,515.03
J-011824,2026-06-13,West,T-10,539.96,357.61
J-011825,2026-06-13,North,T-06,558.76,375.8
J-011826,2026-06-14,East,T-08,230.88,156.65
J-011827,2026-06-14,East,T-05,447.06,274.7
J-011828,2026-06-14,East,T-12,1176.87,824.84
J-011829,2026-06-14,East,T-03,535.07,362.56
J-011830,2026-06-14,North,T-11,637.07,391.07
J-011831,2026-06-14,East,T-10,388.07,231.52
J-011832,2026-06-15,North,T-07,903.14,562.55
J-011833,2026-06-15,North,T-01,1257.72,767.03
J-011834,2026-06-15,South,T-03,493.61,293.76
J-011835,2026-06-15,West,T-05,960.82,676.83
J-011836,2026-06-15,East,T-03,347.63,225.34
J-011837,2026-06-15,West,T-03,1266.48,891.91
J-011838,2026-06-15,East,T-09,313.01,204.66
J-011839,2026-06-15,West,T-09,1477.8,896.79
J-011840,2026-06-15,North,T-04,839.01,531.51
J-011841,2026-06-15,East,T-10,803.44,558.53
J-011842,2026-06-15,North,T-12,1142.54,702.63
J-011843,2026-06-15,West,T-01,987.01,606.14
J-011844,2026-06-15,East,T-05,913.18,595.5
J-011845,2026-06-15,South,T-12,729.57,424.58
J-011846,2026-06-15,North,T-11,879.21,609.37
J-011847,2026-06-15,East,T-08,281.4,167.65
J-011848,2026-06-15,East,T-12,240.15,154.86
J-011849,2026-06-15,South,T-03,711.46,448.63
J-011850,2026-06-15,North,T-05,1148.82,804.79
J-011851,2026-06-15,South,T-07,721.63,461.87
J-011852,2026-06-15,South,T-07,554.01,316.72
J-011853,2026-06-15,South,T-09,616.69,400.67
J-011854,2026-06-15,East,T-08,462.92,308.09
J-011855,2026-06-15,West,T-12,533.34,309.89
J-011856,2026-06-15,East,T-11,1205.47,821.68
J-011857,2026-06-15,East,T-11,1758.89,1122.02
J-011858,2026-06-15,South,T-09,1208.84,796.95
J-011859,2026-06-15,East,T-03,681.75,471.1
J-011860,2026-06-15,East,T-01,1564.9,1060.07
J-011861,2026-06-16,West,T-05,369.27,226.76
J-011862,2026-06-16,South,T-07,368.49,252.63
J-011863,2026-06-16,North,T-09,589.58,405.48
J-011864,2026-06-16,South,T-12,602.93,345.95
J-011865,2026-06-16,South,T-06,2198.61,1583.62
J-011866,2026-06-16,North,T-09,1219.81,641.66
J-011867,2026-06-16,South,T-07,721.6,424.31
J-011868,2026-06-16,South,T-03,457.16,289.29
J-011869,2026-06-16,North,T-11,1012.04,629.4
J-011870,2026-06-16,North,T-09,423.66,238.25
J-011871,2026-06-16,North,T-01,1016.25,591.44
J-011872,2026-06-16,East,T-02,350.85,219.45
J-011873,2026-06-16,South,T-01,791.82,522.93
J-011874,2026-06-16,East,T-08,1289.96,663.26
J-011875,2026-06-16,South,T-02,377.26,273.22
J-011876,2026-06-16,West,T-04,443.81,291.07
J-011877,2026-06-16,West,T-12,207.78,134.81
J-011878,2026-06-16,West,T-09,918.81,593.54
J-011879,2026-06-16,East,T-12,553.1,359.88
J-011880,2026-06-16,West,T-08,569.53,367.45
J-011881,2026-06-16,South,T-05,952.61,614.58
J-011882,2026-06-16,West,T-05,707.83,483.64
J-011883,2026-06-16,West,T-06,694.89,480.8
J-011884,2026-06-16,West,T-06,697.76,449.24
J-011885,2026-06-16,West,T-09,572.77,332.96
J-011886,2026-06-16,South,T-03,785.81,568.53
J-011887,2026-06-16,South,T-02,468.87,277.01
J-011888,2026-06-16,North,T-02,337.41,225.15
J-011889,2026-06-16,East,T-09,387.37,222.58
J-011890,2026-06-16,North,T-08,586.79,387.15
J-011891,2026-06-16,South,T-11,765.35,461.11
J-011892,2026-06-17,East,T-03,717.4,391.81
J-011893,2026-06-17,North,T-02,1196.02,813.93
J-011894,2026-06-17,North,T-06,435.16,273.55
J-011895,2026-06-17,South,T-11,514.39,366.72
J-011896,2026-06-17,East,T-07,458.48,268.09
J-011897,2026-06-17,South,T-06,836.8,539.14
J-011898,2026-06-17,North,T-06,609.66,419.71
J-011899,2026-06-17,West,T-08,713.19,489.01
J-011900,2026-06-17,South,T-10,844.32,457.38
J-011901,2026-06-17,West,T-01,386.84,282.81
J-011902,2026-06-17,East,T-02,611.97,382.35
J-011903,2026-06-17,East,T-02,787.27,500.7
J-011904,2026-06-17,South,T-03,2210.25,1192.39
J-011905,2026-06-17,North,T-08,1224.8,864.85
J-011906,2026-06-17,West,T-12,1284.67,741.5
J-011907,2026-06-17,North,T-02,713.48,410.71
J-011908,2026-06-17,West,T-02,437.5,259.16
J-011909,2026-06-17,South,T-12,591.53,400.39
J-011910,2026-06-17,South,T-05,987.83,695.86
J-011911,2026-06-17,East,T-02,262.91,118.44
J-011912,2026-06-17,South,T-05,332.65,215.04
J-011913,2026-06-17,South,T-10,359.24,228.13
J-011914,2026-06-17,West,T-05,744.97,496.6
J-011915,2026-06-17,West,T-09,662.78,433.72
J-011916,2026-06-17,West,T-09,468.25,291.44
J-011917,2026-06-17,West,T-06,1459.29,1049.82
J-011918,2026-06-17,East,T-02,944.66,678.31
J-011919,2026-06-17,East,T-11,745.26,426.35
J-011920,2026-06-17,South,T-02,745.13,422.7
J-011921,2026-06-17,South,T-06,3201.05,2061.99
J-011922,2026-06-17,East,T-08,300.15,198.61
J-011923,2026-06-17,South,T-08,586.39,308.98
J-011924,2026-06-17,East,T-12,517.61,332.48
J-011925,2026-06-18,North,T-09,732.71,518.86
J-011926,2026-06-18,East,T-01,806.66,446.81
J-011927,2026-06-18,East,T-11,373.63,273.92
J-011928,2026-06-18,North,T-09,917.95,587.38
J-011929,2026-06-18,East,T-01,424.62,316.38
J-011930,2026-06-18,North,T-10,880.46,581.61
J-011931,2026-06-18,South,T-01,434.02,296.92
J-011932,2026-06-18,South,T-11,704.77,417.97
J-011933,2026-06-18,East,T-09,495.09,279.06
J-011934,2026-06-18,South,T-12,263.39,189.25
J-011935,2026-06-18,North,T-03,559.6,321.36
J-011936,2026-06-18,North,T-11,646.33,427.61
J-011937,2026-06-18,North,T-11,492.1,346.69
J-011938,2026-06-18,East,T-11,473.29,315.51
J-011939,2026-06-18,West,T-02,1196.28,726.83
J-011940,2026-06-18,South,T-07,638.73,399.51
J-011941,2026-06-18,East,T-03,496.59,337.68
J-011942,2026-06-18,South,T-10,547.54,346.46
J-011943,2026-06-18,West,T-07,1731.28,957.84
J-011944,2026-06-18,North,T-10,386.87,308.95
J-011945,2026-06-18,South,T-12,691.49,512.43
J-011946,2026-06-18,North,T-07,572.32,364.46
J-011947,2026-06-18,South,T-03,793.16,487.56
J-011948,2026-06-18,East,T-07,701.73,457.34
J-011949,2026-06-18,North,T-08,441.79,276.24
J-011950,2026-06-18,North,T-10,942.51,544.75
J-011951,2026-06-18,North,T-03,412.31,295.89
J-011952,2026-06-18,East,T-01,806.31,529.39
J-011953,2026-06-18,North,T-10,247.31,160.01
J-011954,2026-06-18,East,T-09,549.95,317.22
J-011955,2026-06-18,West,T-03,679.98,357.42
J-011956,2026-06-19,East,T-09,671.99,526.33
J-011957,2026-06-19,North,T-03,833.2,544.29
J-011958,2026-06-19,North,T-05,1398.03,952.22
J-011959,2026-06-19,North,T-09,335.28,216.52
J-011960,2026-06-19,South,T-01,497.13,316.5
J-011961,2026-06-19,South,T-06,1110.87,773.25
J-011962,2026-06-19,North,T-08,578.16,361.43
J-011963,2026-06-19,North,T-10,958.6,568.63
J-011964,2026-06-19,South,T-12,1468.9,926.9
J-011965,2026-06-19,North,T-05,1104.03,573.93
J-011966,2026-06-19,South,T-12,470.56,260.7
J-011967,2026-06-19,South,T-08,535.95,353.33
J-011968,2026-06-19,North,T-09,412.33,265.82
J-011969,2026-06-19,East,T-09,743.73,477.98
J-011970,2026-06-19,West,T-10,743.75,458.47
J-011971,2026-06-19,West,T-12,1013.42,568.1
J-011972,2026-06-19,North,T-03,416.27,239.46
J-011973,2026-06-19,South,T-12,807.8,567.26
J-011974,2026-06-19,West,T-06,484.79,331.8
J-011975,2026-06-19,South,T-11,1521.7,1098.0
J-011976,2026-06-19,South,T-09,966.05,570.79
J-011977,2026-06-19,South,T-11,328.58,215.61
J-011978,2026-06-19,North,T-12,914.51,582.47
J-011979,2026-06-19,West,T-11,983.08,741.47
J-011980,2026-06-19,West,T-04,311.98,200.96
J-011981,2026-06-19,West,T-11,727.38,487.85
J-011982,2026-06-19,South,T-04,925.56,535.74
J-011983,2026-06-19,East,T-09,314.43,209.69
J-011984,2026-06-19,East,T-11,799.59,525.25
J-011985,2026-06-19,West,T-10,691.69,450.52
J-011986,2026-06-19,North,T-09,674.01,410.65
J-011987,2026-06-19,South,T-08,851.89,534.81
J-011988,2026-06-19,South,T-02,1022.28,724.59
J-011989,2026-06-19,South,T-11,748.0,490.41
J-011990,2026-06-19,West,T-03,570.12,362.85
J-011991,2026-06-19,East,T-09,519.46,310.26
J-011992,2026-06-19,South,T-04,657.18,363.39
J-011993,2026-06-19,West,T-06,728.07,473.39
J-011994,2026-06-19,South,T-03,1008.19,667.56
J-011995,2026-06-19,South,T-10,818.35,602.18
J-011996,2026-06-19,North,T-08,574.74,411.2
J-011997,2026-06-19,East,T-03,457.54,289.92
J-011998,2026-06-20,South,T-03,562.42,336.75
J-011999,2026-06-20,North,T-02,572.46,454.43
J-012000,2026-06-20,West,T-09,823.28,556.45
J-012001,2026-06-20,South,T-03,728.35,500.52
J-012002,2026-06-20,East,T-07,685.5,424.23
J-012003,2026-06-20,East,T-10,709.01,544.5
J-012004,2026-06-20,East,T-05,378.92,233.45
J-012005,2026-06-21,North,T-04,540.74,314.62
J-012006,2026-06-21,South,T-05,731.93,459.35
J-012007,2026-06-21,South,T-07,1248.31,829.1
J-012008,2026-06-21,East,T-06,326.52,178.79
J-012009,2026-06-21,North,T-04,1088.69,658.6
J-012010,2026-06-21,North,T-06,752.74,520.68
J-012011,2026-06-21,North,T-07,734.31,459.38
J-012012,2026-06-21,North,T-12,455.65,340.83
J-012013,2026-06-21,South,T-09,269.55,187.13
J-012014,2026-06-21,North,T-01,628.5,436.58
J-012015,2026-06-21,South,T-03,523.94,355.21
J-012016,2026-06-22,North,T-08,1446.47,1022.52
J-012017,2026-06-22,East,T-01,1509.57,858.38
J-012018,2026-06-22,North,T-01,1144.61,739.33
J-012019,2026-06-22,North,T-08,597.07,368.57
J-012020,2026-06-22,North,T-10,490.87,270.65
J-012021,2026-06-22,West,T-12,640.92,366.72
J-012022,2026-06-22,South,T-09,412.35,231.51
J-012023,2026-06-22,North,T-12,1039.48,729.23
J-012024,2026-06-22,North,T-06,1057.64,655.03
J-012025,2026-06-22,East,T-12,358.0,226.12
J-012026,2026-06-22,East,T-07,630.14,456.14
J-012027,2026-06-22,South,T-05,690.18,389.89
J-012028,2026-06-22,South,T-08,444.93,277.73
J-012029,2026-06-22,North,T-08,965.53,586.2
J-012030,2026-06-22,West,T-02,866.33,544.58
J-012031,2026-06-22,East,T-09,1874.03,1168.17
J-012032,2026-06-22,East,T-01,507.31,303.39
J-012033,2026-06-22,West,T-08,461.09,274.44
J-012034,2026-06-22,South,T-11,1546.88,1050.21
J-012035,2026-06-22,West,T-03,361.53,197.44
J-012036,2026-06-22,South,T-12,738.88,510.91
J-012037,2026-06-22,East,T-08,462.5,324.01
J-012038,2026-06-22,South,T-06,1018.05,642.54
J-012039,2026-06-22,North,T-07,826.66,546.91
J-012040,2026-06-22,North,T-10,902.25,514.65
J-012041,2026-06-22,East,T-05,642.94,448.9
J-012042,2026-06-22,East,T-02,1387.22,852.11
J-012043,2026-06-22,South,T-03,266.09,166.84
J-012044,2026-06-22,West,T-02,766.68,440.76
J-012045,2026-06-22,East,T-07,305.63,186.25
J-012046,2026-06-22,West,T-05,1442.47,1039.31
J-012047,2026-06-22,West,T-05,622.29,353.34
J-012048,2026-06-22,South,T-11,401.74,266.02
J-012049,2026-06-22,North,T-10,635.14,399.8
J-012050,2026-06-22,East,T-06,686.95,430.41
J-012051,2026-06-22,East,T-08,1484.98,891.79
J-012052,2026-06-22,North,T-11,374.3,240.03
J-012053,2026-06-22,North,T-12,1174.18,751.56
J-012054,2026-06-22,North,T-04,892.34,593.26
J-012055,2026-06-22,South,T-10,799.39,469.66
J-012056,2026-06-22,East,T-09,545.29,386.22
J-012057,2026-06-23,North,T-06,793.19,431.55
J-012058,2026-06-23,South,T-10,889.63,643.19
J-012059,2026-06-23,East,T-02,580.73,403.66
J-012060,2026-06-23,West,T-04,250.59,155.74
J-012061,2026-06-23,West,T-04,804.17,558.07
J-012062,2026-06-23,East,T-12,571.64,398.17
J-012063,2026-06-23,North,T-07,671.11,376.37
J-012064,2026-06-23,South,T-07,296.26,176.06
J-012065,2026-06-23,North,T-08,718.4,537.21
J-012066,2026-06-23,South,T-11,4702.72,3005.08
J-012067,2026-06-23,West,T-06,404.6,233.88
J-012068,2026-06-23,South,T-01,179.22,125.27
J-012069,2026-06-23,East,T-05,541.23,376.13
J-012070,2026-06-23,North,T-01,895.04,561.57
J-012071,2026-06-23,East,T-05,642.47,462.02
J-012072,2026-06-23,South,T-07,569.28,382.15
J-012073,2026-06-23,South,T-04,1219.95,850.34
J-012074,2026-06-23,South,T-10,427.92,288.03
J-012075,2026-06-23,South,T-04,1314.15,975.32
J-012076,2026-06-23,West,T-01,525.11,342.92
J-012077,2026-06-23,South,T-10,644.65,483.12
J-012078,2026-06-23,North,T-01,698.53,474.02
J-012079,2026-06-23,North,T-04,585.58,353.84
J-012080,2026-06-23,South,T-12,326.07,177.32
J-012081,2026-06-23,North,T-04,575.17,357.75
J-012082,2026-06-23,East,T-06,516.04,348.69
J-012083,2026-06-23,North,T-09,802.01,556.72
J-012084,2026-06-23,North,T-03,586.25,431.42
J-012085,2026-06-23,East,T-12,615.59,394.12
J-012086,2026-06-23,South,T-04,893.97,598.45
J-012087,2026-06-23,South,T-07,532.3,326.17
J-012088,2026-06-23,West,T-10,744.21,444.16
J-012089,2026-06-23,West,T-03,681.72,496.17
J-012090,2026-06-23,South,T-07,532.15,327.25
J-012091,2026-06-24,South,T-09,977.79,634.41
J-012092,2026-06-24,South,T-06,546.14,373.84
J-012093,2026-06-24,East,T-06,658.2,447.86
J-012094,2026-06-24,North,T-07,532.55,388.12
J-012095,2026-06-24,North,T-04,740.46,519.55
J-012096,2026-06-24,West,T-09,680.63,482.55
J-012097,2026-06-24,East,T-01,846.78,523.54
J-012098,2026-06-24,East,T-04,440.52,266.72
J-012099,2026-06-24,West,T-01,1264.31,815.27
J-012100,2026-06-24,South,T-12,1587.53,1121.48
J-012101,2026-06-24,West,T-12,328.9,217.44
J-012102,2026-06-24,East,T-07,798.66,536.01
J-012103,2026-06-24,South,T-09,404.31,243.21
J-012104,2026-06-24,North,T-07,771.76,446.51
J-012105,2026-06-24,North,T-05,1366.0,901.48
J-012106,2026-06-24,North,T-01,526.44,388.46
J-012107,2026-06-24,South,T-05,743.0,506.14
J-012108,2026-06-24,East,T-12,699.44,541.44
J-012109,2026-06-24,East,T-12,644.77,440.82
J-012110,2026-06-24,North,T-04,540.74,330.65
J-012111,2026-06-24,West,T-08,1576.96,963.79
J-012112,2026-06-24,East,T-03,517.51,343.3
J-012113,2026-06-24,South,T-02,948.07,599.02
J-012114,2026-06-24,North,T-08,1822.13,1162.41
J-012115,2026-06-24,East,T-01,1052.13,620.23
J-012116,2026-06-24,East,T-10,340.43,207.04
J-012117,2026-06-24,South,T-02,708.16,419.5
J-012118,2026-06-24,South,T-11,695.1,495.3
J-012119,2026-06-24,North,T-01,701.19,469.78
J-012120,2026-06-24,South,T-04,835.01,582.21
J-012121,2026-06-24,South,T-07,586.01,364.8
J-012122,2026-06-24,North,T-05,321.86,218.43
J-012123,2026-06-24,South,T-06,1169.56,786.32
J-012124,2026-06-24,South,T-08,1086.56,769.36
J-012125,2026-06-24,East,T-03,480.67,274.65
J-012126,2026-06-24,West,T-01,223.72,142.97
J-012127,2026-06-24,North,T-10,1253.9,793.68
J-012128,2026-06-24,North,T-05,649.46,405.78
J-012129,2026-06-24,East,T-10,784.4,486.41
J-012130,2026-06-24,East,T-08,696.83,427.23
J-012131,2026-06-25,West,T-02,750.96,455.39
J-012132,2026-06-25,East,T-07,750.35,421.55
J-012133,2026-06-25,North,T-04,517.42,353.4
J-012134,2026-06-25,South,T-02,1038.12,761.37
J-012135,2026-06-25,South,T-03,353.07,213.14
J-012136,2026-06-25,West,T-11,523.73,317.54
J-012137,2026-06-25,East,T-01,789.61,535.42
J-012138,2026-06-25,East,T-09,263.64,130.9
J-012139,2026-06-25,South,T-12,796.16,517.78
J-012140,2026-06-25,North,T-02,240.34,137.62
J-012141,2026-06-25,North,T-04,500.4,337.76
J-012142,2026-06-25,East,T-06,818.5,504.0
J-012143,2026-06-25,North,T-10,846.25,463.91
J-012144,2026-06-25,North,T-03,764.51,561.27
J-012145,2026-06-25,West,T-06,793.68,493.09
J-012146,2026-06-25,North,T-10,1096.26,732.1
J-012147,2026-06-25,South,T-04,717.27,420.34
J-012148,2026-06-25,South,T-09,746.1,502.39
J-012149,2026-06-25,East,T-12,538.02,335.94
J-012150,2026-06-25,South,T-07,1138.55,786.13
J-012151,2026-06-25,East,T-02,1098.48,678.95
J-012152,2026-06-25,East,T-07,654.09,445.14
J-012153,2026-06-25,North,T-09,1127.08,585.07
J-012154,2026-06-25,South,T-02,864.17,661.66
J-012155,2026-06-25,East,T-04,476.84,293.06
J-012156,2026-06-25,East,T-03,695.79,486.37
J-012157,2026-06-25,West,T-12,442.41,277.93
J-012158,2026-06-25,East,T-11,1418.95,772.32
J-012159,2026-06-25,East,T-07,460.81,296.66
J-012160,2026-06-25,North,T-12,1244.51,785.16
J-012161,2026-06-25,East,T-08,720.72,423.61
J-012162,2026-06-25,West,T-03,209.25,121.74
J-012163,2026-06-26,South,T-09,282.48,172.35
J-012164,2026-06-26,North,T-01,924.42,686.59
J-012165,2026-06-26,North,T-01,415.73,282.69
J-012166,2026-06-26,South,T-03,399.33,221.52
J-012167,2026-06-26,West,T-11,819.51,597.41
J-012168,2026-06-26,West,T-07,695.74,461.62
J-012169,2026-06-26,South,T-08,1304.65,833.34
J-012170,2026-06-26,East,T-03,719.67,449.52
J-012171,2026-06-26,East,T-12,1052.3,767.44
J-012172,2026-06-26,North,T-05,1046.2,660.57
J-012173,2026-06-26,North,T-02,610.09,370.34
J-012174,2026-06-26,East,T-07,1078.54,690.05
J-012175,2026-06-26,North,T-08,1183.14,705.06
J-012176,2026-06-26,East,T-01,284.38,178.29
J-012177,2026-06-26,North,T-12,547.45,394.33
J-012178,2026-06-26,South,T-05,258.43,187.62
J-012179,2026-06-26,East,T-12,1573.88,950.24
J-012180,2026-06-26,East,T-04,426.63,231.56
J-012181,2026-06-26,West,T-11,703.02,574.49
J-012182,2026-06-26,North,T-11,905.14,501.96
J-012183,2026-06-26,South,T-12,161.57,106.24
J-012184,2026-06-26,West,T-04,654.71,422.37
J-012185,2026-06-26,North,T-12,592.41,347.34
J-012186,2026-06-26,South,T-04,455.8,261.77
J-012187,2026-06-26,East,T-11,557.82,281.2
J-012188,2026-06-26,East,T-01,665.04,414.87
J-012189,2026-06-26,East,T-03,561.31,386.73
J-012190,2026-06-26,West,T-12,746.93,444.05
J-012191,2026-06-26,North,T-12,372.31,256.63
J-012192,2026-06-26,East,T-10,757.45,498.88
J-012193,2026-06-27,South,T-11,1374.57,1060.91
J-012194,2026-06-27,North,T-12,517.36,300.99
J-012195,2026-06-27,West,T-06,1050.06,665.47
J-012196,2026-06-27,East,T-02,1337.44,898.55
J-012197,2026-06-27,South,T-04,442.88,278.04
J-012198,2026-06-27,South,T-04,410.98,272.45
J-012199,2026-06-27,East,T-09,719.4,506.12
J-012200,2026-06-27,East,T-08,376.97,244.41
J-012201,2026-06-27,East,T-10,1330.11,757.31
J-012202,2026-06-27,North,T-12,412.09,233.17
J-012203,2026-06-27,East,T-10,929.21,554.25
J-012204,2026-06-28,East,T-02,1673.29,1150.0
J-012205,2026-06-28,East,T-10,584.67,401.83
J-012206,2026-06-28,South,T-01,600.03,413.14
J-012207,2026-06-28,North,T-06,523.31,313.33
J-012208,2026-06-28,East,T-11,3172.88,2059.55
J-012209,2026-06-28,East,T-10,307.8,219.76
J-012210,2026-06-28,South,T-01,2171.62,1476.99
J-012211,2026-06-28,East,T-10,1255.45,864.06
J-012212,2026-06-28,East,T-11,664.55,486.77
J-012213,2026-06-29,North,T-01,1233.82,773.02
J-012214,2026-06-29,North,T-05,1108.23,672.23
J-012215,2026-06-29,West,T-04,224.73,141.74
J-012216,2026-06-29,West,T-12,803.96,515.27
J-012217,2026-06-29,North,T-07,767.07,499.83
J-012218,2026-06-29,South,T-10,1116.31,653.06
J-012219,2026-06-29,North,T-01,1250.67,723.4
J-012220,2026-06-29,East,T-12,1686.85,1017.92
J-012221,2026-06-29,South,T-09,816.7,389.22
J-012222,2026-06-29,South,T-11,421.75,263.32
J-012223,2026-06-29,North,T-04,787.95,479.11
J-012224,2026-06-29,East,T-12,399.92,244.33
J-012225,2026-06-29,South,T-01,964.9,619.45
J-012226,2026-06-29,North,T-05,385.89,251.43
J-012227,2026-06-29,South,T-01,444.93,275.62
J-012228,2026-06-29,South,T-02,530.25,383.49
J-012229,2026-06-29,East,T-02,1016.35,598.79
J-012230,2026-06-29,South,T-08,1861.8,1237.43
J-012231,2026-06-29,South,T-12,1659.97,1027.27
J-012232,2026-06-29,East,T-12,808.99,512.59
J-012233,2026-06-29,North,T-10,496.27,350.77
J-012234,2026-06-29,South,T-11,1147.38,772.14
J-012235,2026-06-29,South,T-04,1180.19,795.76
J-012236,2026-06-29,North,T-10,739.86,485.93
J-012237,2026-06-29,West,T-06,1475.15,996.02
J-012238,2026-06-29,South,T-05,1248.87,807.64
J-012239,2026-06-29,North,T-07,531.11,370.16
J-012240,2026-06-29,East,T-08,842.49,541.94
J-012241,2026-06-29,West,T-11,752.14,539.02
J-012242,2026-06-29,South,T-07,464.12,274.02
J-012243,2026-06-29,North,T-01,989.13,664.58
J-012244,2026-06-29,North,T-03,496.79,338.03
J-012245,2026-06-29,North,T-09,607.61,369.33
J-012246,2026-06-29,East,T-04,402.95,272.44
J-012247,2026-06-29,West,T-09,1045.64,688.97
J-012248,2026-06-29,North,T-07,636.74,412.26
J-012249,2026-06-29,West,T-10,644.25,341.3
J-012250,2026-06-30,East,T-10,732.93,417.43
J-012251,2026-06-30,North,T-02,475.52,287.68
J-012252,2026-06-30,South,T-07,1994.04,1455.9
J-012253,2026-06-30,South,T-03,668.65,501.22
J-012254,2026-06-30,North,T-04,769.65,484.15
J-012255,2026-06-30,South,T-01,626.0,397.43
J-012256,2026-06-30,South,T-10,1395.74,825.7
J-012257,2026-06-30,East,T-06,397.26,259.89
J-012258,2026-06-30,South,T-04,580.51,381.45
J-012259,2026-06-30,West,T-03,505.85,340.94
J-012260,2026-06-30,South,T-09,1619.35,1237.82
J-012261,2026-06-30,North,T-01,1176.35,630.85
J-012262,2026-06-30,East,T-01,489.42,331.61
J-012263,2026-06-30,East,T-03,612.84,414.99
J-012264,2026-06-30,West,T-10,1764.09,1096.41
J-012265,2026-06-30,North,T-07,854.55,566.51
J-012266,2026-06-30,North,T-09,755.32,529.39
J-012267,2026-06-30,South,T-04,1283.54,795.98
J-012268,2026-06-30,East,T-12,399.57,274.08
J-012269,2026-06-30,North,T-08,1012.02,610.25
J-012270,2026-06-30,South,T-06,534.96,319.76
J-012271,2026-06-30,North,T-08,533.78,297.65
J-012272,2026-06-30,East,T-10,726.06,432.22
J-012273,2026-06-30,West,T-03,453.12,312.81
J-012274,2026-06-30,East,T-09,214.51,140.34
J-012275,2026-06-30,South,T-01,245.73,138.24
J-012276,2026-06-30,East,T-04,707.98,425.49
J-012277,2026-06-30,South,T-12,367.67,215.72
J-012278,2026-06-30,North,T-04,437.58,307.92
J-012279,2026-06-30,North,T-02,1004.79,681.34
J-012280,2026-06-30,West,T-08,701.91,360.32
J-012281,2026-06-30,West,T-11,767.95,531.55
J-012282,2026-06-30,East,T-05,482.07,294.98
J-012283,2026-07-01,North,T-09,810.08,517.38
J-012284,2026-07-01,North,T-11,348.86,200.03
J-012285,2026-07-01,South,T-07,342.1,211.12
J-012286,2026-07-01,West,T-12,295.37,168.22
J-012287,2026-07-01,North,T-04,923.26,612.9
J-012288,2026-07-01,South,T-03,1218.33,811.92
J-012289,2026-07-01,East,T-05,1231.09,798.06
J-012290,2026-07-01,North,T-07,318.61,173.9
J-012291,2026-07-01,South,T-11,449.58,289.49
J-012292,2026-07-01,East,T-02,629.53,396.23
J-012293,2026-07-01,East,T-08,475.4,317.95
J-012294,2026-07-01,East,T-04,214.91,113.52
J-012295,2026-07-01,East,T-09,1042.07,649.88
J-012296,2026-07-01,North,T-10,774.44,451.77
J-012297,2026-07-01,South,T-05,772.27,596.22
J-012298,2026-07-01,South,T-05,639.16,382.13
J-012299,2026-07-01,North,T-10,1750.9,1148.1
J-012300,2026-07-01,South,T-07,781.96,604.45
J-012301,2026-07-01,East,T-10,426.37,305.48
J-012302,2026-07-01,South,T-04,849.41,595.01
J-012303,2026-07-01,South,T-11,598.79,388.05
J-012304,2026-07-01,West,T-03,707.55,439.48
J-012305,2026-07-01,North,T-07,678.78,361.88
J-012306,2026-07-01,North,T-03,500.87,338.32
J-012307,2026-07-01,West,T-06,527.43,349.41
J-012308,2026-07-01,West,T-08,461.35,285.52
J-012309,2026-07-01,West,T-03,832.33,580.61
J-012310,2026-07-01,West,T-05,1860.48,1039.75
J-012311,2026-07-01,West,T-12,1086.09,866.15
J-012312,2026-07-01,North,T-07,736.41,510.34
J-012313,2026-07-01,East,T-09,813.19,558.44
J-012314,2026-07-01,North,T-03,852.96,519.4
J-012315,2026-07-01,West,T-11,330.81,212.83
J-012316,2026-07-02,West,T-05,395.08,252.39
J-012317,2026-07-02,North,T-04,504.81,294.81
J-012318,2026-07-02,South,T-06,840.55,514.48
J-012319,2026-07-02,North,T-10,576.14,366.68
J-012320,2026-07-02,West,T-09,1270.96,829.23
J-012321,2026-07-02,North,T-05,1129.95,701.99
J-012322,2026-07-02,East,T-09,993.68,694.83
J-012323,2026-07-02,North,T-12,730.25,456.16
J-012324,2026-07-02,South,T-08,655.04,412.94
J-012325,2026-07-02,West,T-04,1009.96,560.92
J-012326,2026-07-02,East,T-12,445.04,264.48
J-012327,2026-07-02,South,T-06,219.92,142.98
J-012328,2026-07-02,East,T-10,744.86,422.49
J-012329,2026-07-02,South,T-10,363.8,277.59
J-012330,2026-07-02,North,T-07,421.79,262.97
J-012331,2026-07-02,East,T-06,767.43,509.5
J-012332,2026-07-02,West,T-05,624.64,412.6
J-012333,2026-07-02,South,T-05,399.55,300.01
J-012334,2026-07-02,East,T-08,592.72,465.07
J-012335,2026-07-02,North,T-07,1206.01,774.22
J-012336,2026-07-02,North,T-01,531.49,371.42
J-012337,2026-07-02,West,T-11,1030.0,715.05
J-012338,2026-07-02,North,T-04,319.45,198.31
J-012339,2026-07-02,North,T-12,684.23,492.04
J-012340,2026-07-02,South,T-10,2291.91,1418.85
J-012341,2026-07-02,South,T-02,393.82,215.2
J-012342,2026-07-02,North,T-12,985.2,578.3
J-012343,2026-07-02,South,T-03,1017.73,527.18
J-012344,2026-07-02,South,T-05,1019.79,726.22
J-012345,2026-07-02,North,T-09,609.6,436.17
J-012346,2026-07-02,West,T-12,1402.74,956.97
J-012347,2026-07-02,South,T-07,906.82,489.45
J-012348,2026-07-02,South,T-12,733.31,520.42
J-012349,2026-07-02,South,T-12,731.85,548.84
J-012350,2026-07-03,North,T-09,1311.04,905.56
J-012351,2026-07-03,East,T-04,807.09,477.59
J-012352,2026-07-03,South,T-03,437.15,273.66
J-012353,2026-07-03,East,T-07,942.52,695.66
J-012354,2026-07-03,South,T-07,442.83,282.08
J-012355,2026-07-03,South,T-11,649.43,457.62
J-012356,2026-07-03,South,T-03,740.12,423.71
J-012357,2026-07-03,South,T-11,585.78,404.94
J-012358,2026-07-03,East,T-04,2052.02,1217.15
J-012359,2026-07-03,North,T-06,1004.13,659.51
J-012360,2026-07-03,South,T-03,980.47,695.53
J-012361,2026-07-03,North,T-09,371.98,240.77
J-012362,2026-07-03,North,T-01,613.21,398.66
J-012363,2026-07-03,South,T-02,551.52,372.66
J-012364,2026-07-03,West,T-05,373.12,239.18
J-012365,2026-07-03,North,T-01,848.8,603.35
J-012366,2026-07-03,North,T-07,173.12,125.73
J-012367,2026-07-03,South,T-09,609.81,309.82
J-012368,2026-07-03,East,T-03,883.83,669.56
J-012369,2026-07-03,West,T-04,1982.94,1041.58
J-012370,2026-07-03,East,T-06,1037.93,595.65
J-012371,2026-07-03,North,T-10,1012.23,665.41
J-012372,2026-07-03,South,T-05,969.31,596.95
J-012373,2026-07-03,South,T-09,1513.53,949.87
J-012374,2026-07-03,West,T-04,964.32,546.56
J-012375,2026-07-03,South,T-05,504.83,366.94
J-012376,2026-07-03,North,T-04,688.81,430.29
J-012377,2026-07-03,East,T-08,383.46,203.83
J-012378,2026-07-03,East,T-04,461.06,301.91
J-012379,2026-07-03,North,T-12,1509.26,973.61
J-012380,2026-07-03,North,T-09,792.96,540.97
J-012381,2026-07-03,East,T-04,734.45,443.95
J-012382,2026-07-03,North,T-05,794.75,412.31
J-012383,2026-07-03,North,T-05,426.79,307.07
J-012384,2026-07-03,West,T-07,852.87,504.04
J-012385,2026-07-03,East,T-02,984.87,600.57
J-012386,2026-07-04,North,T-02,644.36,370.45
J-012387,2026-07-04,North,T-10,505.89,317.63
J-012388,2026-07-04,North,T-04,690.71,458.71
J-012389,2026-07-04,East,T-04,616.86,420.09
J-012390,2026-07-04,South,T-10,511.2,330.83
J-012391,2026-07-04,East,T-11,894.75,611.58
J-012392,2026-07-04,North,T-05,358.4,239.69
J-012393,2026-07-04,East,T-06,454.86,244.43
J-012394,2026-07-04,East,T-09,323.86,210.89
J-012395,2026-07-04,West,T-04,828.26,458.97
J-012396,2026-07-04,South,T-06,635.17,418.92
J-012397,2026-07-04,North,T-11,561.01,336.85
J-012398,2026-07-04,West,T-06,515.17,353.05
J-012399,2026-07-04,North,T-08,624.24,348.81
J-012400,2026-07-05,North,T-09,489.91,331.76
J-012401,2026-07-05,North,T-08,507.83,319.72
J-012402,2026-07-05,North,T-12,221.02,132.08
J-012403,2026-07-05,North,T-08,849.68,555.98
J-012404,2026-07-05,North,T-03,1862.21,1192.6
J-012405,2026-07-05,West,T-06,627.8,378.78
J-012406,2026-07-05,North,T-03,195.78,123.31
J-012407,2026-07-06,West,T-07,827.72,550.29
J-012408,2026-07-06,West,T-11,1126.26,734.32
J-012409,2026-07-06,East,T-04,848.53,490.22
J-012410,2026-07-06,West,T-07,1176.15,700.33
J-012411,2026-07-06,East,T-09,438.42,285.79
J-012412,2026-07-06,North,T-05,538.96,356.78
J-012413,2026-07-06,South,T-12,910.6,619.17
J-012414,2026-07-06,East,T-09,628.78,382.61
J-012415,2026-07-06,West,T-04,504.46,344.49
J-012416,2026-07-06,West,T-11,992.54,543.64
J-012417,2026-07-06,East,T-12,461.73,292.54
J-012418,2026-07-06,South,T-01,683.23,442.96
J-012419,2026-07-06,South,T-11,905.76,511.28
J-012420,2026-07-06,East,T-11,168.16,127.52
J-012421,2026-07-06,South,T-10,543.52,287.08
J-012422,2026-07-06,West,T-01,767.76,435.78
J-012423,2026-07-06,East,T-06,817.68,535.02
J-012424,2026-07-06,West,T-10,643.93,465.91
J-012425,2026-07-06,East,T-06,962.32,658.04
J-012426,2026-07-06,East,T-01,493.75,286.11
J-012427,2026-07-06,South,T-05,737.26,402.62
J-012428,2026-07-06,South,T-10,1142.74,687.91
J-012429,2026-07-06,South,T-04,825.09,526.4
J-012430,2026-07-06,North,T-05,612.05,364.54
J-012431,2026-07-06,North,T-02,333.81,187.58
J-012432,2026-07-06,East,T-07,442.75,366.64
J-012433,2026-07-06,East,T-11,927.0,548.98
J-012434,2026-07-06,East,T-09,589.8,313.46
J-012435,2026-07-06,North,T-04,572.54,437.97
J-012436,2026-07-06,East,T-06,499.26,333.91
J-012437,2026-07-06,East,T-01,516.13,261.34
J-012438,2026-07-06,West,T-09,797.5,613.06
J-012439,2026-07-07,North,T-02,1045.26,649.83
J-012440,2026-07-07,South,T-10,471.0,300.02
J-012441,2026-07-07,South,T-09,293.9,210.44
J-012442,2026-07-07,North,T-04,391.39,239.33
J-012443,2026-07-07,North,T-11,374.31,243.22
J-012444,2026-07-07,North,T-06,567.88,367.36
J-012445,2026-07-07,West,T-01,824.27,485.93
J-012446,2026-07-07,East,T-12,694.58,394.32
J-012447,2026-07-07,East,T-03,1061.58,714.79
J-012448,2026-07-07,East,T-08,1071.22,641.09
J-012449,2026-07-07,East,T-12,725.68,501.45
J-012450,2026-07-07,North,T-02,763.33,503.96
J-012451,2026-07-07,East,T-06,561.01,355.89
J-012452,2026-07-07,North,T-01,356.42,182.5
J-012453,2026-07-07,North,T-10,1090.22,566.28
J-012454,2026-07-07,East,T-10,1249.64,784.0
J-012455,2026-07-07,East,T-06,549.76,329.18
J-012456,2026-07-07,West,T-12,360.55,255.47
J-012457,2026-07-07,West,T-10,211.89,135.75
J-012458,2026-07-07,North,T-08,252.32,154.0
J-012459,2026-07-07,East,T-10,1348.71,864.15
J-012460,2026-07-07,North,T-05,1489.86,873.8
J-012461,2026-07-07,West,T-02,310.31,213.7
J-012462,2026-07-07,East,T-08,638.9,351.8
J-012463,2026-07-07,East,T-01,484.56,336.94
J-012464,2026-07-07,East,T-11,2016.43,1387.22
J-012465,2026-07-07,West,T-02,526.39,302.14
J-012466,2026-07-07,West,T-12,357.4,217.64
J-012467,2026-07-07,South,T-11,865.06,610.03
J-012468,2026-07-08,South,T-04,255.63,148.97
J-012469,2026-07-08,East,T-04,869.94,605.11
J-012470,2026-07-08,North,T-01,686.36,452.62
J-012471,2026-07-08,East,T-06,485.76,306.86
J-012472,2026-07-08,South,T-09,1077.25,802.38
J-012473,2026-07-08,South,T-04,762.98,573.16
J-012474,2026-07-08,West,T-12,729.66,479.84
J-012475,2026-07-08,East,T-05,1031.1,592.39
J-012476,2026-07-08,North,T-11,877.45,687.61
J-012477,2026-07-08,South,T-03,1222.99,848.94
J-012478,2026-07-08,North,T-08,850.67,437.81
J-012479,2026-07-08,South,T-01,653.58,370.0
J-012480,2026-07-08,West,T-06,113.49,74.48
J-012481,2026-07-08,East,T-10,670.84,486.03
J-012482,2026-07-08,West,T-11,676.8,417.66
J-012483,2026-07-08,North,T-10,621.33,368.13
J-012484,2026-07-08,West,T-07,837.45,485.77
J-012485,2026-07-08,South,T-08,397.52,259.32
J-012486,2026-07-08,South,T-11,756.91,508.74
J-012487,2026-07-08,South,T-06,853.97,569.09
J-012488,2026-07-08,North,T-12,1336.98,865.72
J-012489,2026-07-08,North,T-07,392.33,241.54
J-012490,2026-07-08,West,T-07,500.12,303.44
J-012491,2026-07-08,West,T-02,948.83,644.49
J-012492,2026-07-08,South,T-07,1104.79,558.56
J-012493,2026-07-08,North,T-11,453.17,264.88
J-012494,2026-07-08,East,T-11,370.22,242.6
J-012495,2026-07-08,East,T-02,285.42,186.02
J-012496,2026-07-08,North,T-05,608.79,367.82
J-012497,2026-07-08,North,T-03,804.11,423.24
J-012498,2026-07-08,South,T-05,393.56,246.13
J-012499,2026-07-08,South,T-09,449.63,294.05
J-012500,2026-07-08,South,T-09,925.09,657.22
J-012501,2026-07-08,South,T-09,1095.11,700.01
J-012502,2026-07-08,South,T-06,921.71,500.08
J-012503,2026-07-09,North,T-05,652.89,435.4
J-012504,2026-07-09,South,T-02,452.23,292.1
J-012505,2026-07-09,North,T-01,970.98,682.68
J-012506,2026-07-09,North,T-07,428.02,271.94
J-012507,2026-07-09,South,T-01,1107.42,746.64
J-012508,2026-07-09,North,T-09,424.32,269.54
J-012509,2026-07-09,North,T-11,2031.85,1404.57
J-012510,2026-07-09,West,T-10,445.79,276.64
J-012511,2026-07-09,West,T-11,425.69,288.85
J-012512,2026-07-09,West,T-12,610.4,368.81
J-012513,2026-07-09,North,T-09,923.24,586.62
J-012514,2026-07-09,South,T-05,3765.9,2364.65
J-012515,2026-07-09,West,T-08,186.69,116.45
J-012516,2026-07-09,North,T-01,493.13,314.82
J-012517,2026-07-09,East,T-03,1985.87,1397.92
J-012518,2026-07-09,West,T-04,607.51,357.2
J-012519,2026-07-09,North,T-02,593.0,336.8
J-012520,2026-07-09,South,T-07,493.55,320.25
J-012521,2026-07-09,East,T-05,515.93,351.48
J-012522,2026-07-09,North,T-03,794.59,504.99
J-012523,2026-07-09,East,T-02,625.45,416.5
J-012524,2026-07-09,East,T-08,738.88,474.01
J-012525,2026-07-09,South,T-11,453.99,303.94
J-012526,2026-07-09,South,T-04,1109.59,584.95
J-012527,2026-07-09,West,T-02,603.51,360.36
J-012528,2026-07-09,North,T-11,880.12,556.73
J-012529,2026-07-09,South,T-09,498.12,291.73
J-012530,2026-07-09,North,T-03,1159.02,764.82
J-012531,2026-07-09,West,T-12,434.9,297.32
J-012532,2026-07-09,East,T-08,1178.33,777.27
J-012533,2026-07-09,East,T-08,585.67,338.35
J-012534,2026-07-09,East,T-10,910.1,586.78
J-012535,2026-07-09,North,T-12,586.48,413.24
J-012536,2026-07-09,North,T-01,635.75,339.44
J-012537,2026-07-09,North,T-02,565.63,405.06
J-012538,2026-07-10,West,T-03,418.18,235.26
J-012539,2026-07-10,North,T-04,781.65,477.19
J-012540,2026-07-10,North,T-02,765.55,507.88
J-012541,2026-07-10,South,T-03,464.97,295.08
J-012542,2026-07-10,North,T-11,1026.1,569.78
J-012543,2026-07-10,North,T-02,1896.45,1219.16
J-012544,2026-07-10,North,T-10,517.71,301.93
J-012545,2026-07-10,North,T-11,297.4,197.4
J-012546,2026-07-10,East,T-09,737.74,462.57
J-012547,2026-07-10,North,T-10,1308.99,903.86
J-012548,2026-07-10,East,T-09,774.38,483.87
J-012549,2026-07-10,South,T-11,708.7,450.03
J-012550,2026-07-10,South,T-04,700.99,485.98
J-012551,2026-07-10,North,T-11,358.62,244.11
J-012552,2026-07-10,South,T-01,384.79,243.23
J-012553,2026-07-10,South,T-02,398.59,236.81
J-012554,2026-07-10,North,T-06,761.03,460.92
J-012555,2026-07-10,East,T-12,487.34,299.85
J-012556,2026-07-10,East,T-03,1912.13,1003.49
J-012557,2026-07-10,North,T-02,2031.81,1320.18
J-012558,2026-07-10,East,T-09,781.38,475.43
J-012559,2026-07-10,South,T-04,555.11,361.69
J-012560,2026-07-10,East,T-12,853.33,529.05
J-012561,2026-07-10,East,T-08,613.23,460.09
J-012562,2026-07-10,South,T-06,2032.02,1427.53
J-012563,2026-07-10,North,T-12,788.8,507.33
J-012564,2026-07-10,South,T-08,315.52,214.06
J-012565,2026-07-10,South,T-03,941.79,585.27
J-012566,2026-07-10,North,T-09,329.49,197.7
J-012567,2026-07-10,North,T-06,732.81,442.06
J-012568,2026-07-10,East,T-02,5243.8,3022.91
J-012569,2026-07-10,North,T-05,1174.52,743.92
J-012570,2026-07-10,South,T-05,808.86,481.9
J-012571,2026-07-10,South,T-01,744.78,432.44
J-012572,2026-07-10,East,T-11,475.1,291.87
J-012573,2026-07-10,East,T-12,1173.17,740.81
J-012574,2026-07-10,North,T-11,1304.7,867.65
J-012575,2026-07-10,South,T-01,408.51,239.34
J-012576,2026-07-10,North,T-08,875.98,527.57
J-012577,2026-07-10,North,T-09,478.85,268.4
J-012578,2026-07-11,North,T-08,902.55,519.97
J-012579,2026-07-11,East,T-02,681.08,509.96
J-012580,2026-07-11,East,T-03,352.89,207.63
J-012581,2026-07-11,North,T-05,2152.52,1502.47
J-012582,2026-07-11,East,T-05,500.6,308.03
J-012583,2026-07-11,North,T-04,1136.28,722.45
J-012584,2026-07-11,South,T-01,1071.25,568.87
J-012585,2026-07-11,East,T-04,295.59,181.59
J-012586,2026-07-11,North,T-03,615.54,416.67
J-012587,2026-07-11,North,T-10,1027.1,536.24
J-012588,2026-07-11,South,T-08,769.68,519.61
J-012589,2026-07-11,East,T-11,289.05,202.53
J-012590,2026-07-11,West,T-07,2062.55,1331.99
J-012591,2026-07-11,South,T-03,509.12,345.55
J-012592,2026-07-12,East,T-12,1179.4,748.57
J-012593,2026-07-12,South,T-08,656.99,393.38
J-012594,2026-07-12,West,T-06,788.5,551.07
J-012595,2026-07-12,East,T-12,1911.75,1156.87
J-012596,2026-07-12,East,T-04,1082.6,632.66
J-012597,2026-07-13,East,T-01,470.51,322.77
J-012598,2026-07-13,North,T-12,346.71,226.78
J-012599,2026-07-13,South,T-09,587.58,359.26
J-012600,2026-07-13,West,T-09,419.84,277.92
J-012601,2026-07-13,North,T-06,550.46,392.45
J-012602,2026-07-13,West,T-06,439.5,301.79
J-012603,2026-07-13,South,T-11,1406.83,911.78
J-012604,2026-07-13,East,T-07,1342.96,687.78
J-012605,2026-07-13,South,T-05,1235.67,767.04
J-012606,2026-07-13,East,T-10,981.28,585.06
J-012607,2026-07-13,West,T-09,646.87,440.35
J-012608,2026-07-13,South,T-04,707.34,420.41
J-012609,2026-07-13,South,T-12,397.07,217.66
J-012610,2026-07-13,South,T-04,712.32,418.53
J-012611,2026-07-13,North,T-04,381.42,243.49
J-012612,2026-07-13,West,T-12,465.77,284.33
J-012613,2026-07-13,West,T-11,752.13,408.84
J-012614,2026-07-13,North,T-04,746.68,551.6
J-012615,2026-07-13,West,T-07,843.42,563.54
J-012616,2026-07-13,North,T-05,492.59,344.02
J-012617,2026-07-13,West,T-12,1286.28,855.29
J-012618,2026-07-13,East,T-02,691.55,493.61
J-012619,2026-07-13,South,T-07,923.8,476.33
J-012620,2026-07-13,East,T-02,573.3,372.65
J-012621,2026-07-13,North,T-04,1003.97,587.18
J-012622,2026-07-13,North,T-04,641.41,441.51
J-012623,2026-07-13,East,T-01,563.4,359.56
J-012624,2026-07-13,West,T-08,935.49,628.46
J-012625,2026-07-13,South,T-05,673.76,448.19
J-012626,2026-07-13,North,T-10,476.1,357.9
J-012627,2026-07-13,North,T-02,752.02,516.73
J-012628,2026-07-13,South,T-05,530.25,355.36
J-012629,2026-07-13,North,T-07,315.41,188.03
J-012630,2026-07-13,West,T-02,725.9,406.83
J-012631,2026-07-13,South,T-04,584.96,358.41
J-012632,2026-07-13,West,T-02,847.98,534.73
J-012633,2026-07-13,South,T-03,1337.54,800.26
J-012634,2026-07-13,South,T-11,1414.6,901.77
J-012635,2026-07-14,North,T-01,614.02,362.34
J-012636,2026-07-14,East,T-07,310.27,197.04
J-012637,2026-07-14,North,T-11,363.34,189.81
J-012638,2026-07-14,East,T-09,610.64,418.13
J-012639,2026-07-14,South,T-10,700.82,476.38
J-012640,2026-07-14,East,T-05,488.67,299.51
J-012641,2026-07-14,North,T-02,818.75,524.16
J-012642,2026-07-14,North,T-06,523.8,381.74
J-012643,2026-07-14,South,T-02,421.92,246.63
J-012644,2026-07-14,North,T-03,730.91,450.22
J-012645,2026-07-14,South,T-01,665.99,466.38
J-012646,2026-07-14,North,T-04,849.16,481.82
J-012647,2026-07-14,East,T-07,626.28,420.46
J-012648,2026-07-14,South,T-05,390.61,225.64
J-012649,2026-07-14,North,T-10,643.21,412.4
J-012650,2026-07-14,West,T-02,189.63,128.85
J-012651,2026-07-14,East,T-02,515.72,336.32
J-012652,2026-07-14,South,T-05,792.19,594.54
J-012653,2026-07-14,South,T-10,400.1,246.18
J-012654,2026-07-14,North,T-06,967.89,467.2
J-012655,2026-07-14,North,T-06,1659.38,1139.05
J-012656,2026-07-14,West,T-06,552.58,372.54
J-012657,2026-07-14,West,T-02,477.93,316.64
J-012658,2026-07-14,West,T-02,1111.23,774.52
J-012659,2026-07-14,East,T-02,1542.37,1095.06
J-012660,2026-07-14,North,T-05,1009.05,678.1
J-012661,2026-07-14,North,T-02,1518.12,779.89
J-012662,2026-07-14,North,T-10,662.51,451.82
J-012663,2026-07-14,South,T-12,598.77,424.54
J-012664,2026-07-14,North,T-04,521.49,345.12
J-012665,2026-07-14,North,T-01,713.83,444.44
J-012666,2026-07-14,South,T-05,669.05,486.68
J-012667,2026-07-14,West,T-10,806.68,470.67
J-012668,2026-07-14,West,T-02,360.74,225.85
J-012669,2026-07-14,South,T-05,495.46,335.4
J-012670,2026-07-14,West,T-08,645.26,435.04
J-012671,2026-07-14,East,T-08,2094.26,1264.43
J-012672,2026-07-14,East,T-05,1226.67,739.39
J-012673,2026-07-15,North,T-02,589.79,350.01
J-012674,2026-07-15,North,T-11,236.59,148.94
J-012675,2026-07-15,East,T-11,1069.17,775.38
J-012676,2026-07-15,North,T-01,303.23,229.52
J-012677,2026-07-15,South,T-06,252.86,171.78
J-012678,2026-07-15,East,T-01,364.26,189.4
J-012679,2026-07-15,West,T-12,1754.25,1025.25
J-012680,2026-07-15,West,T-12,975.52,741.19
J-012681,2026-07-15,East,T-09,1676.43,957.54
J-012682,2026-07-15,North,T-03,462.24,208.01
J-012683,2026-07-15,East,T-12,473.29,318.84
J-012684,2026-07-15,North,T-08,502.67,317.83
J-012685,2026-07-15,West,T-02,495.67,341.65
J-012686,2026-07-15,North,T-07,758.05,420.13
J-012687,2026-07-15,South,T-09,1141.8,868.28
J-012688,2026-07-15,East,T-12,491.76,307.81
J-012689,2026-07-15,South,T-10,430.85,299.44
J-012690,2026-07-15,East,T-07,527.26,268.85
J-012691,2026-07-15,East,T-11,761.46,480.58
J-012692,2026-07-15,North,T-05,1057.66,659.48
J-012693,2026-07-15,West,T-02,780.27,495.0
J-012694,2026-07-15,North,T-11,363.7,231.61
J-012695,2026-07-15,South,T-09,608.46,432.85
J-012696,2026-07-15,South,T-05,678.13,437.28
J-012697,2026-07-15,South,T-04,698.1,440.31
J-012698,2026-07-16,South,T-06,781.01,508.66
J-012699,2026-07-16,West,T-05,513.44,299.96
J-012700,2026-07-16,South,T-04,843.25,536.31
J-012701,2026-07-16,South,T-12,544.23,364.4
J-012702,2026-07-16,West,T-01,730.39,480.4
J-012703,2026-07-16,East,T-02,522.7,324.78
J-012704,2026-07-16,North,T-12,1076.09,508.63
J-012705,2026-07-16,East,T-10,720.14,413.44
J-012706,2026-07-16,North,T-07,808.16,547.16
J-012707,2026-07-16,East,T-07,544.59,320.97
J-012708,2026-07-16,West,T-09,1070.22,693.27
J-012709,2026-07-16,North,T-08,571.15,394.9
J-012710,2026-07-16,South,T-07,784.2,596.17
J-012711,2026-07-16,West,T-10,639.86,474.3
J-012712,2026-07-16,North,T-02,827.51,518.63
J-012713,2026-07-16,North,T-10,631.65,489.83
J-012714,2026-07-16,North,T-05,599.15,378.64
J-012715,2026-07-16,North,T-09,543.8,364.08
J-012716,2026-07-16,East,T-03,634.92,418.62
J-012717,2026-07-16,West,T-01,415.33,305.66
J-012718,2026-07-16,East,T-05,443.05,294.24
J-012719,2026-07-16,North,T-02,1450.57,974.84
J-012720,2026-07-16,North,T-07,643.38,431.84
J-012721,2026-07-16,North,T-01,633.92,366.89
J-012722,2026-07-16,North,T-10,342.01,196.82
J-012723,2026-07-16,South,T-11,1798.09,1132.39
J-012724,2026-07-16,East,T-07,1075.92,731.14
J-012725,2026-07-16,East,T-11,391.48,232.9
J-012726,2026-07-16,North,T-07,549.91,334.51
J-012727,2026-07-17,East,T-08,489.56,303.31
J-012728,2026-07-17,West,T-02,816.0,456.41
J-012729,2026-07-17,East,T-06,776.05,516.17
J-012730,2026-07-17,North,T-01,552.39,368.23
J-012731,2026-07-17,South,T-07,530.81,325.1
J-012732,2026-07-17,South,T-06,474.6,315.77
J-012733,2026-07-17,South,T-06,1252.59,766.62
J-012734,2026-07-17,North,T-01,845.4,557.3
J-012735,2026-07-17,West,T-01,515.69,365.18
J-012736,2026-07-17,East,T-08,693.17,414.64
J-012737,2026-07-17,South,T-12,416.24,261.2
J-012738,2026-07-17,West,T-01,438.17,268.31
J-012739,2026-07-17,South,T-07,1176.01,718.91
J-012740,2026-07-17,North,T-02,1292.22,841.87
J-012741,2026-07-17,East,T-05,1183.53,743.15
J-012742,2026-07-17,North,T-05,797.67,575.89
J-012743,2026-07-17,South,T-04,464.37,274.44
J-012744,2026-07-17,North,T-06,385.93,263.51
J-012745,2026-07-17,North,T-02,2442.16,1364.74
J-012746,2026-07-17,North,T-06,478.45,322.39
J-012747,2026-07-17,North,T-08,825.66,581.97
J-012748,2026-07-17,West,T-12,811.03,613.88
J-012749,2026-07-17,West,T-05,493.27,308.82
J-012750,2026-07-17,South,T-08,654.7,373.98
J-012751,2026-07-17,East,T-05,440.15,306.09
J-012752,2026-07-17,North,T-05,566.48,354.43
J-012753,2026-07-17,North,T-09,604.95,418.29
J-012754,2026-07-17,North,T-12,369.63,254.46
J-012755,2026-07-17,West,T-08,2056.46,1402.18
J-012756,2026-07-17,South,T-09,957.83,650.81
J-012757,2026-07-17,North,T-01,735.38,456.57
J-012758,2026-07-17,South,T-03,698.41,421.0
J-012759,2026-07-17,South,T-12,540.55,322.11
J-012760,2026-07-18,East,T-02,843.54,507.76
J-012761,2026-07-18,East,T-10,625.57,381.63
J-012762,2026-07-18,South,T-05,966.66,660.21
J-012763,2026-07-18,South,T-09,362.54,212.84
J-012764,2026-07-18,North,T-03,728.89,441.69
J-012765,2026-07-18,South,T-11,440.56,285.65
J-012766,2026-07-18,East,T-03,465.38,285.07
J-012767,2026-07-18,South,T-03,546.3,302.56
J-012768,2026-07-18,East,T-05,322.8,221.48
J-012769,2026-07-18,East,T-09,682.4,425.96
J-012770,2026-07-18,East,T-10,415.2,244.59
J-012771,2026-07-18,South,T-11,778.5,526.65
J-012772,2026-07-18,South,T-06,857.51,513.72
J-012773,2026-07-18,East,T-12,487.21,305.82
J-012774,2026-07-18,East,T-11,659.35,502.8
J-012775,2026-07-19,North,T-08,946.09,565.14
J-012776,2026-07-19,North,T-09,1010.16,655.71
J-012777,2026-07-19,East,T-09,622.9,377.52
J-012778,2026-07-19,North,T-09,448.93,286.46
J-012779,2026-07-19,West,T-12,470.12,306.28
J-012780,2026-07-19,South,T-10,200.02,154.83
J-012781,2026-07-19,East,T-08,739.0,496.69
J-012782,2026-07-19,South,T-03,416.42,316.49
J-012783,2026-07-19,West,T-08,1301.35,827.1
J-012784,2026-07-20,South,T-05,2487.12,1534.72
J-012785,2026-07-20,West,T-05,894.51,537.87
J-012786,2026-07-20,South,T-03,731.35,441.6
J-012787,2026-07-20,North,T-04,424.72,294.4
J-012788,2026-07-20,South,T-10,841.87,596.39
J-012789,2026-07-20,East,T-10,759.31,444.52
J-012790,2026-07-20,South,T-09,210.41,123.01
J-012791,2026-07-20,South,T-06,822.55,586.63
J-012792,2026-07-20,South,T-08,882.26,551.91
J-012793,2026-07-20,West,T-05,510.75,358.3
J-012794,2026-07-20,South,T-11,418.36,286.19
J-012795,2026-07-20,South,T-01,604.13,383.19
J-012796,2026-07-20,West,T-03,318.09,191.75
J-012797,2026-07-20,South,T-11,866.92,520.1
J-012798,2026-07-20,North,T-08,455.32,259.3
J-012799,2026-07-20,South,T-07,1748.65,1214.62
J-012800,2026-07-20,East,T-12,617.92,388.13
J-012801,2026-07-20,West,T-10,1075.46,677.7
J-012802,2026-07-20,North,T-10,933.15,579.26
J-012803,2026-07-20,East,T-03,924.18,654.24
J-012804,2026-07-20,West,T-07,1522.06,1104.52
J-012805,2026-07-20,South,T-01,788.03,539.83
J-012806,2026-07-20,South,T-07,286.25,168.34
J-012807,2026-07-20,West,T-02,361.91,234.0
J-012808,2026-07-20,South,T-12,225.93,142.99
J-012809,2026-07-20,South,T-04,753.91,449.88
J-012810,2026-07-20,East,T-07,810.75,485.74
J-012811,2026-07-20,North,T-03,760.06,445.51
J-012812,2026-07-20,North,T-02,1920.9,1220.39
J-012813,2026-07-20,West,T-08,708.43,425.05
J-012814,2026-07-20,West,T-05,842.72,545.87
J-012815,2026-07-20,South,T-01,1132.49,825.15
J-012816,2026-07-21,East,T-06,1577.57,839.64
J-012817,2026-07-21,North,T-11,1086.27,664.76
J-012818,2026-07-21,West,T-08,552.66,338.63
J-012819,2026-07-21,South,T-02,1483.12,943.71
J-012820,2026-07-21,East,T-01,944.98,529.3
J-012821,2026-07-21,East,T-02,425.48,241.6
J-012822,2026-07-21,North,T-03,1166.14,607.56
J-012823,2026-07-21,North,T-11,491.6,283.26
J-012824,2026-07-21,North,T-05,1438.12,944.87
J-012825,2026-07-21,East,T-06,827.05,652.23
J-012826,2026-07-21,East,T-10,505.68,298.43
J-012827,2026-07-21,South,T-05,680.9,444.95
J-012828,2026-07-21,South,T-06,546.18,328.52
J-012829,2026-07-21,South,T-05,816.81,493.33
J-012830,2026-07-21,East,T-07,715.86,515.86
J-012831,2026-07-21,South,T-09,524.09,344.39
J-012832,2026-07-21,South,T-08,1896.06,1421.55
J-012833,2026-07-21,South,T-04,1228.4,822.54
J-012834,2026-07-21,South,T-12,423.13,295.39
J-012835,2026-07-21,East,T-01,543.27,365.25
J-012836,2026-07-21,South,T-08,805.51,518.56
J-012837,2026-07-21,South,T-12,1345.71,719.1
J-012838,2026-07-21,West,T-03,609.57,344.12
J-012839,2026-07-21,North,T-11,351.59,213.34
J-012840,2026-07-21,West,T-12,441.09,292.77
J-012841,2026-07-21,South,T-08,1592.7,1108.65
J-012842,2026-07-21,East,T-06,987.65,579.56
J-012843,2026-07-21,North,T-08,289.13,162.37
J-012844,2026-07-21,West,T-07,496.5,303.21
J-012845,2026-07-21,South,T-03,489.65,327.28
J-012846,2026-07-21,North,T-04,444.33,247.06
J-012847,2026-07-21,North,T-08,980.05,744.37
J-012848,2026-07-21,North,T-10,1231.52,753.51
J-012849,2026-07-21,East,T-01,576.16,348.65
J-012850,2026-07-22,East,T-06,525.42,286.23
J-012851,2026-07-22,South,T-08,421.9,246.67
J-012852,2026-07-22,East,T-02,542.22,348.39
J-012853,2026-07-22,South,T-01,548.66,274.02
J-012854,2026-07-22,West,T-01,931.61,575.24
J-012855,2026-07-22,South,T-01,930.55,548.54
J-012856,2026-07-22,West,T-11,581.68,427.79
J-012857,2026-07-22,North,T-11,377.73,256.29
J-012858,2026-07-22,South,T-03,220.1,152.21
J-012859,2026-07-22,East,T-08,838.44,533.33
J-012860,2026-07-22,East,T-08,1127.32,665.48
J-012861,2026-07-22,West,T-10,748.81,554.57
J-012862,2026-07-22,East,T-01,936.36,660.29
J-012863,2026-07-22,South,T-11,407.27,276.01
J-012864,2026-07-22,North,T-07,459.19,309.85
J-012865,2026-07-22,South,T-10,421.71,241.9
J-012866,2026-07-22,East,T-04,710.13,480.32
J-012867,2026-07-22,West,T-05,623.84,400.06
J-012868,2026-07-22,South,T-09,408.28,231.3
J-012869,2026-07-22,West,T-10,646.54,378.24
J-012870,2026-07-22,North,T-12,331.9,237.51
J-012871,2026-07-22,West,T-03,1291.83,714.48
J-012872,2026-07-22,East,T-08,2309.49,1238.43
J-012873,2026-07-22,South,T-11,673.29,423.53
J-012874,2026-07-22,North,T-04,1006.92,696.28
J-012875,2026-07-22,North,T-04,770.56,582.37
J-012876,2026-07-22,East,T-05,989.66,601.44
J-012877,2026-07-22,South,T-11,878.68,509.14
J-012878,2026-07-22,South,T-08,1766.84,1198.45
J-012879,2026-07-22,North,T-03,352.55,262.15
J-012880,2026-07-22,South,T-09,411.46,282.94
J-012881,2026-07-23,North,T-04,939.89,599.67
J-012882,2026-07-23,North,T-12,448.0,289.99
J-012883,2026-07-23,South,T-04,807.9,459.68
J-012884,2026-07-23,North,T-06,297.71,190.54
J-012885,2026-07-23,North,T-08,1434.22,779.2
J-012886,2026-07-23,South,T-08,498.49,339.4
J-012887,2026-07-23,North,T-09,293.7,180.37
J-012888,2026-07-23,South,T-08,517.89,350.9
J-012889,2026-07-23,North,T-07,705.42,439.1
J-012890,2026-07-23,South,T-12,229.82,154.22
J-012891,2026-07-23,West,T-02,1163.21,663.78
J-012892,2026-07-23,West,T-03,2410.05,1611.68
J-012893,2026-07-23,East,T-11,413.96,237.03
J-012894,2026-07-23,South,T-07,734.92,533.43
J-012895,2026-07-23,South,T-08,967.9,616.58
J-012896,2026-07-23,South,T-06,1260.06,870.42
J-012897,2026-07-23,South,T-10,507.77,357.87
J-012898,2026-07-23,West,T-02,925.13,603.71
J-012899,2026-07-23,East,T-10,351.47,226.36
J-012900,2026-07-23,East,T-09,616.2,423.9
J-012901,2026-07-23,East,T-03,1415.56,975.71
J-012902,2026-07-23,East,T-02,838.32,560.07
J-012903,2026-07-23,East,T-07,901.87,599.87
J-012904,2026-07-23,North,T-01,598.85,386.7
J-012905,2026-07-23,North,T-03,1180.31,687.4
J-012906,2026-07-23,South,T-12,451.85,319.01
J-012907,2026-07-23,North,T-11,459.88,290.65
J-012908,2026-07-23,South,T-04,463.3,291.61
J-012909,2026-07-23,North,T-09,1179.69,725.9
J-012910,2026-07-23,South,T-12,816.97,436.02
J-012911,2026-07-23,South,T-02,686.71,457.35
J-012912,2026-07-23,North,T-11,395.83,236.7
J-012913,2026-07-24,South,T-08,809.34,510.07
J-012914,2026-07-24,West,T-07,942.15,676.07
J-012915,2026-07-24,North,T-12,2003.77,1167.07
J-012916,2026-07-24,North,T-12,404.11,295.57
J-012917,2026-07-24,West,T-03,587.3,329.88
J-012918,2026-07-24,South,T-03,1202.47,721.92
J-012919,2026-07-24,West,T-10,946.85,579.2
J-012920,2026-07-24,West,T-10,524.45,285.84
J-012921,2026-07-24,West,T-12,912.66,597.0
J-012922,2026-07-24,South,T-07,299.3,182.64
J-012923,2026-07-24,West,T-12,419.76,267.73
J-012924,2026-07-24,South,T-05,552.87,364.85
J-012925,2026-07-24,North,T-11,318.24,191.0
J-012926,2026-07-24,East,T-06,444.37,311.2
J-012927,2026-07-24,West,T-11,847.31,533.28
J-012928,2026-07-24,South,T-04,786.49,585.31
J-012929,2026-07-24,South,T-01,651.62,452.58
J-012930,2026-07-24,North,T-09,629.04,444.58
J-012931,2026-07-24,East,T-03,1140.04,809.75
J-012932,2026-07-24,West,T-11,486.19,304.04
J-012933,2026-07-24,North,T-07,855.19,608.84
J-012934,2026-07-24,North,T-05,413.67,294.65
J-012935,2026-07-24,East,T-08,589.77,423.79
J-012936,2026-07-24,East,T-12,396.5,248.91
J-012937,2026-07-24,East,T-02,326.49,194.19
J-012938,2026-07-24,East,T-09,1035.47,750.28
J-012939,2026-07-24,South,T-05,543.45,381.18
J-012940,2026-07-24,West,T-03,631.74,419.89
J-012941,2026-07-24,North,T-09,402.76,247.69
J-012942,2026-07-24,South,T-02,2541.07,1605.54
J-012943,2026-07-24,East,T-06,329.55,222.51
J-012944,2026-07-24,North,T-11,1580.5,976.22
J-012945,2026-07-24,South,T-09,382.24,248.6
J-012946,2026-07-24,South,T-02,357.57,272.32
J-012947,2026-07-24,East,T-06,725.79,398.26
J-012948,2026-07-24,East,T-02,715.87,509.65
J-012949,2026-07-24,East,T-07,420.72,273.23
J-012950,2026-07-24,East,T-11,892.5,584.05
J-012951,2026-07-24,West,T-12,554.24,310.22
J-012952,2026-07-24,East,T-03,1116.78,704.23
J-012953,2026-07-24,South,T-03,558.85,299.97
J-012954,2026-07-24,East,T-05,763.48,520.36
J-012955,2026-07-25,South,T-11,2040.88,1167.95
J-012956,2026-07-25,North,T-02,579.52,348.9
J-012957,2026-07-25,East,T-07,831.72,479.75
J-012958,2026-07-25,North,T-05,485.6,328.34
J-012959,2026-07-25,West,T-01,622.21,334.49
J-012960,2026-07-25,East,T-07,599.94,354.45
J-012961,2026-07-25,South,T-06,290.46,182.15
J-012962,2026-07-25,North,T-01,762.26,388.64
J-012963,2026-07-25,South,T-03,1008.11,510.61
J-012964,2026-07-25,East,T-08,506.17,366.67
J-012965,2026-07-26,South,T-04,1523.82,947.34
J-012966,2026-07-26,West,T-10,892.59,579.51
J-012967,2026-07-26,South,T-03,313.14,172.19
J-012968,2026-07-26,West,T-02,725.51,387.12
J-012969,2026-07-27,West,T-12,450.86,273.51
J-012970,2026-07-27,South,T-03,769.54,565.46
J-012971,2026-07-27,West,T-11,751.58,514.44
J-012972,2026-07-27,West,T-06,832.57,540.17
J-012973,2026-07-27,West,T-01,700.58,520.37
J-012974,2026-07-27,South,T-05,451.06,280.83
J-012975,2026-07-27,South,T-04,541.33,379.13
J-012976,2026-07-27,South,T-01,349.66,261.99
J-012977,2026-07-27,East,T-05,1541.71,929.13
J-012978,2026-07-27,South,T-09,1688.53,1194.21
J-012979,2026-07-27,West,T-09,473.3,357.06
J-012980,2026-07-27,North,T-09,737.25,512.84
J-012981,2026-07-27,East,T-07,1205.96,845.88
J-012982,2026-07-27,West,T-08,803.26,459.45
J-012983,2026-07-27,South,T-06,818.48,588.55
J-012984,2026-07-27,South,T-06,947.82,528.51
J-012985,2026-07-27,South,T-09,1166.46,707.18
J-012986,2026-07-27,East,T-02,975.28,649.29
J-012987,2026-07-27,East,T-06,961.62,490.82
J-012988,2026-07-27,North,T-06,1222.24,676.18
J-012989,2026-07-27,North,T-08,796.96,521.89
J-012990,2026-07-27,South,T-09,601.1,419.86
J-012991,2026-07-27,North,T-03,231.0,154.3
J-012992,2026-07-27,West,T-10,1342.74,901.3
J-012993,2026-07-28,North,T-01,478.3,284.66
J-012994,2026-07-28,West,T-11,1181.9,816.65
J-012995,2026-07-28,West,T-11,334.49,226.4
J-012996,2026-07-28,East,T-01,893.7,618.0
J-012997,2026-07-28,West,T-08,223.92,141.79
J-012998,2026-07-28,West,T-10,650.53,378.27
J-012999,2026-07-28,North,T-08,685.81,415.31
J-013000,2026-07-28,North,T-10,495.63,386.2
J-013001,2026-07-28,South,T-12,328.84,178.9
J-013002,2026-07-28,North,T-02,576.44,385.17
J-013003,2026-07-28,North,T-03,567.77,377.93
J-013004,2026-07-28,North,T-02,529.98,346.6
J-013005,2026-07-28,South,T-05,372.25,227.52
J-013006,2026-07-28,North,T-08,843.82,498.9
J-013007,2026-07-28,East,T-04,1112.81,691.26
J-013008,2026-07-28,South,T-03,793.29,450.87
J-013009,2026-07-28,West,T-02,230.04,138.64
J-013010,2026-07-28,North,T-12,840.98,472.39
J-013011,2026-07-28,North,T-04,1389.61,846.65
J-013012,2026-07-28,North,T-04,994.26,662.05
J-013013,2026-07-28,West,T-01,324.19,236.95
J-013014,2026-07-28,North,T-04,663.72,399.87
J-013015,2026-07-28,South,T-12,895.13,615.92
J-013016,2026-07-28,North,T-05,1290.53,793.28
J-013017,2026-07-28,West,T-02,614.18,484.13
J-013018,2026-07-28,South,T-03,290.74,169.36
J-013019,2026-07-28,North,T-04,636.9,397.13
J-013020,2026-07-28,East,T-07,1294.5,750.78
J-013021,2026-07-28,East,T-01,954.23,556.44
J-013022,2026-07-28,North,T-01,1571.52,970.97
J-013023,2026-07-28,North,T-05,998.28,659.47
J-013024,2026-07-28,West,T-08,1221.74,684.95
J-013025,2026-07-28,South,T-07,505.64,299.36
J-013026,2026-07-28,East,T-07,316.26,220.9
J-013027,2026-07-28,South,T-02,1342.74,858.05
J-013028,2026-07-28,East,T-09,882.44,452.34
J-013029,2026-07-28,South,T-04,789.6,516.74
J-013030,2026-07-28,South,T-07,903.76,580.1
J-013031,2026-07-28,West,T-09,732.27,442.13
J-013032,2026-07-29,North,T-11,646.83,380.68
J-013033,2026-07-29,North,T-10,1322.32,829.85
J-013034,2026-07-29,East,T-07,1306.81,966.35
J-013035,2026-07-29,West,T-09,978.47,748.99
J-013036,2026-07-29,West,T-02,284.78,182.77
J-013037,2026-07-29,North,T-05,289.62,204.29
J-013038,2026-07-29,West,T-01,801.42,556.37
J-013039,2026-07-29,South,T-07,140.88,89.81
J-013040,2026-07-29,East,T-02,565.03,372.11
J-013041,2026-07-29,East,T-05,313.91,201.48
J-013042,2026-07-29,North,T-06,392.8,223.46
J-013043,2026-07-29,East,T-04,558.97,367.27
J-013044,2026-07-29,West,T-05,534.55,348.57
J-013045,2026-07-29,North,T-08,735.27,426.88
J-013046,2026-07-29,North,T-09,1311.85,848.27
J-013047,2026-07-29,East,T-10,358.4,216.68
J-013048,2026-07-29,East,T-10,650.23,347.73
J-013049,2026-07-29,North,T-12,592.67,422.04
J-013050,2026-07-29,North,T-11,263.22,173.6
J-013051,2026-07-29,South,T-02,814.32,549.37
J-013052,2026-07-29,East,T-01,462.14,297.42
J-013053,2026-07-29,North,T-01,587.65,405.01
J-013054,2026-07-29,East,T-03,1750.36,1172.48
J-013055,2026-07-29,South,T-05,534.78,370.27
J-013056,2026-07-29,North,T-07,316.89,184.74
J-013057,2026-07-29,East,T-02,908.94,636.52
J-013058,2026-07-29,North,T-11,1387.97,688.97
J-013059,2026-07-29,East,T-06,993.25,551.57
J-013060,2026-07-30,West,T-06,523.6,323.68
J-013061,2026-07-30,South,T-01,378.87,218.22
J-013062,2026-07-30,West,T-05,859.45,598.98
J-013063,2026-07-30,West,T-08,1343.07,893.38
J-013064,2026-07-30,East,T-08,771.58,512.48
J-013065,2026-07-30,North,T-04,461.3,270.32
J-013066,2026-07-30,South,T-06,1690.59,1048.71
J-013067,2026-07-30,North,T-05,232.45,134.9
J-013068,2026-07-30,West,T-01,511.45,333.92
J-013069,2026-07-30,West,T-08,472.57,343.19
J-013070,2026-07-30,South,T-01,545.84,367.23
J-013071,2026-07-30,West,T-11,1416.42,961.98
J-013072,2026-07-30,North,T-09,1236.52,696.69
J-013073,2026-07-30,North,T-03,782.7,446.79
J-013074,2026-07-30,North,T-01,821.74,518.08
J-013075,2026-07-30,South,T-03,1741.3,1142.69
J-013076,2026-07-30,West,T-08,434.52,276.43
J-013077,2026-07-30,East,T-10,614.34,404.33
J-013078,2026-07-30,East,T-07,864.84,487.55
J-013079,2026-07-30,North,T-02,344.94,252.73
J-013080,2026-07-30,East,T-01,268.86,179.98
J-013081,2026-07-30,West,T-04,2088.03,1511.95
J-013082,2026-07-30,West,T-11,596.63,392.66
J-013083,2026-07-30,West,T-11,477.35,266.44
J-013084,2026-07-30,South,T-01,840.66,494.77
J-013085,2026-07-30,North,T-04,1143.82,736.2
J-013086,2026-07-30,North,T-01,714.22,481.01
J-013087,2026-07-30,South,T-12,622.75,354.89
J-013088,2026-07-30,West,T-12,951.63,683.98
J-013089,2026-07-30,North,T-10,965.75,628.94
J-013090,2026-07-30,West,T-08,1014.07,729.55
J-013091,2026-07-30,East,T-01,898.09,561.81
J-013092,2026-07-30,East,T-07,472.01,309.87
J-013093,2026-07-30,East,T-04,519.41,334.55
J-013094,2026-07-30,South,T-11,694.18,409.56
J-013095,2026-07-31,South,T-11,452.78,345.0
J-013096,2026-07-31,South,T-09,660.99,400.73
J-013097,2026-07-31,North,T-07,1321.26,830.9
J-013098,2026-07-31,South,T-09,760.61,436.83
J-013099,2026-07-31,West,T-04,266.93,167.29
J-013100,2026-07-31,North,T-04,526.29,314.52
J-013101,2026-07-31,South,T-05,1102.9,721.42
J-013102,2026-07-31,North,T-08,261.68,151.09
J-013103,2026-07-31,West,T-03,767.46,464.19
J-013104,2026-07-31,North,T-07,632.62,403.01
J-013105,2026-07-31,North,T-02,769.1,503.16
J-013106,2026-07-31,North,T-01,951.35,684.42
J-013107,2026-07-31,North,T-06,496.63,331.73
J-013108,2026-07-31,East,T-01,491.6,323.75
J-013109,2026-07-31,North,T-04,673.65,349.92
J-013110,2026-07-31,West,T-11,431.45,287.63
J-013111,2026-07-31,East,T-04,717.07,448.35
J-013112,2026-07-31,West,T-06,393.73,277.96
J-013113,2026-07-31,North,T-06,673.68,428.56
J-013114,2026-07-31,East,T-03,564.94,383.7
J-013115,2026-07-31,North,T-06,630.17,326.48
J-013116,2026-07-31,South,T-07,831.39,432.62
J-013117,2026-07-31,West,T-08,550.8,379.04
J-013118,2026-07-31,North,T-08,319.49,204.82
J-013119,2026-07-31,West,T-11,532.74,427.9
J-013120,2026-07-31,North,T-07,383.84,238.59
J-013121,2026-07-31,North,T-10,470.98,345.97
J-013122,2026-07-31,East,T-06,1022.95,625.22
J-013123,2026-07-31,East,T-11,474.93,268.16
J-013124,2026-07-31,East,T-09,1294.86,839.66
J-013125,2026-07-31,East,T-03,529.03,394.21
J-013126,2026-07-31,North,T-08,1041.91,703.43
J-013127,2026-07-31,South,T-02,681.79,362.35
J-013128,2026-07-31,East,T-10,850.67,493.42
J-013129,2026-07-31,East,T-11,769.54,550.24
J-013130,2026-07-31,East,T-07,1104.56,715.48
J-013131,2026-07-31,West,T-10,1013.28,642.65
J-013132,2026-07-31,West,T-10,1185.79,893.56
J-013133,2026-07-31,North,T-08,1541.82,952.82
J-013134,2026-07-31,East,T-09,554.04,345.47
J-013135,2026-08-01,East,T-07,693.0,456.48
J-013136,2026-08-01,East,T-05,467.98,313.5
J-013137,2026-08-01,East,T-08,1266.43,749.43
J-013138,2026-08-01,East,T-02,330.72,193.79
J-013139,2026-08-01,North,T-10,635.88,411.3
J-013140,2026-08-01,South,T-04,303.47,216.75
J-013141,2026-08-01,East,T-09,310.63,178.55
J-013142,2026-08-01,North,T-10,461.87,269.89
J-013143,2026-08-01,East,T-06,426.53,278.99
J-013144,2026-08-01,North,T-11,667.44,457.17
J-013145,2026-08-01,North,T-01,362.02,247.88
J-013146,2026-08-01,South,T-02,672.61,474.02
J-013147,2026-08-02,East,T-01,766.1,533.08
J-013148,2026-08-02,West,T-12,146.87,106.58
J-013149,2026-08-02,South,T-01,822.36,597.78
J-013150,2026-08-02,East,T-01,1048.65,578.02
J-013151,2026-08-02,South,T-03,778.81,489.21
J-013152,2026-08-02,East,T-12,1209.34,707.17
J-013153,2026-08-02,North,T-10,311.04,169.42
J-013154,2026-08-02,South,T-07,490.57,327.24
J-013155,2026-08-02,East,T-12,1186.94,798.5
J-013156,2026-08-03,North,T-07,441.91,293.74
J-013157,2026-08-03,North,T-06,1318.35,901.58
J-013158,2026-08-03,North,T-01,3486.83,1967.77
J-013159,2026-08-03,North,T-09,486.18,277.35
J-013160,2026-08-03,West,T-04,862.95,469.8
J-013161,2026-08-03,East,T-04,454.91,259.19
J-013162,2026-08-03,East,T-04,342.8,237.49
J-013163,2026-08-03,East,T-06,765.8,446.88
J-013164,2026-08-03,North,T-05,591.85,355.53
J-013165,2026-08-03,North,T-05,972.67,621.04
J-013166,2026-08-03,West,T-04,948.16,627.78
J-013167,2026-08-03,North,T-07,279.04,173.03
J-013168,2026-08-03,East,T-01,995.82,628.32
J-013169,2026-08-03,North,T-03,473.83,293.55
J-013170,2026-08-03,North,T-07,441.97,323.64
J-013171,2026-08-03,West,T-12,701.86,468.85
J-013172,2026-08-03,South,T-06,464.45,318.09
J-013173,2026-08-03,South,T-06,558.95,382.53
J-013174,2026-08-03,South,T-09,984.26,593.79
J-013175,2026-08-03,North,T-02,250.45,151.73
J-013176,2026-08-03,East,T-05,608.82,400.14
J-013177,2026-08-03,West,T-01,322.97,199.66
J-013178,2026-08-03,North,T-06,658.22,399.46
J-013179,2026-08-03,South,T-01,990.77,672.31
J-013180,2026-08-03,East,T-11,722.78,432.56
J-013181,2026-08-03,North,T-04,2908.59,2019.2
J-013182,2026-08-03,South,T-04,567.39,367.35
J-013183,2026-08-03,West,T-04,799.47,410.08
J-013184,2026-08-03,North,T-09,567.77,411.96
J-013185,2026-08-03,South,T-01,237.78,137.19
J-013186,2026-08-03,North,T-02,1652.98,1092.15
J-013187,2026-08-03,North,T-10,467.68,274.03
J-013188,2026-08-03,East,T-09,750.12,513.37
J-013189,2026-08-03,East,T-06,2015.53,1318.79
J-013190,2026-08-04,South,T-06,664.87,468.26
J-013191,2026-08-04,West,T-01,880.92,512.11
J-013192,2026-08-04,West,T-07,651.53,409.62
J-013193,2026-08-04,North,T-01,932.87,537.42
J-013194,2026-08-04,East,T-11,1994.79,1337.69
J-013195,2026-08-04,South,T-01,849.47,536.82
J-013196,2026-08-04,West,T-11,749.08,484.83
J-013197,2026-08-04,North,T-09,890.63,580.41
J-013198,2026-08-04,West,T-06,364.79,248.14
J-013199,2026-08-04,West,T-10,842.19,567.6
J-013200,2026-08-04,East,T-12,358.23,223.91
J-013201,2026-08-04,South,T-01,479.8,304.93
J-013202,2026-08-04,South,T-10,298.44,182.47
J-013203,2026-08-04,South,T-04,438.67,270.67
J-013204,2026-08-04,North,T-07,692.01,399.57
J-013205,2026-08-04,West,T-06,686.68,444.41
J-013206,2026-08-04,North,T-01,976.76,581.62
J-013207,2026-08-04,South,T-02,854.07,562.55
J-013208,2026-08-04,North,T-08,569.85,385.82
J-013209,2026-08-04,South,T-07,570.13,385.45
J-013210,2026-08-04,North,T-11,701.61,441.67
J-013211,2026-08-04,South,T-05,1933.57,1271.44
J-013212,2026-08-04,East,T-12,483.62,286.65
J-013213,2026-08-04,East,T-07,587.18,407.01
J-013214,2026-08-04,East,T-12,578.32,370.06
J-013215,2026-08-04,North,T-08,911.82,561.73
J-013216,2026-08-04,East,T-12,591.58,358.22
J-013217,2026-08-04,West,T-07,707.1,387.17
J-013218,2026-08-04,West,T-03,1852.59,1126.87
J-013219,2026-08-04,East,T-09,743.74,527.76
J-013220,2026-08-04,East,T-11,1370.77,996.11
J-013221,2026-08-04,South,T-08,748.09,505.03
J-013222,2026-08-04,East,T-03,772.81,487.13
J-013223,2026-08-04,East,T-07,1046.37,602.99
J-013224,2026-08-04,North,T-05,357.81,204.44
J-013225,2026-08-04,East,T-04,996.17,606.06
J-013226,2026-08-04,West,T-09,585.1,394.67
J-013227,2026-08-04,South,T-04,398.29,266.02
J-013228,2026-08-04,North,T-07,530.26,389.47
J-013229,2026-08-04,South,T-05,1255.42,842.47
J-013230,2026-08-04,South,T-10,1219.0,795.94
J-013231,2026-08-04,East,T-03,236.77,153.52
J-013232,2026-08-04,South,T-01,424.83,263.83
J-013233,2026-08-04,South,T-03,271.43,163.13
J-013234,2026-08-05,South,T-04,633.17,392.06
J-013235,2026-08-05,East,T-04,1006.77,712.09
J-013236,2026-08-05,North,T-06,1358.38,793.43
J-013237,2026-08-05,South,T-09,2200.38,1165.75
J-013238,2026-08-05,North,T-07,785.6,570.56
J-013239,2026-08-05,East,T-09,609.98,410.36
J-013240,2026-08-05,North,T-08,926.49,690.39
J-013241,2026-08-05,North,T-03,758.2,577.84
J-013242,2026-08-05,South,T-10,469.4,293.7
J-013243,2026-08-05,South,T-04,1110.34,675.95
J-013244,2026-08-05,North,T-02,358.47,230.95
J-013245,2026-08-05,South,T-04,1432.76,1099.94
J-013246,2026-08-05,West,T-12,343.27,202.48
J-013247,2026-08-05,North,T-04,596.75,336.86
J-013248,2026-08-05,North,T-10,1638.61,871.63
J-013249,2026-08-05,South,T-06,631.17,389.11
J-013250,2026-08-05,West,T-06,633.08,441.12
J-013251,2026-08-05,West,T-12,1437.63,953.93
J-013252,2026-08-05,North,T-08,1085.61,718.49
J-013253,2026-08-05,South,T-12,462.05,337.28
J-013254,2026-08-05,East,T-07,335.92,224.82
J-013255,2026-08-05,East,T-01,364.07,214.02
J-013256,2026-08-05,West,T-01,258.14,154.28
J-013257,2026-08-05,South,T-07,1245.14,859.59
J-013258,2026-08-05,South,T-12,580.89,262.94
J-013259,2026-08-05,North,T-08,854.85,556.75
J-013260,2026-08-05,North,T-10,682.49,424.95
J-013261,2026-08-05,South,T-01,706.67,414.9
J-013262,2026-08-06,East,T-01,1109.97,657.36
J-013263,2026-08-06,North,T-02,291.25,163.4
J-013264,2026-08-06,East,T-08,285.4,190.52
J-013265,2026-08-06,South,T-11,920.34,653.42
J-013266,2026-08-06,East,T-11,1475.9,1063.8
J-013267,2026-08-06,West,T-12,254.01,160.66
J-013268,2026-08-06,North,T-09,701.09,340.47
J-013269,2026-08-06,East,T-03,750.87,550.2
J-013270,2026-08-06,East,T-11,724.47,474.54
J-013271,2026-08-06,South,T-10,704.01,490.48
J-013272,2026-08-06,West,T-02,1661.41,1028.24
J-013273,2026-08-06,South,T-11,413.42,318.09
J-013274,2026-08-06,East,T-06,1172.95,675.16
J-013275,2026-08-06,East,T-12,1138.06,866.75
J-013276,2026-08-06,North,T-01,246.82,151.2
J-013277,2026-08-06,North,T-04,621.24,378.21
J-013278,2026-08-06,North,T-01,862.52,546.03
J-013279,2026-08-06,West,T-08,475.94,311.26
J-013280,2026-08-06,South,T-10,696.36,465.88
J-013281,2026-08-06,East,T-09,282.02,188.6
J-013282,2026-08-06,East,T-11,354.16,223.22
J-013283,2026-08-06,North,T-09,331.75,219.88
J-013284,2026-08-06,North,T-11,472.17,300.39
J-013285,2026-08-06,West,T-07,352.63,211.68
J-013286,2026-08-06,East,T-10,630.69,402.18
J-013287,2026-08-07,North,T-02,671.87,431.83
J-013288,2026-08-07,West,T-11,874.28,516.46
J-013289,2026-08-07,East,T-12,283.97,155.52
J-013290,2026-08-07,West,T-07,547.18,385.03
J-013291,2026-08-07,West,T-03,771.89,553.26
J-013292,2026-08-07,West,T-10,795.96,548.75
J-013293,2026-08-07,North,T-02,510.34,298.11
J-013294,2026-08-07,East,T-11,694.42,540.79
J-013295,2026-08-07,North,T-03,1081.07,737.66
J-013296,2026-08-07,West,T-08,700.8,465.14
J-013297,2026-08-07,East,T-09,1633.8,1134.88
J-013298,2026-08-07,East,T-12,1337.4,805.94
J-013299,2026-08-07,East,T-09,502.09,279.95
J-013300,2026-08-07,North,T-07,515.62,350.05
J-013301,2026-08-07,East,T-10,816.04,460.33
J-013302,2026-08-07,North,T-08,903.35,682.33
J-013303,2026-08-07,North,T-05,777.39,472.73
J-013304,2026-08-07,East,T-10,711.57,482.7
J-013305,2026-08-07,North,T-11,1178.88,756.77
J-013306,2026-08-07,East,T-08,872.67,536.87
J-013307,2026-08-07,North,T-02,1142.8,615.78
J-013308,2026-08-07,South,T-08,950.05,624.39
J-013309,2026-08-07,South,T-02,1066.3,804.52
J-013310,2026-08-07,North,T-02,688.77,435.61
J-013311,2026-08-07,West,T-01,783.59,487.79
J-013312,2026-08-07,West,T-11,1348.63,913.91
J-013313,2026-08-07,North,T-10,717.99,454.88
J-013314,2026-08-07,West,T-08,613.98,384.8
J-013315,2026-08-07,South,T-07,1589.01,989.67
J-013316,2026-08-07,North,T-05,338.21,219.61
J-013317,2026-08-07,South,T-04,760.99,478.8
J-013318,2026-08-07,East,T-01,981.7,748.04
J-013319,2026-08-07,South,T-11,601.61,362.19
J-013320,2026-08-07,West,T-05,1043.4,623.18
J-013321,2026-08-07,South,T-08,759.83,534.12
J-013322,2026-08-07,South,T-05,376.71,258.99
J-013323,2026-08-07,East,T-09,711.16,431.64
J-013324,2026-08-07,South,T-01,678.91,337.0
J-013325,2026-08-08,East,T-12,560.0,400.65
J-013326,2026-08-08,South,T-05,1043.62,650.51
J-013327,2026-08-08,East,T-11,494.21,325.76
J-013328,2026-08-08,North,T-07,394.96,269.67
J-013329,2026-08-08,South,T-12,538.13,336.6
J-013330,2026-08-08,South,T-01,363.06,252.0
J-013331,2026-08-08,North,T-06,543.36,366.91
J-013332,2026-08-08,West,T-06,1307.38,640.89
J-013333,2026-08-08,West,T-02,626.73,438.36
J-013334,2026-08-08,East,T-11,562.2,370.42
J-013335,2026-08-08,East,T-02,576.08,354.29
J-013336,2026-08-08,East,T-03,990.9,674.66
J-013337,2026-08-08,South,T-09,701.54,436.18
J-013338,2026-08-08,North,T-07,1098.38,781.86
J-013339,2026-08-08,South,T-06,1189.91,675.82
J-013340,2026-08-08,East,T-04,593.18,355.0
J-013341,2026-08-08,East,T-06,1002.57,554.19
J-013342,2026-08-09,North,T-08,553.2,335.9
J-013343,2026-08-09,North,T-11,1848.76,1348.84
J-013344,2026-08-09,West,T-12,522.72,329.66
J-013345,2026-08-09,South,T-04,270.57,163.75
J-013346,2026-08-09,West,T-09,943.47,596.87
J-013347,2026-08-09,South,T-06,489.37,359.92
J-013348,2026-08-09,East,T-07,1653.38,992.94
J-013349,2026-08-09,North,T-03,433.11,304.04
J-013350,2026-08-09,South,T-02,831.71,489.55
J-013351,2026-08-09,West,T-02,488.94,339.56
J-013352,2026-08-09,North,T-11,711.8,421.06
J-013353,2026-08-09,East,T-10,834.82,594.18
J-013354,2026-08-09,East,T-09,983.72,677.82
J-013355,2026-08-09,East,T-04,2379.47,1637.2
J-013356,2026-08-10,West,T-04,793.98,563.12
J-013357,2026-08-10,North,T-03,1275.87,783.89
J-013358,2026-08-10,South,T-12,522.56,348.82
J-013359,2026-08-10,North,T-03,1053.71,686.76
J-013360,2026-08-10,West,T-01,673.18,448.67
J-013361,2026-08-10,North,T-07,587.96,313.93
J-013362,2026-08-10,North,T-01,1525.11,953.89
J-013363,2026-08-10,West,T-08,1145.05,798.94
J-013364,2026-08-10,North,T-03,620.84,385.63
J-013365,2026-08-10,North,T-10,844.2,478.1
J-013366,2026-08-10,North,T-09,585.19,378.94
J-013367,2026-08-10,South,T-07,594.08,386.01
J-013368,2026-08-10,West,T-09,792.18,505.6
J-013369,2026-08-10,East,T-01,1672.49,1120.72
J-013370,2026-08-10,East,T-12,696.53,410.12
J-013371,2026-08-10,South,T-02,740.45,464.18
J-013372,2026-08-10,North,T-06,518.93,304.75
J-013373,2026-08-10,North,T-06,629.61,368.57
J-013374,2026-08-10,West,T-06,457.1,244.81
J-013375,2026-08-10,South,T-02,576.65,347.09
J-013376,2026-08-10,North,T-05,697.57,441.01
J-013377,2026-08-10,North,T-07,257.86,164.37
J-013378,2026-08-10,East,T-12,865.84,617.42
J-013379,2026-08-10,South,T-01,604.62,477.82
J-013380,2026-08-10,East,T-12,710.64,410.15
J-013381,2026-08-10,South,T-11,1848.12,1289.08
J-013382,2026-08-10,South,T-12,680.28,424.59
J-013383,2026-08-10,East,T-10,461.7,285.34
J-013384,2026-08-10,North,T-07,966.85,636.0
J-013385,2026-08-10,East,T-07,1197.8,843.04
J-013386,2026-08-10,West,T-05,1641.49,1208.82
J-013387,2026-08-10,North,T-04,1235.51,918.51
J-013388,2026-08-10,North,T-01,572.06,424.84
J-013389,2026-08-11,North,T-04,894.01,697.3
J-013390,2026-08-11,East,T-01,747.77,469.08
J-013391,2026-08-11,West,T-02,1123.3,668.28
J-013392,2026-08-11,North,T-05,606.06,383.46
J-013393,2026-08-11,North,T-10,1219.89,761.75
J-013394,2026-08-11,West,T-04,434.96,277.64
J-013395,2026-08-11,North,T-04,1969.83,1275.81
J-013396,2026-08-11,East,T-07,367.26,219.37
J-013397,2026-08-11,South,T-02,727.62,511.46
J-013398,2026-08-11,South,T-07,518.23,295.28
J-013399,2026-08-11,East,T-11,515.05,378.76
J-013400,2026-08-11,North,T-02,642.38,415.24
J-013401,2026-08-11,North,T-02,308.7,194.85
J-013402,2026-08-11,North,T-01,694.87,497.76
J-013403,2026-08-11,South,T-07,516.06,288.16
J-013404,2026-08-11,North,T-11,496.48,321.21
J-013405,2026-08-11,North,T-08,656.47,467.47
J-013406,2026-08-11,West,T-09,434.63,263.79
J-013407,2026-08-11,East,T-06,1303.48,734.61
J-013408,2026-08-11,North,T-06,950.02,767.68
J-013409,2026-08-11,East,T-10,875.41,543.77
J-013410,2026-08-12,South,T-06,196.83,117.07
J-013411,2026-08-12,West,T-07,1335.02,886.9
J-013412,2026-08-12,East,T-10,510.15,337.0
J-013413,2026-08-12,East,T-02,1191.95,662.32
J-013414,2026-08-12,North,T-09,816.18,567.05
J-013415,2026-08-12,West,T-04,448.71,296.66
J-013416,2026-08-12,North,T-06,790.68,502.84
J-013417,2026-08-12,South,T-08,933.97,592.13
J-013418,2026-08-12,South,T-03,779.56,520.02
J-013419,2026-08-12,South,T-05,732.43,453.63
J-013420,2026-08-12,North,T-02,865.21,581.16
J-013421,2026-08-12,North,T-03,810.94,465.25
J-013422,2026-08-12,South,T-02,448.26,290.68
J-013423,2026-08-12,West,T-05,642.37,437.28
J-013424,2026-08-12,South,T-05,880.22,536.56
J-013425,2026-08-12,North,T-03,985.57,560.64
J-013426,2026-08-12,West,T-07,655.53,394.98
J-013427,2026-08-12,South,T-11,465.01,267.54
J-013428,2026-08-12,South,T-05,341.28,212.5
J-013429,2026-08-12,West,T-01,777.55,514.52
J-013430,2026-08-12,East,T-01,394.64,201.11
J-013431,2026-08-12,East,T-03,528.91,287.48
J-013432,2026-08-12,East,T-11,513.12,336.98
J-013433,2026-08-12,North,T-11,464.57,344.93
J-013434,2026-08-12,North,T-04,1037.13,718.34
J-013435,2026-08-12,West,T-08,1147.19,703.31
J-013436,2026-08-12,West,T-09,583.31,381.11
J-013437,2026-08-12,East,T-07,445.99,241.31
J-013438,2026-08-12,North,T-05,559.32,413.48
J-013439,2026-08-12,North,T-08,525.12,279.36
J-013440,2026-08-12,West,T-11,473.13,320.65
J-013441,2026-08-12,South,T-06,440.32,258.17
J-013442,2026-08-12,East,T-08,390.25,266.49
J-013443,2026-08-12,North,T-02,806.18,530.24
J-013444,2026-08-12,South,T-12,646.5,424.16
J-013445,2026-08-13,West,T-01,423.96,319.58
J-013446,2026-08-13,South,T-04,553.26,392.26
J-013447,2026-08-13,East,T-04,736.01,406.31
J-013448,2026-08-13,North,T-02,542.54,315.22
J-013449,2026-08-13,North,T-07,1418.94,971.26
J-013450,2026-08-13,West,T-06,814.15,531.03
J-013451,2026-08-13,North,T-08,826.28,554.22
J-013452,2026-08-13,West,T-09,958.88,562.59
J-013453,2026-08-13,West,T-01,1225.22,805.93
J-013454,2026-08-13,North,T-07,288.08,169.7
J-013455,2026-08-13,South,T-04,899.09,620.29
J-013456,2026-08-13,South,T-05,1771.59,1045.47
J-013457,2026-08-13,West,T-12,542.33,308.9
J-013458,2026-08-13,North,T-12,464.05,290.02
J-013459,2026-08-13,West,T-09,375.06,221.26
J-013460,2026-08-13,South,T-12,359.3,243.04
J-013461,2026-08-13,North,T-05,728.12,468.49
J-013462,2026-08-13,East,T-01,441.77,313.54
J-013463,2026-08-13,North,T-09,452.67,263.58
J-013464,2026-08-13,North,T-10,829.17,462.91
J-013465,2026-08-13,West,T-01,221.8,131.53
J-013466,2026-08-13,South,T-12,942.32,588.04
J-013467,2026-08-13,East,T-01,373.48,244.63
J-013468,2026-08-13,North,T-09,655.38,403.22
J-013469,2026-08-13,East,T-09,349.55,196.31
J-013470,2026-08-13,South,T-04,696.83,495.58
J-013471,2026-08-13,East,T-08,792.59,469.85
J-013472,2026-08-13,North,T-10,513.52,337.11
J-013473,2026-08-13,East,T-01,562.35,379.94
J-013474,2026-08-13,South,T-07,631.21,471.26
J-013475,2026-08-13,North,T-01,392.77,252.67
J-013476,2026-08-13,East,T-11,795.74,419.56
J-013477,2026-08-13,South,T-06,923.4,488.95
J-013478,2026-08-13,South,T-02,1414.8,1051.82
J-013479,2026-08-13,East,T-09,591.82,397.97
J-013480,2026-08-13,North,T-03,230.76,130.03
J-013481,2026-08-14,North,T-01,659.83,428.77
J-013482,2026-08-14,East,T-10,356.39,219.8
J-013483,2026-08-14,North,T-02,896.68,655.92
J-013484,2026-08-14,East,T-08,511.48,322.39
J-013485,2026-08-14,South,T-02,462.56,277.24
J-013486,2026-08-14,East,T-04,1174.26,723.24
J-013487,2026-08-14,East,T-07,754.08,539.36
J-013488,2026-08-14,South,T-10,1262.88,829.55
J-013489,2026-08-14,North,T-04,916.24,536.86
J-013490,2026-08-14,North,T-10,278.18,185.9
J-013491,2026-08-14,West,T-01,930.54,524.53
J-013492,2026-08-14,East,T-11,336.52,232.15
J-013493,2026-08-14,South,T-03,488.29,344.46
J-013494,2026-08-14,East,T-05,402.38,249.16
J-013495,2026-08-14,East,T-07,894.3,561.25
J-013496,2026-08-14,South,T-07,257.01,160.41
J-013497,2026-08-14,South,T-10,808.63,544.46
J-013498,2026-08-14,South,T-04,300.68,196.22
J-013499,2026-08-14,East,T-01,620.68,400.42
J-013500,2026-08-14,North,T-11,644.13,365.37
J-013501,2026-08-14,East,T-06,531.1,347.21
J-013502,2026-08-14,East,T-10,347.83,214.59
J-013503,2026-08-14,East,T-11,1366.3,942.84
J-013504,2026-08-14,North,T-06,627.0,385.39
J-013505,2026-08-14,North,T-09,329.92,230.04
J-013506,2026-08-14,West,T-10,1053.85,821.59
J-013507,2026-08-14,North,T-02,524.32,339.35
J-013508,2026-08-14,South,T-04,376.37,253.49
J-013509,2026-08-14,North,T-08,410.76,222.84
J-013510,2026-08-14,East,T-09,899.45,569.44
J-013511,2026-08-14,East,T-03,401.8,261.96
J-013512,2026-08-14,West,T-06,645.4,397.07
J-013513,2026-08-14,South,T-07,519.4,279.22
J-013514,2026-08-14,South,T-03,427.92,302.37
J-013515,2026-08-14,North,T-12,676.54,380.41
J-013516,2026-08-14,North,T-04,417.56,248.66
J-013517,2026-08-15,West,T-07,123.77,81.65
J-013518,2026-08-15,South,T-01,1089.54,668.28
J-013519,2026-08-15,West,T-03,445.72,279.26
J-013520,2026-08-15,East,T-04,603.23,382.34
J-013521,2026-08-15,East,T-03,546.12,276.31
J-013522,2026-08-15,West,T-08,532.06,306.69
J-013523,2026-08-15,South,T-05,518.22,255.7
J-013524,2026-08-15,North,T-09,672.1,463.7
J-013525,2026-08-15,East,T-04,662.92,393.58
J-013526,2026-08-15,South,T-05,672.19,380.16
J-013527,2026-08-15,East,T-10,1054.31,626.29
J-013528,2026-08-15,North,T-03,2061.27,1367.59
J-013529,2026-08-15,North,T-07,629.08,398.98
J-013530,2026-08-15,West,T-01,1084.02,593.53
J-013531,2026-08-15,South,T-04,1090.61,750.75
J-013532,2026-08-15,East,T-10,556.68,318.7
J-013533,2026-08-15,South,T-10,703.86,489.48
J-013534,2026-08-16,East,T-04,785.09,529.42
J-013535,2026-08-16,North,T-02,422.09,287.91
J-013536,2026-08-16,East,T-01,1424.15,731.3
J-013537,2026-08-16,West,T-08,640.92,377.29
J-013538,2026-08-16,West,T-03,876.42,506.49
J-013539,2026-08-16,South,T-01,961.07,628.19
J-013540,2026-08-16,East,T-04,653.29,417.1
J-013541,2026-08-16,East,T-06,158.51,94.23
J-013542,2026-08-17,South,T-04,538.31,292.45
J-013543,2026-08-17,South,T-08,533.58,376.51
J-013544,2026-08-17,North,T-12,669.07,408.77
J-013545,2026-08-17,North,T-07,1819.4,1141.29
J-013546,2026-08-17,East,T-02,553.54,345.86
J-013547,2026-08-17,East,T-12,690.71,423.25
J-013548,2026-08-17,North,T-02,525.24,354.87
J-013549,2026-08-17,South,T-07,881.07,659.26
J-013550,2026-08-17,North,T-11,1273.99,920.83
J-013551,2026-08-17,East,T-12,685.66,475.43
J-013552,2026-08-17,South,T-03,422.43,302.14
J-013553,2026-08-17,South,T-09,1142.18,872.55
J-013554,2026-08-17,South,T-03,913.26,480.96
J-013555,2026-08-17,East,T-09,550.53,373.41
J-013556,2026-08-17,West,T-05,873.66,620.72
J-013557,2026-08-17,South,T-01,2172.46,1345.63
J-013558,2026-08-17,West,T-10,572.9,411.74
J-013559,2026-08-17,South,T-01,240.85,152.32
J-013560,2026-08-17,East,T-04,364.02,244.41
J-013561,2026-08-17,East,T-02,799.11,561.49
J-013562,2026-08-17,South,T-07,851.7,539.88
J-013563,2026-08-17,West,T-08,553.83,345.84
J-013564,2026-08-17,North,T-07,743.89,463.86
J-013565,2026-08-17,West,T-10,1050.35,522.31
J-013566,2026-08-17,East,T-12,332.13,164.64
J-013567,2026-08-17,South,T-08,574.84,373.1
J-013568,2026-08-17,West,T-11,503.03,321.81
J-013569,2026-08-17,West,T-01,324.87,226.59
J-013570,2026-08-17,West,T-08,366.35,198.97
J-013571,2026-08-17,West,T-12,830.08,574.03
J-013572,2026-08-17,North,T-04,1042.48,638.45
J-013573,2026-08-17,South,T-01,1834.64,1057.18
J-013574,2026-08-17,South,T-02,419.68,278.48
J-013575,2026-08-17,South,T-11,460.49,323.83
J-013576,2026-08-17,West,T-06,356.14,229.38
J-013577,2026-08-17,West,T-08,488.4,298.28
J-013578,2026-08-17,South,T-11,973.33,518.01
J-013579,2026-08-17,South,T-02,795.77,462.51
J-013580,2026-08-18,South,T-06,929.09,526.2
J-013581,2026-08-18,North,T-05,585.22,389.19
J-013582,2026-08-18,South,T-09,476.05,235.78
J-013583,2026-08-18,South,T-11,829.27,495.68
J-013584,2026-08-18,South,T-12,1274.48,717.33
J-013585,2026-08-18,East,T-07,355.3,232.4
J-013586,2026-08-18,North,T-11,943.03,695.86
J-013587,2026-08-18,East,T-09,485.28,309.47
J-013588,2026-08-18,South,T-06,1032.35,716.48
J-013589,2026-08-18,South,T-11,1331.9,842.72
J-013590,2026-08-18,East,T-05,469.87,295.88
J-013591,2026-08-18,North,T-05,273.96,160.87
J-013592,2026-08-18,North,T-12,923.55,590.41
J-013593,2026-08-18,South,T-11,733.32,477.2
J-013594,2026-08-18,North,T-11,550.27,382.43
J-013595,2026-08-18,North,T-07,602.06,457.84
J-013596,2026-08-18,North,T-08,405.92,298.81
J-013597,2026-08-18,North,T-06,592.57,351.55
J-013598,2026-08-18,North,T-03,479.18,289.37
J-013599,2026-08-18,East,T-07,404.33,236.09
J-013600,2026-08-18,South,T-01,453.72,303.26
J-013601,2026-08-18,West,T-11,253.49,174.11
J-013602,2026-08-18,East,T-05,1923.57,1223.34
J-013603,2026-08-18,North,T-04,1354.91,798.93
J-013604,2026-08-18,North,T-06,497.02,388.65
J-013605,2026-08-18,North,T-03,1530.08,976.84
J-013606,2026-08-18,West,T-08,1127.71,747.8
J-013607,2026-08-18,South,T-11,914.2,587.19
J-013608,2026-08-18,North,T-07,618.16,423.11
J-013609,2026-08-18,South,T-08,537.95,326.72
J-013610,2026-08-18,South,T-02,843.91,502.14
J-013611,2026-08-18,East,T-10,1009.08,637.44
J-013612,2026-08-18,West,T-10,510.92,273.55
J-013613,2026-08-18,North,T-09,439.56,288.73
J-013614,2026-08-18,East,T-06,169.31,113.06
J-013615,2026-08-19,West,T-02,1101.51,641.2
J-013616,2026-08-19,East,T-10,900.28,543.26
J-013617,2026-08-19,South,T-07,1699.1,1258.42
J-013618,2026-08-19,East,T-04,226.92,161.62
J-013619,2026-08-19,East,T-06,808.05,487.95
J-013620,2026-08-19,East,T-09,814.9,650.21
J-013621,2026-08-19,South,T-10,429.54,264.32
J-013622,2026-08-19,East,T-09,1210.6,899.45
J-013623,2026-08-19,East,T-06,859.28,615.95
J-013624,2026-08-19,North,T-06,927.18,527.03
J-013625,2026-08-19,South,T-07,353.79,213.24
J-013626,2026-08-19,South,T-03,432.6,284.73
J-013627,2026-08-19,North,T-04,298.89,240.45
J-013628,2026-08-19,West,T-11,909.93,582.11
J-013629,2026-08-19,East,T-09,826.67,495.71
J-013630,2026-08-19,East,T-06,723.33,489.58
J-013631,2026-08-19,East,T-10,734.14,435.89
J-013632,2026-08-19,South,T-07,480.51,337.45
J-013633,2026-08-19,West,T-10,216.14,160.69
J-013634,2026-08-19,South,T-08,624.29,343.58
J-013635,2026-08-19,North,T-05,1596.74,866.01
J-013636,2026-08-19,North,T-07,340.26,228.65
J-013637,2026-08-19,North,T-12,836.26,504.39
J-013638,2026-08-19,North,T-03,331.99,234.72
J-013639,2026-08-19,West,T-08,645.14,419.33
J-013640,2026-08-19,West,T-10,300.65,208.77
J-013641,2026-08-19,East,T-11,393.67,239.77
J-013642,2026-08-19,North,T-03,473.48,330.09
J-013643,2026-08-19,North,T-03,456.16,302.74
J-013644,2026-08-19,North,T-02,848.79,536.22
J-013645,2026-08-19,South,T-06,332.92,237.86
J-013646,2026-08-20,North,T-12,458.49,283.82
J-013647,2026-08-20,North,T-05,704.64,419.9
J-013648,2026-08-20,West,T-07,440.0,221.99
J-013649,2026-08-20,North,T-09,1890.86,1089.43
J-013650,2026-08-20,West,T-04,1471.74,910.17
J-013651,2026-08-20,North,T-08,815.36,535.95
J-013652,2026-08-20,East,T-06,512.78,362.81
J-013653,2026-08-20,North,T-09,1018.85,648.76
J-013654,2026-08-20,North,T-08,523.39,358.38
J-013655,2026-08-20,South,T-02,1471.25,1030.59
J-013656,2026-08-20,South,T-08,726.53,457.44
J-013657,2026-08-20,North,T-08,519.42,285.6
J-013658,2026-08-20,East,T-07,1129.38,730.52
J-013659,2026-08-20,North,T-06,665.17,399.56
J-013660,2026-08-20,South,T-10,877.69,547.47
J-013661,2026-08-20,West,T-04,1182.65,688.49
J-013662,2026-08-20,South,T-10,476.36,284.38
J-013663,2026-08-20,East,T-04,397.85,237.14
J-013664,2026-08-20,East,T-04,342.19,255.63
J-013665,2026-08-20,West,T-05,601.44,400.69
J-013666,2026-08-20,West,T-02,429.4,287.64
J-013667,2026-08-20,East,T-05,727.83,453.35
J-013668,2026-08-20,South,T-08,499.99,265.23
J-013669,2026-08-20,East,T-05,526.16,253.48
J-013670,2026-08-20,North,T-01,617.32,338.47
J-013671,2026-08-20,East,T-07,1755.78,1165.86
J-013672,2026-08-20,East,T-04,844.51,545.05
J-013673,2026-08-20,West,T-01,541.44,360.67
J-013674,2026-08-20,West,T-09,450.64,280.83
J-013675,2026-08-20,North,T-07,311.81,195.28
J-013676,2026-08-20,North,T-01,1371.21,978.94
J-013677,2026-08-20,South,T-06,1647.96,1141.54
J-013678,2026-08-20,East,T-10,558.06,369.9
J-013679,2026-08-20,East,T-06,318.5,196.56
J-013680,2026-08-20,North,T-08,1371.44,924.96
J-013681,2026-08-20,South,T-07,785.19,547.8
J-013682,2026-08-20,South,T-06,1040.55,676.89
J-013683,2026-08-20,South,T-02,647.56,335.13
J-013684,2026-08-20,South,T-07,499.92,339.61
J-013685,2026-08-20,South,T-10,719.21,445.63
J-013686,2026-08-20,West,T-11,1692.24,1123.5
J-013687,2026-08-21,East,T-11,1366.26,937.5
J-013688,2026-08-21,South,T-08,394.17,319.99
J-013689,2026-08-21,East,T-12,321.65,152.39
J-013690,2026-08-21,South,T-02,1171.12,674.32
J-013691,2026-08-21,South,T-04,658.69,402.38
J-013692,2026-08-21,East,T-12,697.6,400.08
J-013693,2026-08-21,West,T-10,833.94,524.2
J-013694,2026-08-21,East,T-12,812.92,558.52
J-013695,2026-08-21,South,T-06,323.91,226.7
J-013696,2026-08-21,North,T-06,480.87,313.56
J-013697,2026-08-21,South,T-11,289.6,188.07
J-013698,2026-08-21,West,T-12,510.97,365.36
J-013699,2026-08-21,North,T-01,1598.71,1094.79
J-013700,2026-08-21,South,T-12,351.46,258.69
J-013701,2026-08-21,North,T-01,589.66,362.64
J-013702,2026-08-21,West,T-06,538.21,364.24
J-013703,2026-08-21,East,T-11,565.69,416.36
J-013704,2026-08-21,North,T-12,359.31,242.78
J-013705,2026-08-21,North,T-10,493.77,322.62
J-013706,2026-08-21,East,T-01,699.02,351.17
J-013707,2026-08-21,North,T-03,454.43,299.25
J-013708,2026-08-21,East,T-10,1902.72,1165.29
J-013709,2026-08-21,South,T-09,361.0,236.92
J-013710,2026-08-21,North,T-03,523.35,349.11
J-013711,2026-08-21,South,T-08,534.27,330.49
J-013712,2026-08-21,South,T-04,782.69,423.51
J-013713,2026-08-21,South,T-06,567.4,328.62
J-013714,2026-08-21,West,T-11,1018.82,657.99
J-013715,2026-08-21,North,T-12,344.56,201.05
J-013716,2026-08-21,North,T-05,490.98,340.09
J-013717,2026-08-21,South,T-07,180.63,116.79
J-013718,2026-08-21,North,T-10,909.46,567.67
J-013719,2026-08-21,South,T-07,665.09,433.0
J-013720,2026-08-21,East,T-11,1385.04,842.3
J-013721,2026-08-22,East,T-03,347.05,230.54
J-013722,2026-08-22,West,T-11,871.03,527.75
J-013723,2026-08-22,West,T-12,530.3,392.02
J-013724,2026-08-22,West,T-01,1068.98,630.27
J-013725,2026-08-22,North,T-04,878.48,513.08
J-013726,2026-08-22,North,T-12,556.54,298.67
J-013727,2026-08-22,West,T-06,489.71,318.74
J-013728,2026-08-23,South,T-07,1256.02,801.76
J-013729,2026-08-23,East,T-09,820.53,526.12
J-013730,2026-08-23,East,T-11,522.99,325.67
J-013731,2026-08-23,East,T-01,749.02,486.89
J-013732,2026-08-23,North,T-02,404.94,262.25
J-013733,2026-08-23,East,T-05,518.56,289.15
J-013734,2026-08-23,South,T-05,1586.22,957.15
J-013735,2026-08-23,South,T-11,202.23,133.96
J-013736,2026-08-24,North,T-11,570.38,351.58
J-013737,2026-08-24,West,T-06,296.4,245.64
J-013738,2026-08-24,East,T-07,1434.29,943.18
J-013739,2026-08-24,South,T-08,715.83,379.21
J-013740,2026-08-24,West,T-03,335.79,198.3
J-013741,2026-08-24,North,T-11,623.27,365.47
J-013742,2026-08-24,West,T-02,174.88,97.65
J-013743,2026-08-24,North,T-02,801.24,583.16
J-013744,2026-08-24,East,T-08,624.93,379.44
J-013745,2026-08-24,South,T-01,389.44,277.5
J-013746,2026-08-24,South,T-10,623.31,403.9
J-013747,2026-08-24,North,T-10,287.24,166.76
J-013748,2026-08-24,South,T-11,736.47,499.95
J-013749,2026-08-24,North,T-01,513.97,299.43
J-013750,2026-08-24,West,T-11,498.35,284.8
J-013751,2026-08-24,West,T-11,827.22,613.14
J-013752,2026-08-24,West,T-04,1999.59,1235.12
J-013753,2026-08-24,West,T-05,554.71,339.8
J-013754,2026-08-24,East,T-09,915.39,585.25
J-013755,2026-08-24,South,T-09,574.86,359.27
J-013756,2026-08-24,North,T-06,658.09,390.48
J-013757,2026-08-24,North,T-02,1126.34,753.87
J-013758,2026-08-24,West,T-05,789.77,511.09
J-013759,2026-08-24,North,T-07,780.07,578.04
J-013760,2026-08-24,South,T-07,714.59,459.22
J-013761,2026-08-24,North,T-05,469.42,322.77
J-013762,2026-08-24,West,T-09,855.1,553.25
J-013763,2026-08-24,West,T-01,431.85,293.04
J-013764,2026-08-24,North,T-04,1565.14,945.5
J-013765,2026-08-24,North,T-12,610.64,349.94
J-013766,2026-08-24,South,T-10,900.43,584.34
J-013767,2026-08-24,South,T-01,906.58,547.44
J-013768,2026-08-24,North,T-10,693.41,445.75
J-013769,2026-08-24,West,T-05,519.92,306.34
J-013770,2026-08-24,North,T-02,1171.73,661.94
J-013771,2026-08-24,West,T-05,1008.74,634.16
J-013772,2026-08-24,South,T-05,828.23,505.44
J-013773,2026-08-24,East,T-02,594.88,371.18
J-013774,2026-08-24,South,T-05,608.01,375.49
J-013775,2026-08-25,West,T-06,750.38,391.43
J-013776,2026-08-25,South,T-09,554.9,366.4
J-013777,2026-08-25,East,T-06,966.39,638.65
J-013778,2026-08-25,West,T-06,770.42,466.76
J-013779,2026-08-25,West,T-11,239.79,156.6
J-013780,2026-08-25,North,T-12,432.51,280.46
J-013781,2026-08-25,North,T-12,1173.21,809.21
J-013782,2026-08-25,West,T-02,1212.48,782.32
J-013783,2026-08-25,North,T-11,1199.23,696.91
J-013784,2026-08-25,South,T-06,805.71,528.6
J-013785,2026-08-25,East,T-09,852.99,545.01
J-013786,2026-08-25,South,T-03,337.86,215.31
J-013787,2026-08-25,North,T-09,749.31,460.85
J-013788,2026-08-25,East,T-01,1113.61,649.09
J-013789,2026-08-25,North,T-03,500.07,331.85
J-013790,2026-08-25,North,T-02,497.35,335.05
J-013791,2026-08-25,South,T-06,776.57,466.84
J-013792,2026-08-25,East,T-02,940.84,599.89
J-013793,2026-08-25,South,T-03,612.98,354.33
J-013794,2026-08-25,West,T-08,814.78,497.07
J-013795,2026-08-25,West,T-11,1205.53,783.59
J-013796,2026-08-25,North,T-04,968.52,680.53
J-013797,2026-08-25,West,T-11,798.12,522.26
J-013798,2026-08-25,North,T-07,886.58,689.62
J-013799,2026-08-25,East,T-02,373.72,232.68
J-013800,2026-08-26,North,T-08,417.02,232.38
J-013801,2026-08-26,South,T-07,1522.25,925.73
J-013802,2026-08-26,South,T-05,560.29,375.96
J-013803,2026-08-26,East,T-07,1566.78,1053.25
J-013804,2026-08-26,North,T-11,871.56,606.58
J-013805,2026-08-26,North,T-09,439.44,256.37
J-013806,2026-08-26,North,T-05,626.83,382.77
J-013807,2026-08-26,South,T-06,540.0,326.23
J-013808,2026-08-26,South,T-12,368.55,206.44
J-013809,2026-08-26,South,T-11,669.67,475.94
J-013810,2026-08-26,South,T-03,1769.65,1153.98
J-013811,2026-08-26,East,T-04,511.06,279.36
J-013812,2026-08-26,North,T-08,2476.31,1584.78
J-013813,2026-08-26,West,T-02,1101.49,654.75
J-013814,2026-08-26,North,T-01,426.78,312.0
J-013815,2026-08-26,West,T-07,811.38,604.56
J-013816,2026-08-26,North,T-01,781.72,470.39
J-013817,2026-08-26,North,T-03,1877.37,1320.84
J-013818,2026-08-26,West,T-01,968.81,598.64
J-013819,2026-08-26,South,T-06,1247.06,866.91
J-013820,2026-08-26,East,T-08,867.56,635.47
J-013821,2026-08-26,East,T-04,446.63,319.47
J-013822,2026-08-26,East,T-01,536.6,259.43
J-013823,2026-08-26,North,T-08,2015.21,1328.43
J-013824,2026-08-26,West,T-11,759.62,481.41
J-013825,2026-08-26,North,T-02,818.19,597.78
J-013826,2026-08-26,West,T-02,925.16,663.16
J-013827,2026-08-26,North,T-02,337.95,217.11
J-013828,2026-08-26,West,T-06,950.11,720.82
J-013829,2026-08-26,North,T-12,606.69,405.46
J-013830,2026-08-26,South,T-08,621.21,387.99
J-013831,2026-08-26,East,T-06,924.02,533.73
J-013832,2026-08-26,South,T-10,577.68,370.61
J-013833,2026-08-26,South,T-04,595.22,386.72
J-013834,2026-08-26,East,T-06,1676.42,1001.63
J-013835,2026-08-26,West,T-03,527.6,344.0
J-013836,2026-08-26,South,T-12,545.44,363.54
J-013837,2026-08-26,South,T-09,730.41,433.39
J-013838,2026-08-26,South,T-03,488.69,284.02
J-013839,2026-08-26,East,T-08,586.58,385.73
J-013840,2026-08-26,North,T-02,455.68,303.33
J-013841,2026-08-26,North,T-11,406.4,272.1
J-013842,2026-08-26,South,T-11,492.27,332.49
J-013843,2026-08-26,East,T-09,703.84,539.05
J-013844,2026-08-26,West,T-12,2399.5,1294.84
J-013845,2026-08-26,North,T-09,880.3,576.25
J-013846,2026-08-26,South,T-02,401.63,310.62
J-013847,2026-08-26,South,T-09,344.64,198.8
J-013848,2026-08-26,North,T-11,695.57,466.42
J-013849,2026-08-27,East,T-02,1092.25,673.03
J-013850,2026-08-27,North,T-10,380.67,227.12
J-013851,2026-08-27,South,T-01,798.39,577.48
J-013852,2026-08-27,North,T-02,794.0,500.68
J-013853,2026-08-27,North,T-04,1451.06,909.26
J-013854,2026-08-27,North,T-10,1277.31,747.63
J-013855,2026-08-27,North,T-05,1111.36,653.53
J-013856,2026-08-27,East,T-09,393.91,249.88
J-013857,2026-08-27,North,T-07,731.3,475.35
J-013858,2026-08-27,East,T-12,149.22,111.03
J-013859,2026-08-27,North,T-06,544.28,350.21
J-013860,2026-08-27,East,T-11,731.09,557.18
J-013861,2026-08-27,North,T-03,880.68,499.07
J-013862,2026-08-27,South,T-07,482.35,265.28
J-013863,2026-08-27,South,T-03,746.14,529.39
J-013864,2026-08-27,South,T-10,530.37,314.77
J-013865,2026-08-27,South,T-11,423.9,281.91
J-013866,2026-08-27,North,T-10,791.75,441.19
J-013867,2026-08-27,North,T-04,755.08,492.79
J-013868,2026-08-27,South,T-01,698.54,451.08
J-013869,2026-08-27,West,T-11,1494.79,894.27
J-013870,2026-08-27,West,T-12,573.18,374.99
J-013871,2026-08-27,East,T-10,252.44,161.18
J-013872,2026-08-27,North,T-09,1015.03,552.66
J-013873,2026-08-27,East,T-12,374.96,259.38
J-013874,2026-08-27,East,T-06,506.19,321.72
J-013875,2026-08-27,South,T-10,602.35,349.46
J-013876,2026-08-27,South,T-08,492.18,311.77
J-013877,2026-08-27,East,T-03,482.83,336.63
J-013878,2026-08-27,West,T-11,898.87,529.51
J-013879,2026-08-27,East,T-10,672.54,467.95
J-013880,2026-08-27,North,T-07,236.96,141.79
J-013881,2026-08-27,East,T-12,337.43,223.36
J-013882,2026-08-27,West,T-12,948.36,618.0
J-013883,2026-08-27,East,T-06,464.91,268.3
J-013884,2026-08-27,North,T-09,250.17,163.8
J-013885,2026-08-27,East,T-10,916.0,672.4
J-013886,2026-08-27,South,T-07,945.68,758.7
J-013887,2026-08-27,West,T-04,580.63,404.69
J-013888,2026-08-27,South,T-08,657.82,401.35
J-013889,2026-08-27,South,T-01,384.59,266.8
J-013890,2026-08-27,East,T-10,542.85,313.02
J-013891,2026-08-28,West,T-11,676.31,374.27
J-013892,2026-08-28,South,T-02,331.03,230.52
J-013893,2026-08-28,North,T-01,475.77,282.27
J-013894,2026-08-28,East,T-02,478.25,334.6
J-013895,2026-08-28,East,T-03,1326.55,845.02
J-013896,2026-08-28,East,T-10,891.26,589.54
J-013897,2026-08-28,West,T-07,881.69,464.36
J-013898,2026-08-28,East,T-08,858.58,591.98
J-013899,2026-08-28,West,T-07,478.07,332.3
J-013900,2026-08-28,East,T-09,1322.23,845.43
J-013901,2026-08-28,North,T-03,480.14,275.77
J-013902,2026-08-28,West,T-07,514.08,279.35
J-013903,2026-08-28,South,T-10,712.33,441.4
J-013904,2026-08-28,West,T-08,1205.7,768.78
J-013905,2026-08-28,West,T-02,744.34,498.59
J-013906,2026-08-28,West,T-01,995.99,695.87
J-013907,2026-08-28,East,T-03,448.6,293.82
J-013908,2026-08-28,North,T-04,616.22,421.77
J-013909,2026-08-28,East,T-06,951.93,589.53
J-013910,2026-08-28,West,T-06,960.5,592.91
J-013911,2026-08-28,East,T-06,934.46,545.95
J-013912,2026-08-28,East,T-03,685.03,320.44
J-013913,2026-08-28,West,T-03,439.0,247.57
J-013914,2026-08-28,East,T-11,601.87,359.04
J-013915,2026-08-28,North,T-01,547.15,399.02
J-013916,2026-08-28,South,T-11,1103.34,666.0
J-013917,2026-08-28,East,T-06,614.35,424.08
J-013918,2026-08-28,North,T-05,1557.92,966.46
J-013919,2026-08-28,East,T-02,556.2,391.71
J-013920,2026-08-28,North,T-06,765.16,389.03
J-013921,2026-08-28,North,T-02,591.53,389.75
J-013922,2026-08-28,South,T-07,581.69,418.57
J-013923,2026-08-28,South,T-03,180.61,134.39
J-013924,2026-08-28,North,T-07,321.09,199.67
J-013925,2026-08-28,East,T-02,1521.46,1039.52
J-013926,2026-08-29,South,T-08,873.0,531.5
J-013927,2026-08-29,East,T-02,1229.65,657.39
J-013928,2026-08-29,South,T-08,376.89,270.56
J-013929,2026-08-29,West,T-01,656.47,392.84
J-013930,2026-08-29,East,T-12,1010.53,584.01
J-013931,2026-08-29,South,T-02,525.24,353.05
J-013932,2026-08-29,East,T-07,692.43,421.41
J-013933,2026-08-29,East,T-09,407.26,277.82
J-013934,2026-08-29,East,T-07,701.0,470.95
J-013935,2026-08-29,North,T-02,263.5,164.7
J-013936,2026-08-29,South,T-05,706.74,484.38
J-013937,2026-08-29,North,T-01,690.1,423.81
J-013938,2026-08-29,East,T-11,580.83,402.36
J-013939,2026-08-29,South,T-07,902.1,612.41
J-013940,2026-08-29,East,T-04,351.5,201.84
J-013941,2026-08-29,East,T-10,913.61,530.45
J-013942,2026-08-29,West,T-08,1085.56,835.8
J-013943,2026-08-29,West,T-03,481.4,329.57
J-013944,2026-08-29,South,T-01,2064.8,1169.54
J-013945,2026-08-30,North,T-11,680.64,418.71
J-013946,2026-08-30,North,T-02,902.63,569.44
J-013947,2026-08-30,North,T-02,640.82,438.38
J-013948,2026-08-30,South,T-03,969.68,638.52
J-013949,2026-08-30,South,T-11,537.38,321.18
J-013950,2026-08-30,East,T-04,1039.2,713.02
J-013951,2026-08-30,West,T-03,469.57,290.97
J-013952,2026-08-30,South,T-07,166.94,101.02
J-013953,2026-08-31,South,T-01,1055.94,573.66
J-013954,2026-08-31,North,T-03,562.81,386.06
J-013955,2026-08-31,East,T-11,1047.81,609.29
J-013956,2026-08-31,East,T-05,857.01,603.88
J-013957,2026-08-31,South,T-09,1016.08,610.19
J-013958,2026-08-31,North,T-08,862.04,485.21
J-013959,2026-08-31,South,T-03,820.02,515.87
J-013960,2026-08-31,South,T-05,848.02,580.71
J-013961,2026-08-31,North,T-07,739.99,444.99
J-013962,2026-08-31,North,T-11,465.64,317.27
J-013963,2026-08-31,East,T-04,833.35,496.74
J-013964,2026-08-31,North,T-10,556.12,370.43
J-013965,2026-08-31,North,T-05,367.29,247.27
J-013966,2026-08-31,North,T-01,1096.48,685.38
J-013967,2026-08-31,North,T-02,589.72,389.64
J-013968,2026-08-31,West,T-04,474.27,274.29
J-013969,2026-08-31,North,T-11,837.47,533.83
J-013970,2026-08-31,East,T-09,1409.52,860.25
J-013971,2026-08-31,North,T-03,1090.79,699.11
J-013972,2026-08-31,East,T-02,596.35,395.87
J-013973,2026-08-31,North,T-12,3443.84,2176.31
J-013974,2026-08-31,East,T-01,851.6,535.01
J-013975,2026-08-31,South,T-05,648.24,434.45
J-013976,2026-08-31,West,T-04,265.35,175.65
J-013977,2026-08-31,East,T-11,2038.24,1246.71
J-013978,2026-08-31,South,T-12,601.3,358.25
J-013979,2026-08-31,South,T-02,1199.36,932.06
J-013980,2026-08-31,North,T-11,502.62,310.77
J-013981,2026-08-31,East,T-05,462.81,251.56
J-013982,2026-08-31,North,T-01,550.9,330.05
J-013983,2026-08-31,West,T-02,346.24,230.36
J-013984,2026-08-31,East,T-07,797.35,502.96
J-013985,2026-08-31,East,T-08,258.59,163.57
J-013986,2026-08-31,South,T-02,618.28,448.69
J-013987,2026-08-31,West,T-01,445.92,240.85
J-013988,2026-08-31,South,T-09,355.36,220.78
J-013989,2026-09-01,East,T-09,1085.29,611.11
J-013990,2026-09-01,South,T-08,910.9,670.63
J-013991,2026-09-01,North,T-09,436.67,262.11
J-013992,2026-09-01,West,T-12,606.53,323.32
J-013993,2026-09-01,West,T-12,1914.35,1328.67
J-013994,2026-09-01,South,T-01,435.81,312.77
J-013995,2026-09-01,South,T-11,545.92,326.57
J-013996,2026-09-01,East,T-03,310.75,176.62
J-013997,2026-09-01,South,T-12,646.97,407.25
J-013998,2026-09-01,North,T-04,548.68,326.97
J-013999,2026-09-01,North,T-09,693.82,419.19
J-014000,2026-09-01,East,T-10,528.07,334.48
J-014001,2026-09-01,West,T-06,823.79,500.54
J-014002,2026-09-01,East,T-07,1008.23,609.57
J-014003,2026-09-01,South,T-03,499.85,307.67
J-014004,2026-09-01,West,T-04,755.43,487.27
J-014005,2026-09-01,North,T-03,694.9,412.29
J-014006,2026-09-01,West,T-01,723.32,459.45
J-014007,2026-09-01,North,T-01,426.74,269.2
J-014008,2026-09-01,West,T-04,1146.79,795.52
J-014009,2026-09-01,East,T-07,277.2,168.99
J-014010,2026-09-01,East,T-05,617.88,387.35
J-014011,2026-09-01,East,T-07,1234.66,792.45
J-014012,2026-09-01,West,T-07,726.03,455.7
J-014013,2026-09-01,South,T-05,1227.53,787.31
J-014014,2026-09-01,East,T-04,487.38,351.58
J-014015,2026-09-01,East,T-12,941.07,532.78
J-014016,2026-09-01,East,T-07,431.28,266.37
J-014017,2026-09-01,West,T-10,854.81,609.57
J-014018,2026-09-01,North,T-01,565.36,315.79
J-014019,2026-09-02,North,T-09,523.92,326.6
J-014020,2026-09-02,North,T-03,941.07,595.25
J-014021,2026-09-02,South,T-08,375.88,267.24
J-014022,2026-09-02,North,T-01,841.85,587.23
J-014023,2026-09-02,North,T-04,1109.52,691.77
J-014024,2026-09-02,North,T-04,151.01,96.58
J-014025,2026-09-02,East,T-09,569.8,385.06
J-014026,2026-09-02,South,T-05,1413.19,792.08
J-014027,2026-09-02,North,T-04,387.25,257.23
J-014028,2026-09-02,West,T-04,494.97,315.47
J-014029,2026-09-02,South,T-01,993.68,726.95
J-014030,2026-09-02,East,T-09,703.73,506.45
J-014031,2026-09-02,East,T-09,557.46,356.52
J-014032,2026-09-02,South,T-08,422.58,223.57
J-014033,2026-09-02,South,T-02,785.42,482.23
J-014034,2026-09-02,South,T-10,1665.18,949.01
J-014035,2026-09-02,West,T-07,515.04,388.86
J-014036,2026-09-02,East,T-04,688.65,446.09
J-014037,2026-09-02,North,T-12,1109.97,660.95
J-014038,2026-09-02,East,T-02,530.68,370.77
J-014039,2026-09-02,East,T-07,1480.75,986.58
J-014040,2026-09-02,North,T-02,698.08,463.36
J-014041,2026-09-02,North,T-05,1447.23,976.94
J-014042,2026-09-03,West,T-03,1016.6,611.43
J-014043,2026-09-03,South,T-06,992.04,633.26
J-014044,2026-09-03,South,T-10,225.12,144.49
J-014045,2026-09-03,East,T-09,912.94,606.03
J-014046,2026-09-03,West,T-04,877.62,583.71
J-014047,2026-09-03,East,T-08,402.68,253.33
J-014048,2026-09-03,East,T-02,713.65,451.95
J-014049,2026-09-03,West,T-07,864.56,607.3
J-014050,2026-09-03,East,T-11,829.67,421.55
J-014051,2026-09-03,South,T-03,845.43,603.66
J-014052,2026-09-03,North,T-03,1120.8,786.79
J-014053,2026-09-03,North,T-05,247.69,150.54
J-014054,2026-09-03,South,T-01,229.93,143.55
J-014055,2026-09-03,North,T-03,913.71,611.08
J-014056,2026-09-03,South,T-06,686.93,436.18
J-014057,2026-09-03,South,T-07,520.83,309.67
J-014058,2026-09-03,West,T-12,858.39,630.71
J-014059,2026-09-03,East,T-06,1258.18,748.82
J-014060,2026-09-03,East,T-04,513.34,305.71
J-014061,2026-09-03,West,T-04,1023.02,739.4
J-014062,2026-09-03,West,T-09,613.49,400.6
J-014063,2026-09-03,South,T-01,902.09,600.71
J-014064,2026-09-03,South,T-02,1233.65,754.42
J-014065,2026-09-03,East,T-07,1403.65,993.67
J-014066,2026-09-03,North,T-11,564.87,328.55
J-014067,2026-09-03,East,T-05,600.59,398.17
J-014068,2026-09-03,East,T-11,1156.01,746.51
J-014069,2026-09-03,East,T-01,379.71,225.61
J-014070,2026-09-03,West,T-08,645.68,466.09
J-014071,2026-09-03,North,T-10,471.84,385.38
J-014072,2026-09-03,North,T-06,589.82,399.59
J-014073,2026-09-03,West,T-08,320.52,238.73
J-014074,2026-09-03,West,T-04,502.46,304.47
J-014075,2026-09-03,North,T-10,374.32,256.66
J-014076,2026-09-03,West,T-02,1130.19,843.1
J-014077,2026-09-03,West,T-02,1531.3,977.9
J-014078,2026-09-03,North,T-05,641.39,443.6
J-014079,2026-09-03,West,T-08,812.81,498.97
J-014080,2026-09-04,North,T-12,523.02,347.36
J-014081,2026-09-04,South,T-11,627.78,428.15
J-014082,2026-09-04,East,T-09,311.35,198.53
J-014083,2026-09-04,South,T-06,439.96,227.86
J-014084,2026-09-04,West,T-07,692.98,383.79
J-014085,2026-09-04,South,T-11,683.46,455.82
J-014086,2026-09-04,East,T-12,1912.7,1268.08
J-014087,2026-09-04,North,T-01,823.36,461.3
J-014088,2026-09-04,North,T-07,371.88,224.97
J-014089,2026-09-04,South,T-10,295.74,173.42
J-014090,2026-09-04,East,T-02,1602.43,1061.97
J-014091,2026-09-04,South,T-07,389.05,330.59
J-014092,2026-09-04,North,T-11,2227.15,1246.85
J-014093,2026-09-04,South,T-06,383.35,296.0
J-014094,2026-09-04,East,T-08,1148.93,697.19
J-014095,2026-09-04,North,T-05,1030.13,670.23
J-014096,2026-09-04,West,T-06,561.37,379.06
J-014097,2026-09-04,East,T-06,753.44,513.94
J-014098,2026-09-04,South,T-09,658.29,440.87
J-014099,2026-09-04,North,T-09,402.04,254.65
J-014100,2026-09-04,South,T-11,646.75,366.66
J-014101,2026-09-04,South,T-04,339.33,213.54
J-014102,2026-09-04,West,T-04,504.09,312.68
J-014103,2026-09-04,North,T-07,600.57,392.1
J-014104,2026-09-04,North,T-08,738.31,516.86
J-014105,2026-09-04,North,T-12,356.1,244.3
J-014106,2026-09-04,North,T-03,203.43,133.43
J-014107,2026-09-05,South,T-11,543.37,442.31
J-014108,2026-09-05,West,T-10,976.32,634.92
J-014109,2026-09-05,East,T-04,404.25,244.76
J-014110,2026-09-05,North,T-09,1069.29,677.03
J-014111,2026-09-05,South,T-04,1038.24,882.51
J-014112,2026-09-05,South,T-06,2004.1,956.36
J-014113,2026-09-05,East,T-09,741.66,460.25
J-014114,2026-09-05,West,T-11,1292.67,789.91
J-014115,2026-09-05,South,T-03,1648.87,1151.05
J-014116,2026-09-05,North,T-10,1734.41,965.93
J-014117,2026-09-05,West,T-11,510.19,333.17
J-014118,2026-09-06,South,T-03,424.65,238.36
J-014119,2026-09-06,East,T-03,489.91,249.95
J-014120,2026-09-06,East,T-11,626.5,464.79
J-014121,2026-09-06,East,T-11,1128.97,835.51
J-014122,2026-09-06,West,T-06,1311.7,889.3
J-014123,2026-09-06,South,T-11,721.57,415.9
J-014124,2026-09-06,North,T-09,573.57,367.86
J-014125,2026-09-06,West,T-01,326.22,192.18
J-014126,2026-09-06,South,T-11,685.71,439.94
J-014127,2026-09-06,North,T-01,463.7,308.87
J-014128,2026-09-06,West,T-01,836.7,504.19
J-014129,2026-09-06,West,T-01,665.48,441.65
J-014130,2026-09-07,West,T-05,800.81,552.98
J-014131,2026-09-07,East,T-05,716.39,443.28
J-014132,2026-09-07,North,T-02,361.02,218.79
J-014133,2026-09-07,South,T-11,475.0,285.33
J-014134,2026-09-07,South,T-03,718.79,512.19
J-014135,2026-09-07,South,T-12,876.39,608.64
J-014136,2026-09-07,North,T-12,301.85,144.2
J-014137,2026-09-07,North,T-03,497.6,359.27
J-014138,2026-09-07,North,T-10,903.99,597.7
J-014139,2026-09-07,South,T-01,859.66,593.11
J-014140,2026-09-07,East,T-07,1586.01,976.53
J-014141,2026-09-07,West,T-11,505.02,342.69
J-014142,2026-09-07,North,T-03,1338.76,773.07
J-014143,2026-09-07,East,T-07,1968.95,1271.84
J-014144,2026-09-07,South,T-03,601.33,359.28
J-014145,2026-09-07,South,T-02,983.28,701.49
J-014146,2026-09-07,East,T-06,686.9,338.86
J-014147,2026-09-07,South,T-05,1297.37,952.59
J-014148,2026-09-07,North,T-12,893.17,530.89
J-014149,2026-09-07,East,T-04,663.92,415.51
J-014150,2026-09-07,South,T-10,756.21,435.59
J-014151,2026-09-07,East,T-10,273.73,173.86
J-014152,2026-09-07,North,T-05,445.91,244.95
J-014153,2026-09-07,West,T-11,613.79,406.98
J-014154,2026-09-07,South,T-09,653.39,298.92
J-014155,2026-09-07,East,T-10,537.07,307.21
J-014156,2026-09-07,North,T-09,806.72,520.03
J-014157,2026-09-07,West,T-01,308.94,201.27
J-014158,2026-09-07,West,T-12,402.14,261.85
J-014159,2026-09-07,East,T-10,735.55,437.56
J-014160,2026-09-07,South,T-12,473.06,280.2
J-014161,2026-09-07,North,T-04,324.19,201.22
J-014162,2026-09-07,West,T-09,1221.02,750.95
J-014163,2026-09-07,West,T-08,1040.61,766.89
J-014164,2026-09-07,North,T-12,516.09,331.98
J-014165,2026-09-07,East,T-12,799.52,557.97
J-014166,2026-09-07,West,T-05,533.5,310.38
J-014167,2026-09-07,South,T-04,758.07,487.83
J-014168,2026-09-07,South,T-10,757.79,478.15
J-014169,2026-09-07,East,T-07,986.59,644.08
J-014170,2026-09-07,West,T-06,856.69,489.07
J-014171,2026-09-07,South,T-04,959.58,688.55
J-014172,2026-09-07,South,T-03,935.45,598.95
J-014173,2026-09-07,North,T-12,479.46,329.71
J-014174,2026-09-07,North,T-03,516.99,336.27
J-014175,2026-09-07,South,T-06,653.49,423.42
J-014176,2026-09-08,North,T-06,626.25,419.12
J-014177,2026-09-08,North,T-07,1470.31,988.89
J-014178,2026-09-08,East,T-10,1927.7,1228.62
J-014179,2026-09-08,East,T-10,716.58,374.09
J-014180,2026-09-08,East,T-07,879.61,642.7
J-014181,2026-09-08,North,T-12,874.03,605.99
J-014182,2026-09-08,East,T-11,637.68,316.94
J-014183,2026-09-08,East,T-08,615.82,355.57
J-014184,2026-09-08,East,T-09,704.87,461.99
J-014185,2026-09-08,East,T-09,1032.57,642.99
J-014186,2026-09-08,South,T-01,484.43,329.22
J-014187,2026-09-08,South,T-01,834.2,578.73
J-014188,2026-09-08,South,T-10,673.84,442.9
J-014189,2026-09-08,South,T-03,733.69,441.05
J-014190,2026-09-08,North,T-11,721.93,484.85
J-014191,2026-09-08,North,T-03,1030.15,652.22
J-014192,2026-09-08,East,T-03,544.79,378.76
J-014193,2026-09-08,West,T-11,618.28,427.87
J-014194,2026-09-08,West,T-08,796.97,519.16
J-014195,2026-09-08,West,T-10,447.88,295.13
J-014196,2026-09-08,East,T-04,1252.36,912.52
J-014197,2026-09-08,North,T-09,414.45,253.49
J-014198,2026-09-08,West,T-12,596.3,348.84
J-014199,2026-09-08,North,T-06,1881.26,986.16
J-014200,2026-09-08,North,T-10,588.13,390.91
J-014201,2026-09-08,South,T-09,2104.02,1249.39
J-014202,2026-09-08,East,T-09,1572.56,1007.65
J-014203,2026-09-08,East,T-03,513.2,313.01
J-014204,2026-09-08,North,T-11,683.71,473.16
J-014205,2026-09-08,North,T-09,1836.54,1158.44
J-014206,2026-09-08,North,T-04,480.36,319.24
J-014207,2026-09-08,South,T-02,1561.94,925.66
J-014208,2026-09-08,North,T-05,805.35,451.28
J-014209,2026-09-08,East,T-09,379.03,220.21
J-014210,2026-09-08,South,T-09,648.6,410.33
J-014211,2026-09-08,South,T-12,488.85,255.21
J-014212,2026-09-08,North,T-06,663.56,446.92
J-014213,2026-09-09,West,T-11,1130.66,748.15
J-014214,2026-09-09,West,T-06,410.92,266.38
J-014215,2026-09-09,East,T-07,645.08,417.5
J-014216,2026-09-09,East,T-02,809.99,595.99
J-014217,2026-09-09,East,T-01,1598.68,777.68
J-014218,2026-09-09,West,T-09,300.5,189.35
J-014219,2026-09-09,East,T-01,984.48,671.88
J-014220,2026-09-09,East,T-10,938.75,582.5
J-014221,2026-09-09,South,T-01,494.84,280.31
J-014222,2026-09-09,South,T-02,619.16,310.89
J-014223,2026-09-09,North,T-12,472.77,318.69
J-014224,2026-09-09,South,T-08,697.98,421.1
J-014225,2026-09-09,South,T-12,512.36,324.06
J-014226,2026-09-09,North,T-09,280.68,154.39
J-014227,2026-09-09,East,T-02,547.31,316.96
J-014228,2026-09-09,South,T-03,936.92,557.57
J-014229,2026-09-09,South,T-11,575.49,379.07
J-014230,2026-09-09,West,T-03,527.07,328.94
J-014231,2026-09-09,North,T-05,622.29,521.81
J-014232,2026-09-09,West,T-02,810.54,569.67
J-014233,2026-09-09,North,T-04,750.27,463.08
J-014234,2026-09-09,East,T-08,1044.84,644.93
J-014235,2026-09-09,West,T-06,521.02,331.78
J-014236,2026-09-09,North,T-06,1035.57,546.5
J-014237,2026-09-09,North,T-01,965.51,577.47
J-014238,2026-09-09,South,T-04,772.92,445.71
J-014239,2026-09-09,North,T-04,523.15,353.33
J-014240,2026-09-09,North,T-11,1402.97,1077.33
J-014241,2026-09-09,West,T-11,635.84,386.57
J-014242,2026-09-09,East,T-05,688.33,438.75
J-014243,2026-09-09,West,T-09,814.51,502.62
J-014244,2026-09-09,West,T-01,654.03,362.61
J-014245,2026-09-10,East,T-11,887.49,565.45
J-014246,2026-09-10,East,T-12,663.4,382.31
J-014247,2026-09-10,South,T-03,738.56,374.81
J-014248,2026-09-10,North,T-02,1061.44,752.83
J-014249,2026-09-10,East,T-01,1140.34,748.45
J-014250,2026-09-10,East,T-10,845.81,619.5
J-014251,2026-09-10,South,T-10,481.45,317.97
J-014252,2026-09-10,North,T-07,583.87,435.14
J-014253,2026-09-10,North,T-07,1564.44,867.5
J-014254,2026-09-10,East,T-12,518.19,298.91
J-014255,2026-09-10,West,T-08,888.53,476.52
J-014256,2026-09-10,South,T-05,1455.1,959.69
J-014257,2026-09-10,West,T-12,567.29,372.85
J-014258,2026-09-10,South,T-07,1501.27,938.64
J-014259,2026-09-10,North,T-12,714.84,459.12
J-014260,2026-09-10,South,T-06,632.58,426.29
J-014261,2026-09-10,East,T-10,1554.19,1001.33
J-014262,2026-09-10,North,T-10,2221.76,1171.34
J-014263,2026-09-10,North,T-09,688.89,415.46
J-014264,2026-09-10,East,T-02,520.49,380.07
J-014265,2026-09-10,West,T-10,470.35,345.4
J-014266,2026-09-10,North,T-04,1489.53,721.0
J-014267,2026-09-10,West,T-02,1092.12,681.26
J-014268,2026-09-10,South,T-07,795.09,470.42
J-014269,2026-09-10,North,T-06,772.47,441.26
J-014270,2026-09-10,North,T-08,756.74,506.59
J-014271,2026-09-10,West,T-12,895.16,580.07
J-014272,2026-09-10,West,T-01,965.84,543.62
J-014273,2026-09-10,South,T-03,710.1,483.62
J-014274,2026-09-11,West,T-10,793.96,410.53
J-014275,2026-09-11,West,T-06,362.4,211.4
J-014276,2026-09-11,North,T-02,463.21,283.41
J-014277,2026-09-11,North,T-07,455.75,313.26
J-014278,2026-09-11,North,T-06,465.02,293.28
J-014279,2026-09-11,South,T-02,582.95,385.26
J-014280,2026-09-11,West,T-06,479.95,347.26
J-014281,2026-09-11,North,T-05,695.86,475.62
J-014282,2026-09-11,West,T-03,851.56,424.23
J-014283,2026-09-11,North,T-08,512.76,295.0
J-014284,2026-09-11,East,T-07,581.48,382.34
J-014285,2026-09-11,South,T-09,766.7,444.84
J-014286,2026-09-11,East,T-08,173.69,120.1
J-014287,2026-09-11,North,T-04,725.03,530.05
J-014288,2026-09-11,West,T-06,899.35,651.23
J-014289,2026-09-11,West,T-12,208.99,148.58
J-014290,2026-09-11,North,T-07,276.49,186.87
J-014291,2026-09-11,North,T-04,1998.78,1245.46
J-014292,2026-09-11,East,T-09,1103.53,768.78
J-014293,2026-09-11,South,T-11,1231.4,730.33
J-014294,2026-09-11,West,T-10,1178.15,833.3
J-014295,2026-09-11,North,T-01,776.46,522.6
J-014296,2026-09-11,East,T-01,542.47,361.16
J-014297,2026-09-11,East,T-01,1091.72,692.18
J-014298,2026-09-11,North,T-04,1086.56,654.3
J-014299,2026-09-11,North,T-02,665.85,440.18
J-014300,2026-09-11,West,T-06,711.04,472.08
J-014301,2026-09-11,North,T-08,621.65,348.35
J-014302,2026-09-11,North,T-02,1099.59,713.64
J-014303,2026-09-11,North,T-11,578.94,375.88
J-014304,2026-09-11,East,T-03,293.22,177.89
J-014305,2026-09-11,West,T-11,793.67,488.44
J-014306,2026-09-12,East,T-08,1488.35,937.69
J-014307,2026-09-12,East,T-12,482.91,361.45
J-014308,2026-09-12,South,T-06,965.7,659.36
J-014309,2026-09-12,North,T-02,1049.16,728.51
J-014310,2026-09-12,East,T-02,578.09,347.72
J-014311,2026-09-12,South,T-08,791.29,525.04
J-014312,2026-09-12,East,T-09,1056.82,642.07
J-014313,2026-09-12,North,T-07,447.75,288.71
J-014314,2026-09-12,North,T-09,277.98,174.53
J-014315,2026-09-12,North,T-06,973.43,681.44
J-014316,2026-09-12,East,T-02,643.27,442.74
J-014317,2026-09-12,North,T-12,540.19,337.1
J-014318,2026-09-12,South,T-07,508.64,321.7
J-014319,2026-09-12,North,T-07,977.38,711.96
J-014320,2026-09-12,South,T-09,590.0,436.47
J-014321,2026-09-12,North,T-08,479.81,326.83
J-014322,2026-09-12,West,T-04,772.05,475.41
J-014323,2026-09-12,North,T-04,439.53,308.5
J-014324,2026-09-12,North,T-03,676.27,424.21
J-014325,2026-09-12,North,T-01,878.39,569.47
J-014326,2026-09-12,North,T-08,502.87,312.6
J-014327,2026-09-12,North,T-02,285.02,193.0
J-014328,2026-09-12,North,T-07,430.07,257.53
J-014329,2026-09-12,South,T-07,573.88,361.11
J-014330,2026-09-12,North,T-01,1268.58,820.43
J-014331,2026-09-12,East,T-03,1623.66,1008.11
J-014332,2026-09-13,South,T-11,307.1,194.98
J-014333,2026-09-13,West,T-12,883.54,616.02
J-014334,2026-09-13,East,T-08,993.43,590.09
J-014335,2026-09-13,East,T-12,891.44,528.24
J-014336,2026-09-13,West,T-11,1322.74,750.56
J-014337,2026-09-13,West,T-04,1338.05,934.33
J-014338,2026-09-13,North,T-08,855.6,572.23
J-014339,2026-09-13,East,T-02,1197.3,666.97
J-014340,2026-09-14,East,T-05,269.3,193.56
J-014341,2026-09-14,East,T-05,585.52,344.13
J-014342,2026-09-14,East,T-02,509.65,384.49
J-014343,2026-09-14,North,T-05,678.92,349.16
J-014344,2026-09-14,East,T-11,842.35,530.65
J-014345,2026-09-14,North,T-05,1059.65,701.68
J-014346,2026-09-14,North,T-10,1168.28,778.35
J-014347,2026-09-14,North,T-07,416.11,250.91
J-014348,2026-09-14,West,T-02,1897.7,1259.12
J-014349,2026-09-14,North,T-12,319.41,196.32
J-014350,2026-09-14,North,T-09,908.64,556.94
J-014351,2026-09-14,South,T-09,1036.28,738.05
J-014352,2026-09-14,West,T-08,433.72,255.79
J-014353,2026-09-14,North,T-02,467.74,355.83
J-014354,2026-09-14,West,T-05,2642.21,1893.26
J-014355,2026-09-14,South,T-11,407.59,250.49
J-014356,2026-09-14,East,T-11,387.56,253.51
J-014357,2026-09-14,North,T-11,1721.49,1109.67
J-014358,2026-09-14,North,T-11,1044.62,605.32
J-014359,2026-09-14,East,T-11,665.49,416.26
J-014360,2026-09-14,North,T-12,421.93,254.99
J-014361,2026-09-14,South,T-04,570.06,341.82
J-014362,2026-09-14,East,T-03,1878.52,1316.22
J-014363,2026-09-14,East,T-12,1017.07,692.8
J-014364,2026-09-14,North,T-11,1176.48,727.91
J-014365,2026-09-14,East,T-01,401.27,223.72
J-014366,2026-09-14,South,T-05,358.42,246.91
J-014367,2026-09-14,North,T-12,453.57,245.09
J-014368,2026-09-15,East,T-07,707.36,465.62
J-014369,2026-09-15,East,T-11,962.71,662.42
J-014370,2026-09-15,West,T-03,489.99,301.78
J-014371,2026-09-15,West,T-06,1572.29,912.53
J-014372,2026-09-15,West,T-11,751.24,497.34
J-014373,2026-09-15,East,T-07,1517.58,938.32
J-014374,2026-09-15,North,T-03,518.25,287.17
J-014375,2026-09-15,West,T-11,502.88,335.78
J-014376,2026-09-15,North,T-02,919.77,596.52
J-014377,2026-09-15,East,T-10,611.9,423.58
J-014378,2026-09-15,East,T-08,1393.31,767.77
J-014379,2026-09-15,West,T-04,391.68,257.75
J-014380,2026-09-15,East,T-09,688.29,443.22
J-014381,2026-09-15,East,T-05,552.14,331.9
J-014382,2026-09-15,South,T-09,1235.85,661.16
J-014383,2026-09-15,South,T-08,831.17,476.98
J-014384,2026-09-15,South,T-07,1078.96,631.13
J-014385,2026-09-15,East,T-10,1213.63,687.52
J-014386,2026-09-15,North,T-01,630.67,429.2
J-014387,2026-09-15,West,T-06,465.42,321.18
J-014388,2026-09-15,South,T-10,635.17,368.12
J-014389,2026-09-15,East,T-07,562.7,365.34
J-014390,2026-09-15,North,T-08,546.86,322.16
J-014391,2026-09-15,North,T-09,681.08,413.62
J-014392,2026-09-15,West,T-01,594.79,472.52
J-014393,2026-09-15,East,T-10,331.31,236.4
J-014394,2026-09-15,South,T-08,935.62,500.57
J-014395,2026-09-15,South,T-01,513.58,387.21
J-014396,2026-09-15,East,T-09,1628.56,994.45
J-014397,2026-09-15,South,T-07,581.18,424.95
J-014398,2026-09-15,North,T-10,632.91,422.99
J-014399,2026-09-15,East,T-02,504.57,376.58
J-014400,2026-09-15,West,T-12,361.84,246.43
J-014401,2026-09-15,South,T-03,776.69,547.22
J-014402,2026-09-15,North,T-07,317.9,206.29
J-014403,2026-09-16,West,T-12,657.02,474.86
J-014404,2026-09-16,North,T-12,1267.41,917.54
J-014405,2026-09-16,North,T-07,1340.86,824.77
J-014406,2026-09-16,South,T-04,971.72,616.23
J-014407,2026-09-16,North,T-05,486.94,311.68
J-014408,2026-09-16,South,T-03,1236.0,863.26
J-014409,2026-09-16,South,T-11,835.06,619.38
J-014410,2026-09-16,North,T-10,721.73,469.11
J-014411,2026-09-16,West,T-03,395.77,230.04
J-014412,2026-09-16,South,T-07,1654.85,1020.11
J-014413,2026-09-16,South,T-01,382.79,269.24
J-014414,2026-09-16,North,T-04,795.29,434.38
J-014415,2026-09-16,East,T-06,1126.79,739.86
J-014416,2026-09-16,North,T-08,1369.5,880.86
J-014417,2026-09-16,South,T-06,482.4,227.72
J-014418,2026-09-16,South,T-08,438.96,336.51
J-014419,2026-09-16,North,T-11,613.44,430.08
J-014420,2026-09-16,North,T-04,501.58,341.96
J-014421,2026-09-16,West,T-08,502.94,264.7
J-014422,2026-09-16,South,T-04,1036.02,665.92
J-014423,2026-09-16,West,T-07,490.61,308.5
J-014424,2026-09-16,South,T-09,664.29,434.39
J-014425,2026-09-16,East,T-08,603.54,416.05
J-014426,2026-09-16,North,T-09,287.28,185.75
J-014427,2026-09-16,North,T-08,1265.5,768.23
J-014428,2026-09-16,West,T-01,673.49,405.83
J-014429,2026-09-16,North,T-05,335.81,218.35
J-014430,2026-09-16,East,T-05,613.77,394.12
J-014431,2026-09-16,North,T-05,598.71,342.59
J-014432,2026-09-16,North,T-11,251.52,137.05
J-014433,2026-09-16,North,T-09,665.46,425.1
J-014434,2026-09-16,East,T-04,1461.74,974.55
J-014435,2026-09-17,North,T-06,511.04,279.77
J-014436,2026-09-17,South,T-03,1178.41,875.24
J-014437,2026-09-17,North,T-10,500.24,340.21
J-014438,2026-09-17,East,T-12,617.27,469.16
J-014439,2026-09-17,West,T-09,1534.45,760.46
J-014440,2026-09-17,South,T-10,238.72,152.56
J-014441,2026-09-17,North,T-03,524.41,345.22
J-014442,2026-09-17,North,T-07,735.59,574.69
J-014443,2026-09-17,East,T-07,719.35,478.55
J-014444,2026-09-17,South,T-12,961.04,689.49
J-014445,2026-09-17,North,T-12,959.85,598.82
J-014446,2026-09-17,East,T-11,607.96,345.56
J-014447,2026-09-17,West,T-10,408.72,223.04
J-014448,2026-09-17,West,T-04,855.02,592.27
J-014449,2026-09-17,West,T-11,738.83,466.32
J-014450,2026-09-17,South,T-08,891.63,619.16
J-014451,2026-09-17,North,T-02,364.66,252.75
J-014452,2026-09-17,East,T-09,269.62,195.33
J-014453,2026-09-17,West,T-06,893.22,595.11
J-014454,2026-09-17,East,T-11,656.52,381.69
J-014455,2026-09-17,West,T-11,2089.97,1342.35
J-014456,2026-09-17,East,T-03,1149.27,745.51
J-014457,2026-09-17,North,T-12,584.24,384.82
J-014458,2026-09-17,North,T-12,1966.75,1208.93
J-014459,2026-09-17,East,T-06,449.05,283.25
J-014460,2026-09-17,East,T-12,348.98,206.46
J-014461,2026-09-17,East,T-07,1353.99,797.15
J-014462,2026-09-17,North,T-10,486.05,307.56
J-014463,2026-09-17,South,T-02,522.3,372.83
J-014464,2026-09-17,West,T-07,409.75,257.02
J-014465,2026-09-18,South,T-02,616.28,379.26
J-014466,2026-09-18,East,T-10,889.34,513.76
J-014467,2026-09-18,East,T-04,1193.59,921.43
J-014468,2026-09-18,West,T-12,1108.0,721.78
J-014469,2026-09-18,West,T-05,1063.92,696.21
J-014470,2026-09-18,North,T-01,1152.86,697.83
J-014471,2026-09-18,West,T-02,259.9,174.98
J-014472,2026-09-18,North,T-08,569.43,302.47
J-014473,2026-09-18,North,T-10,654.04,434.63
J-014474,2026-09-18,South,T-01,404.78,294.19
J-014475,2026-09-18,North,T-01,1128.27,711.29
J-014476,2026-09-18,North,T-03,1335.69,955.02
J-014477,2026-09-18,South,T-02,486.05,312.97
J-014478,2026-09-18,North,T-10,442.83,296.51
J-014479,2026-09-18,North,T-04,1080.38,790.17
J-014480,2026-09-18,West,T-08,675.6,448.07
J-014481,2026-09-18,East,T-08,1044.34,664.74
J-014482,2026-09-18,South,T-02,821.31,539.51
J-014483,2026-09-18,South,T-05,1943.02,1272.57
J-014484,2026-09-18,East,T-04,636.69,358.25
J-014485,2026-09-18,West,T-02,329.08,212.65
J-014486,2026-09-18,West,T-03,923.89,530.11
J-014487,2026-09-18,East,T-05,740.08,480.17
J-014488,2026-09-19,South,T-05,489.77,341.22
J-014489,2026-09-19,East,T-04,600.58,411.21
J-014490,2026-09-19,East,T-06,400.06,281.38
J-014491,2026-09-19,East,T-10,786.95,517.61
J-014492,2026-09-19,East,T-09,637.91,409.41
J-014493,2026-09-19,North,T-09,1014.19,699.28
J-014494,2026-09-19,East,T-06,2383.48,1524.54
J-014495,2026-09-19,East,T-03,1278.24,787.91
J-014496,2026-09-19,East,T-07,1697.05,1132.47
J-014497,2026-09-19,South,T-12,2022.88,1367.76
J-014498,2026-09-19,East,T-05,963.8,696.87
J-014499,2026-09-19,South,T-09,802.01,588.29
J-014500,2026-09-19,South,T-01,500.01,336.67
J-014501,2026-09-19,West,T-09,1171.53,775.69
J-014502,2026-09-19,South,T-04,1101.27,754.09
J-014503,2026-09-20,North,T-06,618.88,408.11
J-014504,2026-09-20,East,T-09,756.01,419.28
J-014505,2026-09-20,South,T-06,603.37,412.29
J-014506,2026-09-20,South,T-11,463.39,300.99
J-014507,2026-09-20,South,T-08,383.93,254.83
J-014508,2026-09-20,East,T-04,706.49,462.9
J-014509,2026-09-20,East,T-02,688.23,438.27
J-014510,2026-09-20,South,T-10,397.27,263.22
J-014511,2026-09-20,East,T-09,833.42,489.2
J-014512,2026-09-21,West,T-07,506.32,386.73
J-014513,2026-09-21,South,T-07,870.84,637.06
J-014514,2026-09-21,North,T-05,516.19,287.09
J-014515,2026-09-21,North,T-11,725.76,453.57
J-014516,2026-09-21,North,T-01,313.27,229.0
J-014517,2026-09-21,North,T-06,894.15,608.67
J-014518,2026-09-21,West,T-04,721.68,448.14
J-014519,2026-09-21,North,T-05,292.21,236.04
J-014520,2026-09-21,North,T-09,2444.88,1518.59
J-014521,2026-09-21,North,T-01,305.3,190.97
J-014522,2026-09-21,East,T-04,1178.68,808.41
J-014523,2026-09-21,North,T-05,378.67,244.11
J-014524,2026-09-21,West,T-08,738.62,467.62
J-014525,2026-09-21,North,T-05,612.33,410.95
J-014526,2026-09-21,South,T-11,493.1,314.65
J-014527,2026-09-21,West,T-10,321.48,219.66
J-014528,2026-09-21,North,T-03,446.84,299.08
J-014529,2026-09-21,North,T-08,1132.84,806.62
J-014530,2026-09-21,North,T-06,636.44,379.6
J-014531,2026-09-21,East,T-11,440.63,262.31
J-014532,2026-09-21,South,T-08,670.05,345.76
J-014533,2026-09-21,North,T-12,1491.49,953.76
J-014534,2026-09-21,South,T-01,644.17,378.14
J-014535,2026-09-21,West,T-07,1810.39,1100.72
J-014536,2026-09-21,East,T-05,579.69,373.66
J-014537,2026-09-21,North,T-12,425.31,271.84
J-014538,2026-09-22,East,T-03,760.89,520.22
J-014539,2026-09-22,North,T-07,983.62,654.93
J-014540,2026-09-22,West,T-05,860.49,526.76
J-014541,2026-09-22,West,T-01,877.61,655.34
J-014542,2026-09-22,North,T-02,585.83,308.56
J-014543,2026-09-22,North,T-08,564.66,293.66
J-014544,2026-09-22,West,T-07,1071.12,639.77
J-014545,2026-09-22,North,T-07,1045.78,545.96
J-014546,2026-09-22,West,T-09,1545.48,1050.16
J-014547,2026-09-22,South,T-01,562.19,370.51
J-014548,2026-09-22,North,T-04,865.14,446.32
J-014549,2026-09-22,North,T-12,638.89,444.03
J-014550,2026-09-22,North,T-02,381.74,237.16
J-014551,2026-09-22,South,T-08,1157.62,721.48
J-014552,2026-09-22,North,T-02,317.35,209.77
J-014553,2026-09-22,North,T-01,989.54,615.34
J-014554,2026-09-22,South,T-03,649.65,395.93
J-014555,2026-09-22,South,T-06,566.27,358.93
J-014556,2026-09-22,East,T-07,359.81,208.07
J-014557,2026-09-22,North,T-09,892.5,553.05
J-014558,2026-09-22,North,T-07,447.76,240.81
J-014559,2026-09-22,East,T-06,427.83,240.86
J-014560,2026-09-22,South,T-12,645.47,374.97
J-014561,2026-09-22,East,T-08,449.59,243.61
J-014562,2026-09-22,South,T-08,459.58,297.03
J-014563,2026-09-22,South,T-05,496.26,396.99
J-014564,2026-09-22,South,T-01,348.88,215.99
J-014565,2026-09-22,East,T-03,994.22,600.76
J-014566,2026-09-22,East,T-01,1107.08,778.51
J-014567,2026-09-22,South,T-01,996.84,705.18
J-014568,2026-09-22,North,T-08,834.39,614.69
J-014569,2026-09-23,East,T-03,979.03,586.86
J-014570,2026-09-23,North,T-09,572.16,363.78
J-014571,2026-09-23,South,T-11,681.69,444.86
J-014572,2026-09-23,West,T-10,1651.27,1083.2
J-014573,2026-09-23,North,T-07,663.87,461.04
J-014574,2026-09-23,East,T-05,601.0,429.76
J-014575,2026-09-23,West,T-01,668.16,410.17
J-014576,2026-09-23,North,T-07,430.06,292.52
J-014577,2026-09-23,South,T-09,757.41,476.11
J-014578,2026-09-23,East,T-03,306.3,199.1
J-014579,2026-09-23,North,T-02,998.35,585.29
J-014580,2026-09-23,South,T-10,624.34,324.01
J-014581,2026-09-23,West,T-02,1679.02,1129.84
J-014582,2026-09-23,East,T-05,1111.53,596.33
J-014583,2026-09-23,East,T-06,1302.27,714.36
J-014584,2026-09-23,East,T-01,552.43,399.16
J-014585,2026-09-23,North,T-02,584.56,338.45
J-014586,2026-09-23,North,T-07,674.31,458.05
J-014587,2026-09-23,East,T-09,439.14,265.4
J-014588,2026-09-23,South,T-11,572.93,339.44
J-014589,2026-09-23,West,T-04,387.23,257.8
J-014590,2026-09-23,South,T-10,859.79,580.82
J-014591,2026-09-23,East,T-10,692.14,414.79
J-014592,2026-09-23,South,T-05,614.59,392.91
J-014593,2026-09-23,West,T-11,818.81,497.31
J-014594,2026-09-23,South,T-04,323.25,210.51
J-014595,2026-09-24,North,T-10,249.03,158.17
J-014596,2026-09-24,West,T-07,2489.88,1674.5
J-014597,2026-09-24,South,T-06,662.13,376.32
J-014598,2026-09-24,North,T-02,259.81,194.2
J-014599,2026-09-24,North,T-04,448.4,290.29
J-014600,2026-09-24,South,T-07,1466.05,892.55
J-014601,2026-09-24,West,T-04,716.12,450.84
J-014602,2026-09-24,North,T-03,469.46,275.28
J-014603,2026-09-24,North,T-10,357.68,250.83
J-014604,2026-09-24,South,T-05,788.28,488.44
J-014605,2026-09-24,North,T-11,941.02,631.41
J-014606,2026-09-24,East,T-07,643.19,478.7
J-014607,2026-09-24,North,T-05,494.23,348.38
J-014608,2026-09-24,East,T-01,1570.39,1039.52
J-014609,2026-09-24,South,T-07,975.9,631.43
J-014610,2026-09-24,East,T-06,445.24,331.27
J-014611,2026-09-24,East,T-09,1134.15,760.28
J-014612,2026-09-24,North,T-12,724.75,387.07
J-014613,2026-09-24,East,T-04,364.21,244.18
J-014614,2026-09-24,East,T-11,479.96,269.86
J-014615,2026-09-24,West,T-01,1867.11,1534.28
J-014616,2026-09-24,East,T-12,341.59,196.79
J-014617,2026-09-24,North,T-08,1950.86,1354.46
J-014618,2026-09-24,West,T-02,870.46,508.81
J-014619,2026-09-24,West,T-06,710.81,492.57
J-014620,2026-09-24,South,T-01,780.27,504.07
J-014621,2026-09-24,North,T-03,722.4,458.18
J-014622,2026-09-24,North,T-03,447.68,328.81
J-014623,2026-09-24,East,T-09,664.54,455.56
J-014624,2026-09-24,West,T-06,717.14,484.19
J-014625,2026-09-25,South,T-02,1281.7,808.22
J-014626,2026-09-25,West,T-09,615.0,424.36
J-014627,2026-09-25,South,T-09,467.02,298.13
J-014628,2026-09-25,West,T-07,370.18,248.04
J-014629,2026-09-25,North,T-03,1201.09,865.97
J-014630,2026-09-25,East,T-06,669.14,407.38
J-014631,2026-09-25,East,T-06,711.85,415.85
J-014632,2026-09-25,North,T-03,1085.51,636.77
J-014633,2026-09-25,South,T-08,851.71,552.03
J-014634,2026-09-25,East,T-02,554.85,332.63
J-014635,2026-09-25,South,T-10,1698.87,1123.9
J-014636,2026-09-25,North,T-02,542.71,288.58
J-014637,2026-09-25,West,T-03,1042.71,793.1
J-014638,2026-09-25,West,T-12,774.8,477.79
J-014639,2026-09-25,East,T-09,507.83,342.48
J-014640,2026-09-25,West,T-02,878.6,532.07
J-014641,2026-09-25,West,T-05,837.44,632.49
J-014642,2026-09-25,North,T-05,309.31,206.1
J-014643,2026-09-25,South,T-05,1495.36,989.36
J-014644,2026-09-25,South,T-09,816.03,556.1
J-014645,2026-09-25,South,T-09,631.31,403.94
J-014646,2026-09-25,East,T-10,333.4,232.5
J-014647,2026-09-25,South,T-01,530.17,364.95
J-014648,2026-09-25,South,T-09,122.14,69.26
J-014649,2026-09-25,East,T-06,1598.26,970.7
J-014650,2026-09-25,North,T-11,597.69,331.95
J-014651,2026-09-25,North,T-12,609.7,453.77
J-014652,2026-09-25,South,T-05,580.9,396.05
J-014653,2026-09-25,East,T-11,301.93,208.06
J-014654,2026-09-25,West,T-05,454.37,318.42
J-014655,2026-09-25,East,T-10,312.61,186.29
J-014656,2026-09-25,North,T-12,517.87,320.83
J-014657,2026-09-25,East,T-06,592.11,369.25
J-014658,2026-09-25,North,T-08,945.74,640.67
J-014659,2026-09-25,South,T-11,526.26,351.85
J-014660,2026-09-25,East,T-09,785.6,441.13
J-014661,2026-09-25,South,T-11,1062.34,689.16
J-014662,2026-09-25,North,T-06,503.5,347.79
J-014663,2026-09-25,South,T-10,571.65,340.13
J-014664,2026-09-25,North,T-11,216.24,115.56
J-014665,2026-09-26,South,T-04,1059.34,700.88
J-014666,2026-09-26,South,T-03,416.66,264.19
J-014667,2026-09-26,East,T-06,876.02,526.45
J-014668,2026-09-26,West,T-02,420.74,257.16
J-014669,2026-09-26,South,T-03,659.04,446.66
J-014670,2026-09-26,South,T-08,448.57,323.49
J-014671,2026-09-26,South,T-02,1496.19,943.58
J-014672,2026-09-26,North,T-12,449.22,270.78
J-014673,2026-09-26,East,T-10,446.55,263.02
J-014674,2026-09-27,East,T-08,798.0,433.02
J-014675,2026-09-27,East,T-02,1080.37,674.65
J-014676,2026-09-27,North,T-11,746.71,501.58
J-014677,2026-09-27,South,T-04,487.13,291.89
J-014678,2026-09-27,North,T-01,554.9,393.59
J-014679,2026-09-27,West,T-12,513.08,301.33
J-014680,2026-09-27,West,T-11,822.6,519.85
J-014681,2026-09-27,South,T-10,808.99,500.87
J-014682,2026-09-27,West,T-06,510.96,364.43
J-014683,2026-09-28,East,T-05,493.76,283.48
J-014684,2026-09-28,North,T-01,253.17,205.77
J-014685,2026-09-28,North,T-04,1592.28,1035.7
J-014686,2026-09-28,North,T-11,326.46,206.47
J-014687,2026-09-28,North,T-02,613.93,402.05
J-014688,2026-09-28,North,T-09,1190.98,657.91
J-014689,2026-09-28,East,T-09,253.27,171.53
J-014690,2026-09-28,West,T-03,1373.4,917.42
J-014691,2026-09-28,West,T-02,536.7,322.96
J-014692,2026-09-28,West,T-05,780.03,450.12
J-014693,2026-09-28,West,T-12,649.95,380.13
J-014694,2026-09-28,North,T-12,450.1,288.07
J-014695,2026-09-28,East,T-01,466.69,236.77
J-014696,2026-09-28,South,T-11,568.25,336.06
J-014697,2026-09-28,North,T-05,595.18,358.34
J-014698,2026-09-28,South,T-04,413.49,258.37
J-014699,2026-09-28,West,T-12,292.01,167.3
J-014700,2026-09-28,South,T-07,458.52,292.74
J-014701,2026-09-28,North,T-08,911.88,620.07
J-014702,2026-09-28,North,T-07,339.55,211.29
J-014703,2026-09-28,North,T-06,1037.55,749.51
J-014704,2026-09-28,North,T-06,1175.08,773.46
J-014705,2026-09-28,North,T-03,1092.75,607.83
J-014706,2026-09-28,West,T-02,331.9,250.5
J-014707,2026-09-28,East,T-03,1179.03,783.51
J-014708,2026-09-29,South,T-04,647.09,441.19
J-014709,2026-09-29,South,T-02,1599.12,993.62
J-014710,2026-09-29,North,T-01,381.46,278.51
J-014711,2026-09-29,South,T-02,771.79,531.65
J-014712,2026-09-29,West,T-01,677.4,473.18
J-014713,2026-09-29,North,T-02,162.98,95.17
J-014714,2026-09-29,East,T-02,1379.37,704.83
J-014715,2026-09-29,East,T-10,340.23,222.17
J-014716,2026-09-29,East,T-11,341.55,227.41
J-014717,2026-09-29,South,T-07,2377.1,1735.9
J-014718,2026-09-29,South,T-03,1481.17,1027.29
J-014719,2026-09-29,North,T-12,564.51,375.65
J-014720,2026-09-29,East,T-11,897.3,556.36
J-014721,2026-09-29,West,T-08,325.81,217.17
J-014722,2026-09-29,North,T-06,505.54,332.2
J-014723,2026-09-29,South,T-04,620.09,436.6
J-014724,2026-09-29,North,T-10,1106.5,663.85
J-014725,2026-09-29,East,T-03,423.99,249.36
J-014726,2026-09-29,North,T-05,523.37,323.14
J-014727,2026-09-29,South,T-04,351.34,227.93
J-014728,2026-09-29,South,T-08,1311.62,868.01
J-014729,2026-09-29,East,T-10,625.98,415.94
J-014730,2026-09-29,East,T-08,426.17,289.89
J-014731,2026-09-29,South,T-08,465.89,339.79
J-014732,2026-09-29,South,T-09,1090.66,654.0
J-014733,2026-09-29,South,T-03,619.33,428.45
J-014734,2026-09-29,East,T-08,309.61,177.65
J-014735,2026-09-30,North,T-10,473.2,297.04
J-014736,2026-09-30,North,T-03,470.79,304.41
J-014737,2026-09-30,North,T-08,1125.39,729.03
J-014738,2026-09-30,North,T-05,519.27,353.8
J-014739,2026-09-30,East,T-11,1255.34,674.55
J-014740,2026-09-30,West,T-05,794.51,575.4
J-014741,2026-09-30,South,T-10,338.6,209.53
J-014742,2026-09-30,North,T-06,1084.42,727.69
J-014743,2026-09-30,East,T-01,1283.83,774.31
J-014744,2026-09-30,North,T-09,528.46,308.81
J-014745,2026-09-30,North,T-02,822.99,571.72
J-014746,2026-09-30,West,T-07,661.88,368.37
J-014747,2026-09-30,North,T-09,644.55,376.22
J-014748,2026-09-30,East,T-06,1108.79,732.22
J-014749,2026-09-30,North,T-11,1187.71,799.43
J-014750,2026-09-30,South,T-08,463.03,317.08
J-014751,2026-09-30,North,T-10,531.23,295.44
J-014752,2026-09-30,South,T-03,689.78,460.79
J-014753,2026-09-30,South,T-12,579.45,378.48
J-014754,2026-09-30,West,T-01,482.7,324.49
J-014755,2026-09-30,South,T-10,307.27,198.26
J-014756,2026-09-30,South,T-10,1651.2,1184.08
J-014757,2026-09-30,North,T-08,934.26,639.62
J-014758,2026-09-30,North,T-06,422.38,283.7
J-014759,2026-09-30,East,T-04,589.58,423.88
J-014760,2026-09-30,East,T-09,1429.43,913.48
J-014761,2026-09-30,South,T-11,578.76,366.42
J-014762,2026-09-30,South,T-07,381.6,260.58
J-014763,2026-09-30,South,T-12,2237.45,1465.29
J-014764,2026-09-30,West,T-08,1343.04,967.87
